icao_id,name,latitude,longitude,type
AGGA,Auki Arpt,-8.703,160.682,TAF
AGGC,Choiseul Bay Arpt,-6.712,156.396,METAR|TAF
AGGH,Honiara/Henderson Arpt,-9.43,160.047,METAR|TAF
AGGK,Kirakira Arpt,-10.45,161.898,TAF
AGGL,Santa Cruz,-10.719,165.798,METAR|TAF
AGGM,Munda Arpt,-8.327,157.263,METAR|TAF
AGGN,Nusatupe/Gizo Arpt,-8.098,156.864,TAF
AGGR,Rennell Tingoa Arpt,-11.55,160.063,TAF
ANYN,Nauru Intl,-0.547,166.919,METAR|TAF
AYGN,Alotau/Gurney Arpt,-10.311,150.334,METAR|TAF
AYMD,Madang,-5.22,145.78,METAR|TAF
AYMH,Mt Hagan Arpt,-5.831,144.3,METAR|TAF
AYMO,Manus Isl/Momote Arpt,-2.061,147.425,METAR|TAF
AYNZ,Nadzab Arpt,-6.568,146.727,METAR|TAF
AYPY,Port Moresby Intl,-9.443,147.216,METAR|TAF
AYVN,Vanimo Arpt,-2.687,141.298,METAR|TAF
AYWK,Wewak Arpt,-3.581,143.668,METAR|TAF
AZUH,Nakhchivan Intl,39.191,45.453,METAR
BGAA,Aasiaat Arpt,68.721,-52.784,METAR|TAF
BGAM,Tasiilaq,65.612,-37.618,METAR|TAF
BGAS,Angisoq,59.988,-45.173,METAR
BGAT,Aputiteeq,67.783,-32.285,METAR
BGBW,Narssarssuaq Arpt,61.164,-45.42,METAR|TAF
BGCO,Constable Pynt/Inaat Arpt,70.741,-22.642,METAR|TAF
BGDB,Daneborg,74.299,-20.22,METAR
BGDH,Danmarkshavn,76.767,-18.667,METAR
BGEM,Egedesminde,68.72,-52.794,METAR
BGFH,Frederikshaab,62.013,-49.669,METAR
BGGD,Groennedal,61.222,-48.111,METAR
BGGH,Godthab/Nuuk Arpt,64.191,-51.677,METAR|TAF
BGHB,Holsteinsborg,66.92,-53.67,METAR
BGJH,Julianehaab,60.716,-46.029,METAR
BGJN,Ilulissat Arpt,69.24,-51.064,METAR|TAF
BGKK,Kulusuk Arpt,65.575,-37.133,METAR|TAF
BGKT,Uunarted,70.42,-21.97,METAR
BGMQ,Maniitsoq Arpt,65.412,-52.934,METAR|TAF
BGPC,Prins Christian,60.055,-43.165,METAR
BGPT,Paamiut Arpt,62.013,-49.669,METAR|TAF
BGQQ,Qaanaaq Arpt,77.486,-69.375,METAR|TAF
BGSC,Scoresbysund,70.488,-21.972,METAR
BGSF,Stroemfjord Arpt,67.013,-50.718,METAR|TAF
BGSS,Sisimiut Arpt,66.951,-53.723,METAR|TAF
BGTL,Thule,76.527,-68.758,METAR|TAF
BGUK,Upernavik Arpt,72.798,-56.129,METAR|TAF
BGUQ,Uummanaq Arpt,70.733,-52.695,METAR|TAF
BIAR,Akureyri Arpt,65.655,-18.069,METAR|TAF
BIBD,Bildudalur Arpt,65.645,-23.543,METAR|TAF
BIEG,Egilsstaðir Arpt,65.275,-14.409,METAR|TAF
BIGJ,Gjögur Arpt,65.994,-21.329,METAR|TAF
BIGR,Grímsey Arpt,66.548,-18.02,METAR|TAF
BIHN,Höfn/Hornafjörður Arpt,64.301,-15.227,METAR|TAF
BIHU,Huasij Arpt,65.952,-17.426,METAR|TAF
BIIS,Ísafjörður Arpt,66.056,-23.143,METAR|TAF
BIKF,Keflavik Intl,63.987,-22.614,METAR|TAF
BIRG,Raufarhofn,66.45,-15.95,METAR
BIRK,Reykjavik Arpt,64.129,-21.941,METAR|TAF
BIST,Stykkisholmur,65.074,-22.734,METAR
BITN,Þórshöfn Arpt,66.218,-15.336,METAR|TAF
BIVM,Vestmannaeyjar Arpt,63.424,-20.278,METAR|TAF
BIVO,Vopnafjörður Arpt,65.72,-14.85,METAR|TAF
BKPR,Pristina Intl,42.576,21.03,METAR|TAF
CAHR,Harrington,46.344,-63.17,METAR
CBBC,Bella Bella Arpt,52.181,-128.154,METAR|TAF
CERM,Edmundston,47.417,-68.325,METAR
CMFM,Fort Montmorency,47.323,-71.148,METAR
CMGB,Granby,45.373,-72.774,METAR
CPBT,Blood Tribe AG,49.543,-113.049,METAR
CPEH,Enchant,50.172,-112.438,METAR
CPFI,Fincastle,49.805,-112.037,METAR
CPIN,Bernard Harbour,68.755,-114.94,METAR
CPIR,Iron Springs,49.901,-112.745,METAR
CPRO,Rosemary,50.826,-112.06,METAR
CPRY,Raymond,49.488,-112.674,METAR
CPST,Strathmore,51.02,-113.27,METAR
CPSV,Seven Persons,49.92,-110.915,METAR
CPXL,Bow Island North,49.866,-111.386,METAR
CTCK,Moose Creek,45.251,-74.963,METAR
CTNK,Algonquin Park/East,45.533,-78.266,METAR
CTPP,Camp Canargus,18.57,-72.31,METAR
CTRA,Rawson Lake,49.664,-93.733,METAR
CWAB,Trowbridge,48.3,-88.87,METAR
CWAC,Nitinat Lake,48.67,-124.83,METAR
CWAD,Cape Mudge Light,49.999,-125.196,METAR
CWAE,Whistler,50.129,-122.955,METAR
CWAF,Ile Rouge,48.069,-69.556,METAR
CWAG,La Scie,49.917,-55.667,METAR
CWAH,Amherst,45.85,-64.27,METAR
CWAJ,Erieau,42.256,-81.909,METAR
CWAN,Amphitrite Poin,48.922,-125.541,METAR
CWAQ,Coronach,49.05,-105.483,METAR
CWAR,Argentia/Bristol Fld,47.294,-53.993,METAR
CWAU,Dryad Point Light,52.18,-128.12,METAR
CWAV,Sundre Arpt,51.777,-114.681,METAR
CWAX,Saint Anthony,51.39,-56.081,METAR
CWBA,Barrage Temiscaming,46.71,-79.101,METAR
CWBD,Indian Head,50.557,-103.652,METAR
CWBE,Killarney Arpt,45.978,-81.493,METAR
CWBF,Burgeo,47.62,-57.63,METAR
CWBG,Big Creek,51.26,-123.092,METAR
CWBI,Britt,45.8,-80.53,METAR
CWBK,Caribou Pt,45.764,-62.681,METAR
CWBM,Beaverlodge,55.197,-119.397,METAR
CWBO,Brooks,50.55,-111.849,METAR
CWBR,Brown Lake,66.03,-91.83,METAR
CWBS,Lac St Pierre?,46.189,-72.916,METAR
CWBT,Longue Pt de Mingan,50.271,-64.226,METAR
CWBU,Nipawin Arpt,53.333,-104.005,METAR
CWBV,Beaver Island,44.825,-62.338,METAR
CWBY,Port Menier Arpt,49.839,-64.293,METAR
CWBZ,St Anicet,45.121,-74.289,METAR
CWCF,Berens River Arpt,52.36,-97.022,METAR
CWCH,Atikokan,48.761,-91.628,METAR
CWCI,Caribou Isl,47.341,-85.807,METAR
CWCJ,Pukaskwa Park,48.588,-86.295,METAR
CWCL,Clinton,51.145,-121.505,METAR
CWCO,Collingwood Arpt,44.5,-80.217,METAR
CWCT,Coronation Arpt,52.074,-111.448,METAR
CWCU,Barrie,44.38,-79.78,METAR
CWCV,Nootka LH,49.593,-126.615,METAR
CWCZ,Addenbroke IL,51.604,-127.864,METAR
CWDA,Englee,50.721,-56.113,METAR
CWDC,Uranium City Arpt,59.56,-108.487,METAR
CWDD,Belle River,42.297,-82.706,METAR
CWDF,Oliphant/Ont,44.717,-81.275,METAR
CWDH,Daniel's Harbou,50.236,-57.581,METAR
CWDI,Badger,48.965,-56.069,METAR
CWDJ,Regina University,50.408,-104.58,METAR
CWDK,Claresholm Ind Arpt,50.006,-113.631,METAR
CWDL,Dease Lake Arpt,58.423,-130.031,METAR
CWDM,Chevery Arpt,50.465,-59.64,METAR
CWDO,Twillingate,49.688,-54.8,METAR
CWDQ,La Tuque Arpt,47.415,-72.788,METAR
CWDT,Chute Des Passes,49.84,-71.168,METAR
CWDV,Upsala,49.033,-90.467,METAR
CWDZ,Drumheller East,51.445,-112.677,METAR
CWEB,Estevan Pt,49.383,-126.543,METAR
CWEC,Welcome Isl,48.369,-89.119,METAR
CWEE,Chamouchouane,49.279,-73.356,METAR
CWEF,St Paul Island,47.226,-60.141,METAR
CWEH,Eastend Cypress,49.438,-108.989,METAR
CWEI,Melita,49.283,-100.985,METAR
CWEK,Grey Islet,54.58,-130.698,METAR
CWEL,Entrance Isl,49.209,-123.808,METAR
CWEM,Egg Island Light,51.25,-127.836,METAR
CWEO,Lac Eon,51.867,-63.284,METAR
CWEP,East Point,46.46,-61.988,METAR
CWEQ,Swan River Arpt,52.115,-101.233,METAR
CWER,Ile D'Orleans,46.997,-70.808,METAR
CWES,Cape Scott Light,50.786,-128.43,METAR
CWET,Egbert,44.23,-79.78,METAR
CWEU,Eureka,79.989,-85.934,METAR
CWEW,L Assomption,45.809,-73.435,METAR
CWEZ,Saturna Isl,48.783,-123.046,METAR
CWFD,Cape Dyer Arpt,66.595,-61.578,METAR
CWFF,Melfort,52.817,-104.601,METAR
CWFG,Sartine Isl,50.819,-128.906,METAR
CWFJ,Cardston,49.2,-113.278,METAR
CWFM,Chatham Point,50.333,-125.446,METAR
CWFQ,Frelighsburg,45.05,-72.861,METAR
CWFR,Horsefly River,52.29,-121.044,METAR
CWGB,Ballenas Isl,49.336,-124.149,METAR
CWGD,Goderich Muni,43.765,-81.712,METAR
CWGH,Grenadier Island,44.417,-75.847,METAR
CWGL,Lagoon City,44.55,-79.218,METAR
CWGM,Waterton Park Gate,49.133,-113.806,METAR
CWGN,Gretna,49.031,-97.56,METAR
CWGQ,Roquemaure,48.63,-79.45,METAR
CWGR,Îles-de-la-Madeleine,47.425,-61.775,METAR
CWGT,Sisters Isl,49.487,-124.435,METAR
CWGW,Sparwood,49.745,-114.884,METAR
CWGX,Gillam,56.359,-94.704,METAR
CWGY,Esther 1,51.67,-110.206,METAR
CWGZ,Grise Fiord Arpt,76.423,-82.902,METAR
CWHA,Highvale,53.45,-114.47,METAR
CWHC,Vancouver,49.295,-123.122,METAR
CWHH,Hunters Point M,53.03,-100.94,METAR
CWHI,Three Hills,51.697,-113.217,METAR
CWHL,Holland Rock,54.172,-130.361,METAR
CWHM,Varennes,45.723,-73.377,METAR
CWHN,Jimmy Lake,54.908,-109.962,METAR
CWHO,Hopedale Arpt,55.448,-60.23,METAR
CWHP,Heath Point,49.085,-61.701,METAR
CWHQ,Deschambaults,46.691,-71.972,METAR
CWHT,Haines Junction,60.773,-137.581,METAR
CWHV,Beauceville,46.205,-70.785,METAR
CWHY,Mont-Orford,45.32,-72.25,METAR
CWIA,St-Henri,48.65,-71.84,METAR
CWIC,Isachsen,78.792,-103.554,METAR
CWID,Fort Providence Arpt,61.317,-117.605,METAR
CWIE,Indian River,64.38,-115.02,METAR
CWIF,Quatsino Light,50.441,-128.032,METAR
CWIG,Ile Aux Grues Arpt,47.074,-70.533,METAR
CWII,Victoria Beach,50.695,-96.562,METAR
CWIJ,Lupin,65.756,-111.246,METAR
CWIK,Broadview,50.366,-102.567,METAR
CWIL,Hat Island,68.317,-100.067,METAR
CWIO,Iskut River,56.733,-131.667,METAR
CWIP,Pointe Noire,50.162,-66.434,METAR
CWIQ,Primrose Lake,54.751,-110.053,METAR
CWIS,Charlevoix,47.284,-70.637,METAR
CWIT,St Clothilde,45.167,-73.678,METAR
CWIU,St. Gedeon,48.48,-71.78,METAR
CWIW,Watrous East,51.667,-105.4,METAR
CWIX,Mistook,48.598,-71.716,METAR
CWIY,St Leonard Arpt,47.158,-67.832,METAR
CWIZ,L'Acadie,45.294,-73.35,METAR
CWJB,Ste Foy,46.781,-71.288,METAR
CWJC,Ennadai Lake,61.132,-100.884,METAR
CWJD,Grand Rapids,53.187,-99.268,METAR
CWJG,Ivory Island,52.27,-128.407,METAR
CWJH,Southend Arpt,56.333,-103.283,METAR
CWJI,Assiniboia Arpt,49.729,-105.946,METAR
CWJM,Upper Rideau Lake,44.703,-76.295,METAR
CWJN,Herschel Isl,69.568,-138.913,METAR
CWJO,Jonquiere,48.425,-71.143,METAR
CWJR,Creston,49.04,-116.483,METAR
CWJT,St Jovite,46.08,-74.556,METAR
CWJU,Langara,54.255,-133.058,METAR
CWJV,Vernon,50.223,-119.194,METAR
CWJW,Jasper/Warden,52.926,-118.03,METAR
CWJX,Leader Arpt,50.876,-109.501,METAR
CWKD,Bonnard,50.729,-71.013,METAR
CWKG,Kejimkujik 1,44.432,-65.203,METAR
CWKH,Malahat,48.568,-123.542,METAR
CWKK,Katatota Island,49.713,-88.332,METAR
CWKM,Komakuk Beach Arpt,69.595,-140.174,METAR
CWKO,Rockglen,49.168,-105.979,METAR
CWKP,Keats Point,69.673,-121.673,METAR
CWKS,Sikanni Chief,57.25,-122.718,METAR
CWKV,Hope Slide,49.276,-121.236,METAR
CWKW,Cape Kakkiviak,59.985,-64.165,METAR
CWKX,Dease Lake,58.429,-130.011,METAR
CWLA,Langara,54.25,-133.05,METAR
CWLB,Lac La Biche Arpt,54.769,-112.024,METAR
CWLC,Lucy Isl,54.296,-130.609,METAR
CWLE,Lucky Lake,50.951,-107.143,METAR
CWLF,Lansdowne House,52.196,-87.936,METAR
CWLI,Liverpool Bay,69.604,-130.893,METAR
CWLM,Victoria,48.413,-123.325,METAR
CWLO,Shilo,49.783,-99.642,METAR
CWLP,Herbert Isl,50.94,-127.632,METAR
CWLS,Mount Forest,43.983,-80.74,METAR
CWLT,Alert,82.512,-62.317,METAR
CWLU,Lauzon,46.833,-71.157,METAR
CWLX,Longstaff Bluff,68.899,-75.141,METAR
CWLY,Lytton,50.224,-121.582,METAR
CWLZ,Candle Lake,53.73,-105.27,TAF
CWMD,Mould Bay Camp,76.23,-119.32,METAR
CWME,Cathedral Pt,52.187,-127.471,METAR
CWMI,Miscou Isl,48.009,-64.494,METAR
CWMJ,Maniwaki Arpt,46.275,-75.992,METAR
CWMM,Pitt Meadows,49.208,-122.69,METAR
CWMQ,Maplecreek Arpt,49.903,-109.466,METAR
CWMR,Merry Island,49.468,-123.912,METAR
CWMS,McInnes Island,52.262,-128.722,METAR
CWMT,Whati Arpt,63.134,-117.245,METAR
CWMZ,Western Isl,45.033,-80.367,METAR
CWNB,S.E. Shoal,41.833,-82.467,METAR
CWNC,Cobourg,43.951,-78.165,METAR
CWND,Pelly Island,69.632,-135.445,METAR
CWNE,North Point,47.058,-63.997,METAR
CWNH,Riviere Du Loup,47.806,-69.548,METAR
CWNJ,Green IL,54.569,-130.707,METAR
CWNK,Carman U Of MB,49.498,-98.03,METAR
CWNL,Great Duck Island,45.638,-82.948,METAR
CWNM,Nelson Muni,49.491,-117.305,METAR
CWNP,Nakusp Arpt,50.269,-117.817,METAR
CWNQ,Nicolet,46.226,-72.657,METAR
CWNX,Nechako River,53.684,-124.837,METAR
CWNZ,Nagagami,49.747,-84.164,METAR
CWOB,Brevoort Island,63.34,-64.155,METAR
CWOC,New Carlisle,48.012,-65.332,METAR
CWOD,Normandin,48.842,-72.546,METAR
CWOE,Onefour,49.123,-110.469,METAR
CWOK,Elbow,51.126,-106.583,METAR
CWOU,Primrose Lake 2,54.774,-110.066,METAR
CWOY,Wynyard,51.767,-104.2,METAR
CWPB,Beausoleil Isl,44.85,-79.87,METAR
CWPC,Port Colborne,42.868,-79.253,METAR
CWPD,Parc Des Laurentid,47.562,-71.229,METAR
CWPE,Point Lepreau,45.058,-66.459,METAR
CWPF,Esquimalt Harbor,48.432,-123.439,METAR
CWPI,Pine Island,50.976,-127.728,METAR
CWPJ,Pt. Escuminac,47.07,-64.8,METAR
CWPK,Parent,47.922,-74.624,METAR
CWPO,Pilot Mound,49.191,-98.905,METAR
CWPQ,Montreal-Est,45.597,-73.602,METAR
CWPR,Princeton Arpt,49.468,-120.514,METAR
CWPS,Long Point,42.549,-80.049,METAR
CWPU,Puntzi Mtn,52.114,-124.136,METAR
CWPX,Cape Peel West,69.036,-107.823,METAR
CWPZ,Burns Lake Arpt,54.383,-125.959,METAR
CWQC,Port Alberni,49.317,-124.927,METAR
CWQH,Lennoxville,45.369,-71.824,METAR
CWQK,Race Rocks,48.298,-123.531,METAR
CWQO,Ile Bicquette,48.416,-68.893,METAR
CWQP,Point Petre,43.84,-77.153,METAR
CWQR,Ile aux Perroquets,50.221,-64.207,METAR
CWQS,Kindakun Rocks,53.316,-132.772,METAR
CWQV,Puinte Claveau,48.26,-70.116,METAR
CWQY,Hanbury River,63.6,-105.133,METAR
CWRA,Cape Race,46.659,-53.073,METAR
CWRF,Pelly Bay 1,69.436,-89.724,METAR
CWRH,Resolution Island,61.597,-64.638,METAR
CWRJ,Rosetown Arpt,51.565,-107.924,METAR
CWRK,Bancroft Arpt,45.072,-77.879,METAR
CWRM,Rocky Mtn House Arpt,52.431,-114.907,METAR
CWRN,Hart Island,45.347,-60.98,METAR
CWRO,Rose Spit,54.161,-131.66,METAR
CWRT,Crowsnest,49.628,-114.482,METAR
CWRU,Solander Isl,50.112,-127.941,METAR
CWRW,Fourchu Head,45.72,-60.23,METAR
CWRX,Rowley Island,69.067,-79.068,METAR
CWRY,Milk River Arpt,49.133,-112.051,METAR
CWRZ,Cap D'Espoir,48.419,-64.317,METAR
CWSA,Sable Island,43.933,-60.002,METAR|TAF
CWSD,Summerside Arpt,46.441,-63.837,METAR
CWSF,Cap Madeleine,49.251,-65.325,METAR
CWSG,Cap Chat,49.109,-66.655,METAR
CWSK,Squamish Arpt,49.783,-123.161,METAR
CWSL,Salmon Arm,50.703,-119.291,METAR
CWSP,Sheringham,48.377,-123.921,METAR
CWSR,Spiritwood West,53.368,-107.553,METAR
CWSS,St Stephen Arpt,45.21,-67.253,METAR
CWST,La Pocatiere,47.354,-70.03,METAR
CWSV,Blue River,52.129,-119.29,METAR
CWSW,Sparwood/Elk Valley,49.834,-114.881,METAR
CWSZ,Fisher Branch,51.083,-97.555,METAR
CWTA,McTavish,45.506,-73.579,METAR
CWTB,Border,55.33,-63.22,METAR
CWTD,Robertson Lake,65.1,-102.429,METAR
CWTG,Pointe Des Monts,49.317,-67.381,METAR
CWTH,Mile 375 Tetsa,58.65,-124.23,METAR
CWTI,Triple IL LH,54.3,-130.88,METAR
CWTN,Cap Tourmente,47.079,-70.781,METAR
CWTQ,Montreal/Trudeau Intl,45.468,-73.742,METAR
CWTT,Lac Memphremagoc,45.27,-72.17,METAR
CWTU,Tukialik Bay,54.716,-58.358,METAR
CWTY,Trois Rivieres,46.354,-72.516,METAR
CWUM,Faro,62.211,-133.385,METAR
CWUP,Cape Hooper,68.463,-66.842,METAR
CWUR,Truro,45.37,-63.27,METAR
CWUS,Summerland,49.563,-119.649,METAR
CWUW,Dewar Lakes,68.628,-71.123,METAR
CWUX,La Baie,48.298,-70.92,METAR
CWVA,Bonavista,48.67,-53.11,METAR
CWVB,Bonilla Island,53.493,-130.638,METAR
CWVD,Broughton Island,67.535,-63.785,METAR
CWVF,Sand Heads,49.106,-123.303,METAR
CWVH,Storm Hills,68.894,-133.943,METAR
CWVI,Vegreville,53.505,-112.098,METAR
CWVN,Val Marie SE,49.058,-107.586,METAR
CWVP,Cypress Hills Park,49.64,-109.514,METAR|TAF
CWVQ,Ste Anne De Bell,45.427,-73.929,METAR
CWVT,Buffalo Narrows Arpt,55.841,-108.421,METAR
CWVU,Brier Island,44.287,-66.342,METAR
CWVV,Vic Hartland,48.533,-123.459,METAR
CWVW,Grates Cove,48.171,-52.938,METAR
CWVY,Villeroy Radar,46.449,-71.932,METAR
CWVZ,Ile Charron,45.584,-73.494,METAR
CWWA,W Vancouver,49.347,-123.193,METAR
CWWB,Burlington Pier,43.302,-79.791,METAR
CWWE,Western Head,43.989,-64.662,METAR
CWWF,Weyburn Arpt,49.695,-103.801,METAR
CWWK,White Rock,49.018,-122.784,METAR
CWWL,Bonilla Isl,53.493,-130.638,METAR
CWWQ,Muncho Lake,58.931,-125.767,METAR
CWWS,George Isl,52.819,-97.616,METAR
CWWU,Long Pond,47.516,-52.98,METAR|TAF
CWWX,Cove Island,45.327,-81.736,METAR
CWWZ,Port Weller,43.244,-79.218,METAR
CWXA,Bow Valley,51.083,-115.066,METAR
CWXC,Onatchiway,48.894,-71.032,METAR
CWXH,Holberg CCR,50.64,-128.129,METAR
CWXI,Ferolle Pt,51.022,-57.096,METAR
CWXL,Bow Island,49.734,-111.45,METAR
CWXM,Helmcken Isl,50.401,-125.875,METAR
CWXO,Rowan Gorilla Intl,43.88,-60.55,METAR
CWXR,Croker River,69.276,-119.219,METAR
CWYH,Rae Lakes,64.12,-117.327,METAR
CWYJ,Victoria University,48.457,-123.305,METAR
CWYK,Cape Kiglapait,57.136,-61.476,METAR
CWYL,Yoho Park,51.443,-116.345,METAR
CWYM,Cape Mercy,64.958,-63.578,METAR
CWYY,Osoyoos,49.028,-119.441,METAR
CWZA,Agassiz,49.244,-121.759,METAR
CWZB,Port-Aux-Basques,47.574,-59.155,METAR
CWZD,Scudder Pt,52.446,-131.239,METAR
CWZG,Banff,51.194,-115.552,METAR
CWZL,Cumshewa Isl,53.03,-131.602,METAR
CWZM,Boat Bluff LH,52.643,-128.524,METAR
CWZN,Sagona Isl,47.368,-55.795,METAR
CWZO,Kelp Reefs,48.568,-123.265,METAR
CWZQ,Grand Etang,46.547,-61.049,METAR
CWZS,Amqui,48.472,-67.435,METAR
CWZV,Cape St James,51.936,-131.016,METAR
CWZW,Teslin,60.167,-132.733,METAR
CWZZ,Saglek Bay,58.479,-62.66,METAR
CXAF,Abee,54.278,-112.971,METAR
CXAG,Andrew,53.917,-112.279,METAR
CXAJ,Atmore,54.785,-112.819,METAR
CXAK,Stettler,52.349,-112.591,METAR
CXAT,Arctic Bay Arpt,73.006,-85.033,METAR
CXBA,Bodo,52.124,-110.101,METAR
CXBI,Barrie/Lake Simcoe Rgnl,44.484,-79.546,METAR
CXBK,Bratts Lake,50.201,-104.71,METAR
CXBO,Beauport,46.837,-71.197,METAR
CXBP,Confederation Bay,46.23,-63.73,METAR
CXBR,Brocket,49.62,-113.819,METAR
CXBW,Barnwell,49.801,-112.303,METAR
CXCA,Cameron Falls,49.154,-88.344,METAR
CXCD,Cleardale,56.314,-119.745,METAR
CXCH,Cheticamp,46.645,-60.947,METAR
CXCK,Carmacks Arpt,62.115,-136.192,METAR
CXCP,Champion,50.281,-113.35,METAR
CXCS,Consort,51.942,-110.708,METAR
CXCY,Cyprus Lake,45.23,-81.53,METAR
CXDB,Del Bonita,49.048,-112.808,METAR
CXDE,Deline Arpt,65.209,-123.434,METAR
CXDI,Delhi,42.864,-80.545,METAR
CXDK,Deadman Valley,61.257,-124.468,METAR
CXDP,Dapp,54.333,-113.924,METAR
CXDW,Deerwood,49.4,-98.319,METAR
CXEA,Ear Falls,50.631,-93.221,METAR
CXEC,Edmonton Muni,53.573,-113.517,METAR
CXEG,Edmonton Intl,53.307,-113.606,METAR
CXET,Egbert CS,44.234,-79.779,METAR
CXFM,Foremost,49.483,-111.486,METAR
CXFR,Fairview,56.081,-118.44,METAR
CXGH,Gimli Harbour,50.631,-96.984,METAR
CXHA,Harrow,42.033,-82.896,METAR
CXHD,Holden,53.185,-112.246,METAR
CXHF,High Falls,45.84,-75.648,METAR
CXHM,Hamilton/Mt Hope,43.286,-79.905,METAR
CXHP,High Prairie,55.396,-116.48,METAR
CXHR,Hussar,51.191,-112.503,METAR
CXIB,Ingonish Beach,46.663,-60.406,METAR
CXKA,Kapukasing,49.405,-82.443,METAR
CXKE,Kemptville,45.005,-75.637,METAR
CXKI,Kirkland Lake,48.15,-80,METAR
CXKM,Killam,52.849,-111.873,METAR
CXKT,Kentville,45.067,-64.478,METAR
CXLB,Lunenburg,44.36,-64.296,METAR
CXLC,Lower Carp Lake,63.601,-113.866,METAR
CXLL,Lindberg Landing,61.125,-122.851,METAR
CXMD,Morden,49.188,-98.084,METAR
CXMG,Manning,56.974,-117.451,METAR
CXMI,McNabs Island,44.602,-63.534,METAR
CXMM,Fort McMurray,56.649,-111.221,METAR
CXMO,Morrin,51.671,-112.678,METAR
CXMY,Malay Falls,44.984,-62.484,METAR
CXNM,North Mountain,46.818,-60.673,METAR
CXNP,Nappan,45.76,-64.241,METAR
CXOL,Olds,51.76,-114.077,METAR
CXOX,La Ronge,55.146,-105.27,METAR
CXOY,Oyen,51.366,-110.343,METAR
CXPA,Peoria,55.621,-118.293,METAR
CXPC,Parry Sound,45.344,-80.044,METAR
CXPL,Pollockville,51.128,-111.705,METAR
CXQT,Thunder Bay/N Ontari,48.433,-89.217,METAR
CXRB,Resolute,74.716,-94.983,METAR
CXRH,Rocky Harbour,49.57,-57.878,METAR
CXRL,Rich Lake,54.503,-111.691,METAR
CXSC,Schuler,50.304,-110.089,METAR
CXSE,Stefansson Island,73.766,-105.296,METAR
CXSH,Shawinigan CS,46.564,-72.733,METAR
CXSL,Smoky Lake,54.278,-112.499,METAR
CXSP,St Paul,54.011,-111.272,METAR
CXSR,Spirit River,55.695,-119.23,METAR
CXSW,St Johns West,47.516,-52.784,METAR
CXTD,Tracadie,45.608,-61.68,METAR
CXTH,Two Hills,53.625,-111.678,METAR
CXTN,Tuktut Nogiat,69.199,-122.359,METAR
CXTO,Toronto City,43.667,-79.4,METAR
CXTP,Terra Nova Nat Park,48.557,-53.975,METAR
CXTV,Trail Valley,68.746,-133.502,METAR
CXVM,Vermilion,53.344,-110.882,METAR
CXVN,Vineland,43.183,-79.4,METAR
CXVW,Valleyview,55.098,-117.199,METAR
CXWB,Wager Bay,65.879,-89.446,METAR
CXWM,Wrenthan,49.495,-112.113,METAR
CXWN,Winnipeg/The Forks,49.889,-97.13,METAR
CXYH,Yohin Lake,61.242,-123.742,METAR
CXZC,Moosonee,51.292,-80.618,METAR
CXZU,Whitecourt,54.14,-115.784,METAR
CXZV,Sept Iles,50.217,-66.26,METAR
CYAB,Arctic Bay Arpt,73.003,-85.029,METAR|TAF
CYAD,La Grande-3 Arpt,53.572,-76.19,METAR
CYAH,La Grande IV Arpt,53.757,-73.676,METAR|TAF
CYAM,Sault Ste Marie Arpt,46.484,-84.504,METAR|TAF
CYAS,Kangirsuk Arpt,60.026,-70.004,METAR|TAF
CYAT,Attawapisket Arpt,52.927,-82.432,METAR|TAF
CYAW,Shearwater,44.636,-63.507,METAR|TAF
CYAY,St Anthony Arpt,51.39,-56.081,METAR|TAF
CYAZ,Tofino Arpt,49.08,-125.767,METAR|TAF
CYBB,Pelly Bay/Kugaaruk Arpt,68.536,-89.792,METAR|TAF
CYBC,Baie Comeau Arpt,49.135,-68.202,METAR|TAF
CYBD,Bella Coola Arpt,52.388,-126.589,METAR
CYBG,Bagotville,48.331,-70.989,METAR|TAF
CYBK,Baker Lake Arpt,64.306,-96.078,METAR|TAF
CYBL,Campbell River Arpt,49.951,-125.269,METAR|TAF
CYBN,Borden,44.27,-79.922,METAR|TAF
CYBQ,Tadoule Lake Arpt,58.707,-98.511,METAR
CYBR,Brandon Arpt,49.91,-99.945,METAR|TAF
CYBU,Nipawin,53.333,-104.005,METAR
CYBV,Berens River Arpt,52.36,-97.022,METAR
CYBW,Calgary/Springbank Arpt,51.108,-114.382,METAR|TAF
CYBX,Blanc Sablon Arpt,51.442,-57.188,METAR|TAF
CYCA,Cartwright Arpt,53.683,-57.042,METAR|TAF
CYCB,Cambridge Bay Arpt,69.106,-105.116,METAR|TAF
CYCD,Nanaimo Arpt,49.052,-123.874,METAR|TAF
CYCG,Castlegar Rgnl,49.295,-117.634,METAR|TAF
CYCK,Chatham/Kent Arpt,42.307,-82.085,METAR
CYCO,Coppermine/Kugluktuk Arpt,67.817,-115.135,METAR|TAF
CYCP,Blue River Arpt,52.129,-119.29,METAR
CYCQ,Chetwynd Arpt,55.689,-121.62,METAR
CYCS,Chesterfield Inlet Arpt,63.345,-90.727,METAR
CYCX,Gagetown,45.839,-66.45,METAR|TAF
CYCY,Cylde River Arpt,70.484,-68.515,METAR|TAF
CYDA,Dawson Arpt,64.044,-139.127,METAR|TAF
CYDB,Burwash Arpt,61.37,-139.032,METAR|TAF
CYDC,Princeton Arpt,49.468,-120.514,METAR
CYDF,Deer Lake Arpt,49.212,-57.394,METAR|TAF
CYDL,Dease Lake Arpt,58.426,-130.025,METAR|TAF
CYDN,Dauphin Arpt,51.1,-100.057,METAR|TAF
CYDP,Nain Arpt,56.549,-61.684,METAR|TAF
CYDQ,Dawson Creek Arpt,55.741,-120.188,METAR|TAF
CYED,Edmonton,53.676,-113.471,METAR|TAF
CYEG,Edmonton Intl Arpt,53.308,-113.592,METAR|TAF
CYEK,Arviat/Eskimo Pt Arpt,61.098,-94.072,METAR|TAF
CYEL,Elliot Lake Arpt,46.351,-82.558,METAR|TAF
CYEN,Estevan Arpt,49.207,-102.963,METAR|TAF
CYER,Ft Severn Arpt,56.019,-87.675,METAR|TAF
CYET,Edson Arpt,53.58,-116.455,METAR
CYEU,Eureka Man,80,-85.82,METAR|TAF
CYEV,Inuvik/Zubko Arpt,68.309,-133.5,METAR|TAF
CYFB,Iqaluit Arpt,63.75,-68.544,METAR|TAF
CYFC,Fredericton Intl,45.873,-66.539,METAR|TAF
CYFO,Flin Flon Arpto,54.678,-101.68,METAR
CYFR,Fort Resolution Arpt,61.178,-113.688,METAR
CYFS,Fort Simpson Arpt,61.76,-121.23,METAR|TAF
CYFT,Makkovik Arpt,55.082,-59.189,METAR
CYGE,Golden Arpt,51.3,-116.984,METAR
CYGH,Fort Good Hope Arpt,66.242,-128.644,METAR|TAF
CYGK,Kingston Arpt,44.223,-76.599,METAR|TAF
CYGL,La Grande Riviere Arpt,53.625,-77.7,METAR|TAF
CYGM,Gimli,50.63,-97.05,METAR
CYGP,Gaspé Arpt,48.777,-64.478,METAR|TAF
CYGQ,Geraldton Arpt,49.781,-86.932,METAR|TAF
CYGR,Îles de la Madeleine Arpt,47.425,-61.775,METAR|TAF
CYGT,Igloolik Arpt,69.37,-81.82,METAR|TAF
CYGV,Havre St Pierre Arpt,50.286,-63.606,METAR|TAF
CYGW,Kuujjuarapik Arpt,55.283,-77.76,METAR|TAF
CYGX,Gillam Arpt,56.359,-94.704,METAR|TAF
CYHA,Quaqtaq Arpt,61.048,-69.624,METAR|TAF
CYHB,Hudson Bay,52.82,-102.32,METAR
CYHD,Dryden Rgnl,49.83,-92.74,METAR|TAF
CYHE,Hope Rgnl Airpark,49.37,-121.493,METAR
CYHH,Nemiscau Arpt,51.691,-76.138,METAR
CYHI,Ulukhaktok/Holman Arpt,70.761,-117.8,METAR|TAF
CYHK,Gjoa Haven Arpt,68.633,-95.851,METAR|TAF
CYHM,Hamilton/Munro Intl,43.173,-79.936,METAR|TAF
CYHU,Montreal/St Hubert,45.516,-73.415,METAR|TAF
CYHY,Hay River/Carter Arpt,60.839,-115.781,METAR|TAF
CYHZ,Halifax/Stanfield Intl,44.8781,-63.5136,METAR|TAF
CYID,Digby Arpt Arpt,44.548,-65.787,METAR
CYIK,Ivujivik Arpt,62.417,-77.925,METAR|TAF
CYIN,Bleibler Ranch Arpt,51.265,-121.681,METAR
CYIO,Pond Inlet Arpt,72.694,-77.957,METAR|TAF
CYIV,Island Lake Arpt,53.857,-94.655,METAR|TAF
CYJF,Fort Liard Arpt,60.236,-123.47,METAR
CYJT,Stephenville Intl,48.545,-58.564,METAR|TAF
CYKA,Kamloops Arpt,50.704,-120.444,METAR|TAF
CYKD,Aklavik Arpt,68.227,-135.013,METAR
CYKF,Waterloo Intl,43.462,-80.386,METAR|TAF
CYKG,Kangiqsujuaq Arpt,61.591,-71.932,METAR|TAF
CYKJ,Key Lake Arpt,57.256,-105.618,METAR|TAF
CYKL,Schefferville Arpt,54.803,-66.804,METAR|TAF
CYKO,Akulivik Arpt,60.818,-78.154,METAR
CYKP,Ogoki Post,51.659,-85.901,METAR
CYKQ,Waskaganish Arpt,51.476,-78.752,METAR|TAF
CYKY,Kindersley Arpt,51.517,-109.175,METAR
CYKZ,Toronto/Buttonville Muni,43.866,-79.368,METAR|TAF
CYLA,Apaluk Arpt,59.302,-69.598,METAR
CYLC,Kimmirut Arpt,62.85,-69.88,METAR
CYLD,Chapleau Arpt,47.818,-83.358,METAR|TAF
CYLH,Lansdowne House Arpt,52.196,-87.936,METAR
CYLJ,Meadow Lake Arpt,54.126,-108.519,METAR
CYLK,Lutselke Arpt,62.419,-110.682,METAR|TAF
CYLL,Lloydminster Arpt,53.312,-110.074,METAR|TAF
CYLT,Alert Arpt,82.512,-62.317,METAR|TAF
CYLU,Kangiksualujjuaq Arpt,58.708,-65.989,METAR
CYLW,Kelowna Arpt,49.953,-119.375,METAR|TAF
CYMA,Mayo Arpt,63.616,-135.88,METAR|TAF
CYMD,Mould Bay Arpt,76.22,-119.32,METAR
CYMH,Mary's Harbor Arpt,52.304,-55.833,METAR|TAF
CYMJ,Moose Jaw Arpt,50.33,-105.559,METAR|TAF
CYMM,Fort McMurray Arpt,56.65,-111.221,METAR|TAF
CYMO,Moosonee Arpt,51.292,-80.607,METAR|TAF
CYMT,Chibougamau Arpt,49.779,-74.527,METAR|TAF
CYMU,Umiujaq Arpt,56.538,-76.52,METAR
CYMX,Montreal/Mirabel Arpt,45.68,-74.038,METAR|TAF
CYNA,Natashquan Arpt,50.19,-61.789,METAR|TAF
CYNC,Wemindji Arpt,53.011,-78.825,METAR
CYND,Gatineau/Ottawa Exec,45.52,-75.563,METAR|TAF
CYNE,Norway House Arpt,53.958,-97.845,METAR|TAF
CYNM,Matagami Arpt,49.759,-77.793,METAR
CYOA,Ekati Arpt,64.706,-110.606,METAR|TAF
CYOC,Old Crow Arpt,67.568,-139.846,METAR|TAF
CYOD,Cold Lake,54.41,-110.287,METAR|TAF
CYOJ,High Level Arpt,58.628,-117.174,METAR|TAF
CYOO,Oshawa Arpt,43.921,-78.899,METAR|TAF
CYOW,Ottawa/Cartier Intl,45.307,-75.66,METAR|TAF
CYOY,Valcartier Arpt,46.9,-71.503,METAR|TAF
CYPA,Prince Albert Arpt,53.217,-105.679,METAR|TAF
CYPC,Paulatuk Arpt,69.355,-124.077,METAR|TAF
CYPD,Port Hawkesbury Arpt,45.657,-61.374,METAR
CYPE,Peace River Arpt,56.228,-117.453,METAR|TAF
CYPG,Portage la Prairie/Southport Arpt,49.903,-98.284,METAR|TAF
CYPH,Inukjuak Arpt,58.47,-78.08,METAR|TAF
CYPL,Pickle Lake Arpt,51.449,-90.218,METAR|TAF
CYPO,Peawanuck Arpt,54.988,-85.439,METAR
CYPQ,Peterborough Muni,44.232,-78.36,METAR|TAF
CYPR,Prince Rupert Arpt,54.291,-130.451,METAR|TAF
CYPW,Powell River Arpt,49.835,-124.499,METAR
CYPX,Puvungnituq Arpt,60.045,-77.281,METAR|TAF
CYPY,Fort Chipewyan Arpt,58.766,-111.117,METAR|TAF
CYQA,Muskoka Arpt,44.971,-79.303,METAR|TAF
CYQB,Quebec/Lesage Intl,46.791,-71.396,METAR|TAF
CYQC,Stirling,44.32,-77.63,METAR
CYQD,The Pas Arpt,53.975,-101.089,METAR|TAF
CYQF,Red Deer Rgnl,52.179,-113.903,METAR|TAF
CYQG,Windsor Intl,42.269,-82.963,METAR|TAF
CYQH,Watson Lake Arpt,60.116,-128.832,METAR|TAF
CYQI,Yarmouth Arpt,43.831,-66.088,METAR|TAF
CYQK,Kenora Arpt,49.791,-94.361,METAR|TAF
CYQL,Lethbridge Cnty Arpt,49.627,-112.792,METAR|TAF
CYQM,Moncton Intl,46.107,-64.682,METAR|TAF
CYQQ,Comox,49.712,-124.895,METAR|TAF
CYQR,Regina Intl Arpt,50.427,-104.67,METAR|TAF
CYQT,Thunder Bay Intl,48.374,-89.33,METAR|TAF
CYQU,Grande Prairie Arpt,55.182,-118.882,METAR|TAF
CYQV,Yorkton Muni,51.26,-102.461,METAR|TAF
CYQW,North Battleford Arpt,52.769,-108.251,METAR|TAF
CYQX,Gander Intl Arpt,48.946,-54.576,METAR|TAF
CYQY,Sydney Arpt,46.166,-60.049,METAR|TAF
CYQZ,Quesnel Arpt,53.027,-122.506,METAR|TAF
CYRA,Gameti/Rae Lakes Arpt,64.115,-117.313,METAR|TAF
CYRB,Resolute Bay Arpt,74.713,-94.982,METAR|TAF
CYRJ,Roberval Arpt,48.523,-72.266,METAR|TAF
CYRL,Red Lake Arpt,51.067,-93.799,METAR|TAF
CYRQ,Trois-Rivières,46.358,-72.68,METAR|TAF
CYRT,Rankin Inlet Arpt,62.811,-92.1,METAR|TAF
CYRV,Revelstoke Arpt,50.958,-118.176,METAR
CYSA,Sable Island,43.93,-60,METAR|TAF
CYSB,Sudbury Arpt,46.622,-80.799,METAR|TAF
CYSC,Sherbrooke Arpt,45.44,-71.692,METAR|TAF
CYSD,Suffield Arpt,50.273,-111.19,METAR
CYSF,Stony Rapids Arpt,59.252,-105.837,METAR|TAF
CYSJ,Saint John Arpt,45.309,-65.886,METAR|TAF
CYSK,Sanikiluaq Arpt,56.538,-79.242,METAR
CYSL,Saint Leonard Arpt,47.157,-67.836,METAR|TAF
CYSM,Fort Smith Arpt,60.026,-111.929,METAR|TAF
CYSN,St Catharines/Niagara Arpt,43.192,-79.176,METAR|TAF
CYSP,Marathon Arpt,48.759,-86.351,METAR|TAF
CYSR,Nanisivik Airpo,72.98,-84.62,METAR|TAF
CYSY,Sachs Harbour Arpt,71.993,-125.241,METAR|TAF
CYTE,Cape Dorset Arpt,64.23,-76.528,METAR|TAF
CYTH,Thompson Arpt,55.803,-97.846,METAR|TAF
CYTJ,Terrace Bay,48.82,-87.1,METAR|TAF
CYTL,Big Trout Lake Arpt,53.816,-89.892,METAR|TAF
CYTN,Trenton Muni,45.612,-62.623,METAR
CYTQ,Tasiujaq Arpt,58.671,-69.948,METAR|TAF
CYTR,Trenton,44.115,-77.531,METAR|TAF
CYTS,Timmins/Power Arpt,48.568,-81.378,METAR|TAF
CYTZ,Toronto/Bishop Arpt,43.627,-79.397,METAR|TAF
CYUA,Shingle Point Arpt,68.932,-137.242,METAR
CYUB,Tuktoyaktuk Arpt,69.434,-133.026,METAR|TAF
CYUJ,Lady Franklin,68.5,-113.22,METAR
CYUL,Montreal/Trudeau Intl,45.468,-73.742,METAR|TAF
CYUS,Shepherd Bay Arpt,68.795,-93.419,METAR
CYUT,Repulse Bay Arpt,66.525,-86.23,METAR|TAF
CYUX,Hall Beach Arpt,68.772,-81.233,METAR|TAF
CYUY,Rouyn/Noranda Arpt,48.209,-78.83,METAR|TAF
CYVC,La Ronge Arpt,55.15,-105.264,METAR|TAF
CYVL,Colville Lake,67.021,-126.129,METAR
CYVM,Broughton Isl/Qikiqtarjuaq Arpt,67.552,-64.026,METAR|TAF
CYVO,Val D'Or Arpt,48.056,-77.779,METAR|TAF
CYVP,Kuujjuaq Arpt,58.1,-68.415,METAR|TAF
CYVQ,Norman Wells Arpt,65.278,-126.796,METAR|TAF
CYVR,Vancouver Intl,49.183,-123.168,METAR|TAF
CYVT,Buffalo Narrows Arpt,55.842,-108.418,METAR|TAF
CYVV,Wiarton Arpt,44.745,-81.107,METAR|TAF
CYWA,Petawawa Arpt,45.948,-77.311,METAR|TAF
CYWE,Wekweètì Arpt,64.192,-114.078,METAR|TAF
CYWG,Winnipeg Intl Arpt,49.916,-97.249,METAR|TAF
CYWH,Victoria Harbour Arpt,48.423,-123.387,METAR|TAF
CYWJ,Déline Arpt,65.209,-123.434,METAR|TAF
CYWK,Wabush Lake Arpt,52.927,-66.874,METAR|TAF
CYWL,Williams Lake Rgnl,52.186,-122.066,METAR|TAF
CYWO,Lupin Arpt,65.756,-111.251,METAR|TAF
CYWY,Wrigley Arpt,63.21,-123.434,METAR
CYXC,Cranbrook Intl,49.614,-115.784,METAR|TAF
CYXD,Edmonton Muni,53.58,-113.515,TAF
CYXE,Saskatoon/Diefenbaker Intl,52.172,-106.695,METAR|TAF
CYXH,Medicine Hat Arpt,50.018,-110.717,METAR|TAF
CYXJ,Fort St John/N Peace Rgnl,56.247,-120.737,METAR|TAF
CYXL,Sioux Lookout Arpt,50.114,-91.905,METAR|TAF
CYXN,Whale Cove Arpt,62.238,-92.597,METAR
CYXP,Pangnirtung Arpt,66.144,-65.712,METAR|TAF
CYXQ,Beaver Creek Arpt,62.408,-140.866,METAR
CYXR,Earlton Arpt,47.698,-79.852,METAR|TAF
CYXS,Prince George Arpt,53.884,-122.677,METAR|TAF
CYXT,Terrace Arpt,54.471,-128.577,METAR|TAF
CYXU,London Intl,43.039,-81.162,METAR|TAF
CYXX,Abbotsford Intl,49.027,-122.377,METAR|TAF
CYXY,Whitehorse Arpt,60.71,-135.059,METAR|TAF
CYXZ,Wawa Arpt,47.974,-84.781,METAR|TAF
CYYB,North Bay/Garland Arpt,46.365,-79.423,METAR|TAF
CYYC,Calgary Intl,51.116,-114.011,METAR|TAF
CYYD,Smithers Arpt,54.823,-127.185,METAR|TAF
CYYE,Fort Nelson Arpt,58.839,-122.59,METAR|TAF
CYYF,Penticton Rgnl,49.46,-119.606,METAR|TAF
CYYG,Charlottetown Arpt,46.289,-63.128,METAR|TAF
CYYH,Taloyoak Arpt,69.543,-93.568,METAR|TAF
CYYJ,Victoria Intl,48.642,-123.433,METAR|TAF
CYYL,Lynn Lake Arpt,56.863,-101.073,METAR|TAF
CYYN,Swift Current Arpt,50.292,-107.691,METAR|TAF
CYYQ,Churchill Arpt,58.745,-94.074,METAR|TAF
CYYR,Goose Bay Arpt,53.32,-60.417,METAR|TAF
CYYT,St Johns Intl,47.627,-52.748,METAR|TAF
CYYU,Kapuskasing Arpt,49.416,-82.47,METAR|TAF
CYYW,Armstrong Arpt,50.296,-88.912,METAR
CYYY,Mont Joli Arpt,48.609,-68.208,METAR|TAF
CYYZ,Toronto/Pearson Intl,43.679,-79.629,METAR|TAF
CYZE,Gore Bay/Manitoulin Arpt,45.885,-82.57,METAR|TAF
CYZF,Yellowknife Arpt,62.475,-114.448,METAR|TAF
CYZG,Salliut Arpt,62.181,-75.67,METAR|TAF
CYZH,Slave Lake Arpt,55.293,-114.773,METAR|TAF
CYZP,Sandspit Arpt,53.254,-131.814,METAR|TAF
CYZR,Sarnia/Hadfield Arpt,42.995,-82.307,METAR|TAF
CYZS,Coral Harbour Arpt,64.188,-83.351,METAR|TAF
CYZT,Port Hardy Arpt,50.685,-127.369,METAR|TAF
CYZU,Whitecourt Arpt,54.142,-115.785,METAR|TAF
CYZV,Sept-Îles Arpt,50.217,-66.26,METAR|TAF
CYZW,Teslin Arpt,60.175,-132.734,METAR|TAF
CYZX,Greenwood,44.985,-64.912,METAR|TAF
CYZY,Mackenzie Arpt,55.303,-123.135,METAR|TAF
CZBF,Bathurst Arpt,47.628,-65.746,METAR|TAF
CZCP,Cape Parry Arpt,70.166,-124.693,METAR
CZCR,Charlo Arpt,47.99,-66.334,METAR
CZDB,Debert Arpt,45.422,-63.466,METAR
CZEL,Elora,43.642,-80.412,METAR
CZEM,Eastmain River Arpt,52.23,-78.52,METAR
CZEV,Inuvik,68.313,-133.496,METAR
CZFA,Faro Arpt,62.211,-133.385,METAR|TAF
CZFM,Fort McPherson Arpt,67.41,-134.871,METAR|TAF
CZFN,Fort Norman Arpt,64.908,-125.563,METAR
CZFS,Fort Simpson,61.76,-121.23,METAR
CZHY,Hay River,60.839,-115.781,METAR
CZKD,Kelsey Dam,56.037,-96.51,METAR
CZMD,Muskrat Dam Arpt,53.439,-91.766,METAR|TAF
CZMJ,Moose Jaw,50.332,-105.538,METAR
CZMT,Masset Arpt,54.023,-132.12,METAR|TAF
CZMU,Mundare,53.563,-112.296,METAR
CZOL,Oliver,53.642,-113.364,METAR
CZPC,Pincher Creek Arpt,49.522,-114.005,METAR
CZPS,Prentiss,52.438,-113.593,METAR
CZRP,Rae Point,75.377,-105.715,METAR
CZSJ,Sandy Lake Arpt,53.063,-93.344,METAR|TAF
CZSM,Fort Smith,60.026,-111.929,METAR
CZSP,St Peters Bay,46.45,-62.576,METAR
CZST,Stewart Arpt,55.935,-129.984,METAR
CZTB,Thunder Bay Intl,48.369,-89.327,METAR
CZUM,Churchill Falls Arpt,53.562,-64.107,METAR|TAF
CZVL,Edmonton/Villenueve Arpt,53.67,-113.863,METAR|TAF
CZZJ,Edson CR10?,53.583,-116.462,METAR
DAAD,Bou Saada Arpt,35.333,4.206,METAR|TAF
DAAE,Béjaïa Arpt,36.712,5.07,METAR|TAF
DAAF,Aoulef,26.967,1.083,METAR
DAAG,Algiers Intl,36.691,3.215,METAR|TAF
DAAJ,Djanet/Tiska Arpt,24.286,9.464,METAR|TAF
DAAP,Illizi/Takhamalt Arpt,26.724,8.622,METAR|TAF
DAAS,Sétif/Arnat Arpt,36.18,5.33,METAR|TAF
DAAT,Tamanrasset/Aguenar-Hadj Bei Arpt,22.824,5.452,METAR|TAF
DAAV,Jijel/Achouat Arpt,36.795,5.877,METAR|TAF
DAAY,Mecheria/Bouamama Arpt,33.532,-0.248,METAR|TAF
DABB,Annaba/Bitat Arpt,36.822,7.809,METAR|TAF
DABC,Constantine/Boudiaf Arpt,36.278,6.629,METAR|TAF
DABP,Skikda,36.87,6.912,METAR
DABS,Tebassa/Tebessi Arpt,35.432,8.121,METAR|TAF
DABT,Batna/Boulaid Arpt,35.752,6.309,METAR|TAF
DAEF,Tinfouye Arpt,28.437,7.549,METAR|TAF
DAEN,Rhourd Nouss Arpt,29.731,6.712,METAR|TAF
DAFH,Tilrempt/Mei Arpt,32.93,3.312,METAR|TAF
DAFI,Djelfa,34.683,3.25,METAR
DAMH,Hamra Arpt,29.226,6.494,METAR
DAOB,Tiaret/Bou Arpt,35.345,1.476,METAR|TAF
DAOF,Tindouf Arpt,27.7,-8.167,METAR|TAF
DAOI,Chlef/Belkaid Arpt,36.213,1.332,METAR|TAF
DAOL,Oran/Benbella Arpt,35.542,-0.532,METAR
DAON,Tlemcen/Zenata Arpt,35.013,-1.457,METAR|TAF
DAOO,Oran/Es-Sénia Arpt,35.623,-0.624,METAR|TAF
DAOR,Bécha/Ali Lolfi Arpt,31.65,-2.261,METAR|TAF
DAOV,Mascara/Ghriss Arpt,35.208,0.147,METAR|TAF
DAOY,El Bayadh Arpt,33.721,1.091,METAR|TAF
DATM,Bordj Mokhtar Arpt,21.375,0.924,METAR|TAF
DAUA,Adrar/Belkebir Arpt,27.839,-0.186,METAR|TAF
DAUB,Biskra Arpt,34.793,5.738,METAR|TAF
DAUE,El Golea Intl,30.571,2.86,METAR|TAF
DAUG,Ghardaïa/Noumérat Arpt,32.384,3.794,METAR|TAF
DAUH,Hassi-Messaoud/Belkacem Arpt,31.673,6.14,METAR|TAF
DAUI,In Salah Arpt,27.251,2.512,METAR|TAF
DAUK,Touggourt/Madhi Arpt,33.068,6.089,METAR|TAF
DAUL,Laghouat/L'Mekrareg Arpt,33.764,2.928,METAR|TAF
DAUO,El Oued/Guemar Arpt,33.513,6.782,METAR|TAF
DAUT,Timimoun Arpt,29.237,0.276,METAR|TAF
DAUU,Ouargla Arpt,31.917,5.413,METAR|TAF
DAUZ,In Aménas Arpt,28.052,9.643,METAR|TAF
DBBB,Cotonou/Cadjehoun Arpt,6.357,2.384,METAR|TAF
DBBC,Bohicon,7.167,2.067,METAR
DBBK,Kandi,11.145,2.94,METAR
DBBN,Natitingou,10.317,1.383,METAR
DBBP,Parakou,9.358,2.61,METAR
DBBS,Save,8.018,2.465,METAR
DFCC,Ouahigouya,13.57,-2.42,METAR
DFCO,Boromo,11.733,-2.917,METAR
DFCP,Po,11.167,-1.15,METAR
DFEE,Dori,14.033,-0.033,METAR
DFEF,Fada N'Gourma,12.067,0.35,METAR
DFFD,Ouagadougou Arpt,12.356,-1.512,METAR|TAF
DFOD,Dedougou,12.459,-3.49,METAR
DFOG,Gaua,10.333,-3.183,METAR
DFOO,Bobo-Dioulasso Arpt,11.163,-4.322,METAR|TAF
DGAA,Accra/Kotoka Intl,5.6,-0.17,METAR|TAF
DGAD,Ada,5.783,0.633,METAR
DGAH,Ho,6.6,0.467,METAR
DGAK,Akuse,6.1,0.117,METAR
DGAS,Saltpond,5.2,-1.067,METAR
DGAT,Tema,5.625,-0.002,METAR
DGKA,Akim Oda,5.933,-0.983,METAR
DGKK,Korforidua,6.083,-0.25,METAR
DGLB,Bole,9.033,-2.483,METAR
DGLE,Tamale Arpt,9.554,-0.862,METAR|TAF
DGLN,Navrongo,10.9,-1.1,METAR
DGLW,Wa,10.05,-2.5,METAR
DGLY,Yendi,9.45,-0.017,METAR
DGSB,Sefwi Bekwai,6.2,-2.333,METAR
DGSI,Kumasi Arpt,6.715,-1.591,METAR|TAF
DGSN,Sunyani Arpt,7.361,-2.33,METAR
DGSW,Wenchi,7.75,-2.1,METAR
DGTK,Takoradi Arpt,4.896,-1.775,METAR|TAF
DGTX,Axim,4.867,-2.233,METAR
DIAD,Adiake,5.286,-3.303,METAR
DIAP,Abidjan/Boigny Intl,5.261,-3.926,METAR|TAF
DIBK,Bouaké Arpt,7.739,-5.074,METAR|TAF
DIBU,Bondoukou Arpt,8.012,-2.765,METAR
DIDK,Dimbokro,6.65,-4.7,METAR
DIDL,Daloa Arpt,6.79,-6.474,METAR
DIGA,Gagnoa Arpt,6.109,-5.989,METAR
DIKO,Korhogo Arpt,9.411,-5.622,METAR
DIMN,Man Arpt,7.271,-7.588,METAR
DIOD,Odienne Arpt,9.538,-7.564,METAR
DISP,San Pedro Arpt,4.747,-6.661,METAR
DISS,Sassandra Arpt,4.931,-6.132,METAR
DITB,Tabou Arpt,4.433,-7.36,METAR
DIYO,Yamoussoukro Arpt,6.903,-5.366,METAR|TAF
DNAA,Abuja/Azikiwe Intl,9.007,7.263,METAR|TAF
DNAK,Akure Arpt,7.247,5.301,METAR|TAF
DNBE,Benin Arpt,6.317,5.603,METAR|TAF
DNBI,Bida Arpt,9.101,6.014,METAR
DNCA,Calabar/Ekpo Intl,4.976,8.347,METAR|TAF
DNEN,Enugu/Ibiam Intl,6.474,7.562,METAR|TAF
DNGO,Gombe Arpt,10.303,10.905,METAR|TAF
DNGU,Gusau Arpt,12.172,6.696,METAR
DNIB,Ibadan Arpt,7.36,3.976,METAR|TAF
DNIL,Ilorin Arpt,8.438,4.491,METAR|TAF
DNIM,Owerri/Mbakwe Intl,5.427,7.206,METAR|TAF
DNJO,Jos Arpt,9.64,8.87,METAR|TAF
DNKA,Kaduna Arpt,10.6,7.45,METAR|TAF
DNKN,Kano/Aminu Intl,12.048,8.525,METAR|TAF
DNKT,Katsina/Yaradura Arpt,13.006,7.659,METAR|TAF
DNMA,Maiduguri Intl,11.855,13.081,METAR|TAF
DNMK,Makurdi Arpt,7.704,8.614,METAR
DNMM,Lagos/Muhammed Intl,6.577,3.321,METAR|TAF
DNMN,Minna Arpt,9.652,6.462,METAR|TAF
DNOS,Oshogbo,7.763,4.473,METAR
DNPO,Port Harcourt Intl,4.848,7.022,METAR|TAF
DNSO,Sokoto/Abubakar Intl,12.917,5.202,METAR|TAF
DNSU,Warri/Osubi Arpt,5.598,5.819,TAF
DNYO,Yola Arpt,9.267,12.429,METAR|TAF
DNZA,Zaria Arpt,11.13,7.686,METAR
DRRB,Birni-N'Konni,13.802,5.242,METAR
DRRG,Gaya,11.883,3.45,METAR
DRRI,Bilma,18.683,12.917,METAR
DRRL,Tillabery,14.2,1.45,METAR
DRRM,Maradi Arpt,13.502,7.12,METAR
DRRN,Niamey/Hamani Intl,13.483,2.17,METAR|TAF
DRRT,Tahoua Arpt,14.878,5.27,METAR
DRZA,Agadez Arpt,16.964,7.989,METAR|TAF
DRZF,Diffa Arpt,13.373,12.625,METAR
DRZG,Goure,13.988,10.269,METAR
DRZM,Maine-Soroa,13.233,11.983,METAR
DRZR,Zinder Arpt,13.779,8.984,METAR|TAF
DTKA,Tabarka Intl,36.98,8.877,METAR|TAF
DTMB,Monastir/Bourguiba Intl,35.758,10.755,METAR|TAF
DTNH,Enfidha/Mammamet Arpt,36.074,10.436,METAR|TAF
DTTA,Tunis/Carthage Intl,36.851,10.227,METAR|TAF
DTTB,Bizerte Arpt,37.245,9.791,METAR|TAF
DTTD,Remada Arpt,32.312,10.386,METAR|TAF
DTTF,Gafsa/Ksar Intl,34.422,8.822,METAR|TAF
DTTG,Gabes/Matmata Intl,33.733,9.918,METAR|TAF
DTTJ,Djerba/Zarzis Intl,33.875,10.775,METAR|TAF
DTTK,Kairouan,35.667,10.1,METAR
DTTL,Kelibia,36.85,11.083,METAR
DTTM,Monastir-Skanes,35.667,10.754,METAR
DTTN,Jendouba,36.483,8.8,METAR
DTTR,El Borma Arpt,31.703,9.257,METAR|TAF
DTTX,Sfax/Thyna Arpt,34.718,10.691,METAR|TAF
DTTZ,Tozeur/Nefta Arpt,33.94,8.111,METAR|TAF
DXAK,Atakpame,7.528,1.128,METAR
DXDP,Djangou Arpt,10.8,0.242,METAR
DXMG,Mango Arpt,10.373,0.471,METAR
DXNG,Niamtougou Arpt,9.767,1.091,METAR|TAF
DXSK,Sokodé Arpt,8.995,1.153,METAR
DXTA,Tabligbo,6.59,1.5,METAR
DXXX,Lomé/Eyadema Intl,6.166,1.254,METAR|TAF
EBAW,Antwerp Intl,51.189,4.46,METAR|TAF
EBBE,Beauvechain,50.759,4.768,METAR|TAF
EBBL,Kleine-Brogel,51.168,5.47,METAR|TAF
EBBR,Brussels Intl,50.896,4.526,METAR|TAF
EBBT,Brasschaat,51.345,4.503,METAR|TAF
EBBX,Bertrix Bel-AFB,49.891,5.225,METAR
EBCI,Charleroi Arpt,50.459,4.454,METAR|TAF
EBCV,Chièvres Arpt,50.576,3.831,METAR|TAF
EBDT,Schaffen,51.005,5.067,METAR|TAF
EBFN,Koksijde,51.09,2.653,METAR|TAF
EBFS,Florennes,50.243,4.646,METAR|TAF
EBLB,Elsenborn,50.482,6.181,METAR|TAF
EBLG,Bierset/Liège Arpt,50.637,5.443,METAR|TAF
EBMB,Melsbroek,50.909,4.497,METAR
EBOS,Oostende-Bruges Intl,51.199,2.862,METAR|TAF
EBSP,Spa/La Sauveniere,50.479,5.91,METAR
EBST,St Truiden,50.792,5.202,METAR
EBSU,Saint Hubert,50.039,5.404,METAR
EBTN,Goetsenhoven,50.782,4.958,METAR
EBWE,Weelde,51.399,4.976,METAR
EBZW,Genk/Zwartberg Arpt,51.014,5.524,METAR
EDAC,Altenburg Arpt,50.982,12.506,METAR|TAF
EDAH,Heringsdorf Arpt,53.879,14.152,METAR|TAF
EDBC,Magdeburg/Cochstedt Arpt,51.856,11.42,METAR|TAF
EDBM,Magdeburg/Sachsen-An,52.103,11.583,METAR|TAF
EDDB,Berlin/Brandenburg Intl,52.38068,13.53064,METAR|TAF
EDDC,Dresden Arpt,51.12797,13.7543,METAR|TAF
EDDE,Erfurt Arpt,50.983,10.961,METAR|TAF
EDDF,Frankfurt/Main Arpt,50.045,8.598,METAR|TAF
EDDG,Münster/Osnabrück Arpt,52.135,7.697,METAR|TAF
EDDH,Hamburg Arpt,53.633,9.988,METAR|TAF
EDDI,Berlin/Tempelhof Arpt,52.471,13.4,TAF
EDDK,Koln-Bonn Arpt,50.865,7.157,METAR|TAF
EDDL,Düsseldorf Intl,51.296,6.769,METAR|TAF
EDDM,Munich Intl,48.348,11.813,METAR|TAF
EDDN,Nurnberg Arpt,49.503,11.055,METAR|TAF
EDDP,Leipzig/Halle Arpt,51.435,12.24,METAR|TAF
EDDR,Saarbrücken Arpt,49.213,7.108,METAR|TAF
EDDS,Stuttgart Arpt,48.69,9.222,METAR|TAF
EDDT,Berlin/Tegel Arpt,52.564,13.309,TAF
EDDV,Hannover Arpt,52.466,9.68,METAR|TAF
EDDW,Bremen Arpt,53.047,8.787,METAR|TAF
EDFE,Egelsbach Arpt,49.961,8.642,METAR
EDFH,Frankfurt/Hahn Arpt,49.946,7.265,METAR|TAF
EDFM,Mannheim City Arpt,49.474,8.515,METAR|TAF
EDGS,Siegerland Arpt,50.708,8.083,METAR|TAF
EDHI,Hamburg/FinkenwerderR Arpt,53.536,9.837,METAR|TAF
EDHK,Kiel/Holtenau Arpt,54.376,10.143,METAR|TAF
EDHL,Lübeck Arpt,53.805,10.719,METAR|TAF
EDJA,Memmingerberg Arpt,47.989,10.239,METAR|TAF
EDLN,Monchengladbach Arpt,51.23,6.504,METAR|TAF
EDLP,Paderborn Arpt,51.614,8.616,METAR|TAF
EDLV,Weeze Arpt,51.602,6.142,METAR|TAF
EDLW,Dortmund Arpt,51.518,7.612,METAR|TAF
EDMA,Augsberg Arpt,48.425,10.932,METAR|TAF
EDMO,Oberpfaffenhofe Arpt,48.081,11.283,METAR|TAF
EDNY,Friedrichshafen Arpt,47.671,9.511,METAR|TAF
EDOP,Parchim Arpt,53.427,11.783,METAR|TAF
EDQD,Bayreuth Arpt,49.984,11.639,METAR|TAF
EDQM,Hof/Plauen Arpt,50.289,11.86,METAR|TAF
EDRZ,Zweibrücken Arpt,49.209,7.401,METAR|TAF
EDSB,Baden Arpt,48.779,8.081,METAR|TAF
EDTD,Donaueschingen Arpt,47.973,8.522,METAR|TAF
EDTL,Lahr/Black Forest Arpt,48.369,7.828,METAR|TAF
EDTY,Schwäbisch Hall Arpt,49.118,9.784,METAR|TAF
EDVE,Braunschweig Arpt,52.319,10.558,METAR|TAF
EDVK,Kassel/Calden Arpt,51.421,9.388,METAR|TAF
EDWE,Emden Arpt,53.388,7.229,METAR|TAF
EDXW,Westerland/Sylt Arpt,54.913,8.341,METAR|TAF
EEEI,Ämari,59.26,24.209,METAR|TAF
EEKA,Kärdla Arpt,58.991,22.831,METAR|TAF
EEKE,Kuressaare Arpt,58.23,22.509,METAR|TAF
EEPU,Pärnu Arpt,58.419,24.473,METAR|TAF
EETN,Tallin Arpt,59.413,24.801,METAR|TAF
EETU,Tartu Arpt,58.307,26.691,METAR|TAF
EFET,Enontekio Arpt,68.363,23.424,METAR|TAF
EFHA,Halli Arpt,61.855,24.805,METAR|TAF
EFHF,Helsinki/Malmi Arpt,60.25,25.045,TAF
EFHK,Helsinki/Vantaa Arpt,60.327,24.957,METAR|TAF
EFHL,Hailuoto Island,65.02,24.727,METAR
EFHT,Ahtari,62.535,24.218,METAR
EFIL,Ilmajoki,62.693,22.83,METAR
EFIV,Ivalo Arpt,68.607,27.405,METAR|TAF
EFJO,Joensuu Arpt,62.66,29.611,METAR|TAF
EFJY,Jyväskylä Arpt,62.404,25.675,METAR|TAF
EFKA,Kauhava Arpt,63.127,23.051,METAR|TAF
EFKE,Kemi/Tornio Arpt,65.784,24.579,METAR|TAF
EFKI,Kajaani Arpt,64.283,27.673,METAR|TAF
EFKK,Kruunupyy Arpt,63.721,23.143,METAR|TAF
EFKS,Kuusamo Arpt,65.992,29.236,METAR|TAF
EFKT,Kittilä Arpt,67.701,24.847,METAR|TAF
EFKU,Kuopio Arpt,63.008,27.799,METAR|TAF
EFLP,Lappeenranta Arpt,61.044,28.151,METAR|TAF
EFMA,Mariehamn Arpt,60.125,19.903,METAR|TAF
EFMI,Mikkeli Arpt,61.687,27.201,METAR|TAF
EFOU,Oulu Arpt,64.93,25.355,METAR|TAF
EFPE,Pello,66.772,23.964,METAR
EFPO,Pori Arpt,61.462,21.8,METAR|TAF
EFPU,Pudasjarven Arpt,65.402,26.96,METAR
EFRO,Rovaniemi Arpt,66.562,25.829,METAR|TAF
EFSA,Savonlinna Arpt,61.943,28.945,METAR|TAF
EFSI,Seinajoki/Ilmajoki Arpt,62.693,22.83,METAR|TAF
EFSO,Sodankylan Arpt,67.397,26.617,METAR
EFSU,Suomussalmi,64.9,29.017,METAR
EFTP,Tampere/Pirkkala Arpt,61.419,23.616,METAR|TAF
EFTU,Turku Arpt,60.514,22.263,METAR|TAF
EFUT,Utti Arpt,60.896,26.938,METAR|TAF
EFVA,Vaasa Arpt,63.051,21.762,METAR|TAF
EFVI,Viitasaari Arpt,63.121,25.811,METAR
EFVR,Varkaus Arpt,62.174,27.86,METAR|TAF
EGAA,Belfast Intl,54.654,-6.225,METAR|TAF
EGAC,Belfast/Harbour Arpt,54.614,-5.873,METAR|TAF
EGAE,Derry/City Arpt,55.043,-7.161,METAR|TAF
EGBB,Birmingham Intl,52.46,-1.758,METAR|TAF
EGBE,Coventry Arpt,52.37,-1.48,METAR|TAF
EGBJ,Gloucestershire Arpt,51.892,-2.161,METAR|TAF
EGCC,Manchester Intl,53.354,-2.275,METAR|TAF
EGCK,Caernarfon Arpt,53.104,-4.34,METAR|TAF
EGCN,Doncaster/Robin Hood,53.475,-1.004,METAR|TAF
EGDB,Plymouth,50.355,-4.121,METAR
EGDC,Chivenor,51.089,-4.149,METAR
EGDL,Lyneham,51.503,-1.992,METAR|TAF
EGDM,Boscombe Down,51.153,-1.75,METAR|TAF
EGDP,Portland,50.568,-2.45,METAR
EGDR,Culdrose ),50.084,-5.257,METAR|TAF
EGDX,St Athan,51.406,-3.435,METAR|TAF
EGDY,Yeovilton Arpt),51.006,-2.643,METAR|TAF
EGEC,Campbeltown Arpt,55.437,-5.686,METAR|TAF
EGEO,Oban Arpt,56.464,-5.4,METAR|TAF
EGFF,Cardiff Intl,51.397,-3.343,METAR|TAF
EGFH,Swansea Arpt,51.605,-4.068,METAR
EGGD,Bristol Intl,51.383,-2.719,METAR|TAF
EGGP,Liverpool/Lennon Arpt,53.334,-2.85,METAR|TAF
EGGW,Luton Arpt,51.875,-0.368,METAR|TAF
EGHC,Penzance/Lands End Arpt,50.103,-5.671,METAR|TAF
EGHD,Plymouth/City Arpt,50.423,-4.11,METAR|TAF
EGHE,Scilly Isles/St Marys Arpt,49.914,-6.296,METAR|TAF
EGHH,Bournemouth Intl,50.779,-1.836,METAR|TAF
EGHI,Southampton Intl,50.944,-1.358,METAR|TAF
EGHK,Penzance,50.129,-5.518,METAR
EGHQ,Newquay/Cornwall Arpt,50.438,-4.998,METAR|TAF
EGJA,Alderney Arpt,49.706,-2.215,METAR|TAF
EGJB,Guernsey Arpt,49.433,-2.598,METAR|TAF
EGJJ,Jersey Arpt,49.21,-2.194,METAR|TAF
EGKA,Shoreham Arpt,50.836,-0.294,METAR|TAF
EGKB,London/Biggin Hill Arpt,51.33,0.033,METAR|TAF
EGKK,London/Gatwick Arpt,51.148,-0.19,METAR|TAF
EGLC,London City Arpt,51.505,0.055,METAR|TAF
EGLF,Farnborough Arpt,51.28,-0.773,METAR|TAF
EGLL,London/Heathrow Intl,51.477,-0.461,METAR|TAF
EGMC,Southend Arpt,51.571,0.696,METAR|TAF
EGMD,Lydd Arpt,50.956,0.939,METAR|TAF
EGMH,Manston/Kent Intl,51.346,1.335,METAR|TAF
EGNC,Carlisle Arpt,54.94,-2.805,METAR|TAF
EGNH,Blackpool Arpt,53.774,-3.039,METAR|TAF
EGNJ,Humberside Intl,53.58,-0.341,METAR|TAF
EGNL,Walney Island,54.125,-3.258,METAR
EGNM,Leeds Bradford Intl,53.862,-1.665,METAR|TAF
EGNO,Warton Arpt,53.746,-2.889,METAR|TAF
EGNR,Hawarden Arpt,53.175,-2.987,METAR|TAF
EGNS,Isle Of Man Arpt,54.085,-4.632,METAR|TAF
EGNT,Newcastle Intl,55.037,-1.702,METAR|TAF
EGNV,Teesside Intl,54.511,-1.418,METAR|TAF
EGNX,Nottingham/E Midlands Arpt,52.833,-1.333,METAR|TAF
EGOD,Llanbedr Arpt,52.803,-4.124,METAR
EGOM,Spadeadam,55.05,-2.554,METAR
EGOP,Pembry Sands,51.714,-4.367,METAR
EGOS,Shawbury Arpt,52.795,-2.665,METAR|TAF
EGOV,Valley,53.252,-4.536,METAR|TAF
EGOW,Woodvale,53.582,-3.055,METAR|TAF
EGOY,West Freugh,54.859,-4.935,METAR
EGPA,Kirkwall Arpt,58.958,-2.905,METAR|TAF
EGPB,Sumburgh Arpt,59.88,-1.296,METAR|TAF
EGPC,Wick Arpt,58.459,-3.093,METAR|TAF
EGPD,Aberdeen Arpt,57.205,-2.205,METAR|TAF
EGPE,Inverness Arpt,57.538,-4.053,METAR|TAF
EGPF,Glasgow Arpt,55.867,-4.433,METAR|TAF
EGPH,Edinburgh Arpt,55.952,-3.36,METAR|TAF
EGPI,Islay Arpt,55.681,-6.25,METAR|TAF
EGPK,Prestwick Intl,55.509,-4.587,METAR|TAF
EGPL,Benbecula Isl Arpt,57.475,-7.364,METAR|TAF
EGPM,Scatsta Arpt,60.433,-1.296,METAR|TAF
EGPN,Dundee Arpt,56.453,-3.026,METAR|TAF
EGPO,Stornoway Arpt,58.215,-6.329,METAR|TAF
EGPT,Perth Arpt,56.437,-3.375,METAR
EGPU,Tiree Island Arpt,56.499,-6.872,METAR|TAF
EGPW,Unst Island,60.748,-0.856,METAR
EGQA,Tain Range,57.825,-3.955,METAR
EGQJ,Machrihanish,55.441,-5.697,METAR
EGQK,Kinloss,57.646,-3.563,METAR|TAF
EGQL,Leuchars,56.377,-2.862,METAR|TAF
EGQM,Boulmer,55.421,-1.601,METAR
EGQS,Lossiemouth,57.711,-3.324,METAR|TAF
EGRB,London Weather,51.5,-0.117,METAR
EGRR,Exeter/Bracknell,50.727,-3.475,METAR
EGSC,Cambridge Arpt,52.205,0.175,METAR|TAF
EGSD,Great Yarmouth/N Den,52.634,1.723,METAR|TAF
EGSH,Norwich Intl,52.676,1.283,METAR|TAF
EGSS,London/Stansted Arpt,51.881,0.223,METAR|TAF
EGSY,St Athan Arpt,51.406,-3.434,METAR|TAF
EGTC,Cranfield Arpt,52.072,-0.617,METAR|TAF
EGTE,Exeter Arpt,50.737,-3.406,METAR|TAF
EGTG,Filton Arpt,51.519,-2.591,METAR|TAF
EGTK,Oxford Arpt,51.838,-1.317,METAR|TAF
EGUB,Benson,51.62,-1.099,METAR|TAF
EGUC,Aberporth,52.133,-4.567,METAR
EGUF,Farnborough,51.28,-0.773,METAR
EGUL,Lakenheath,52.409,0.561,METAR|TAF
EGUM,Manston,51.346,1.335,METAR
EGUN,Mildenhall,52.362,0.486,METAR|TAF
EGUO,Colerne,51.439,-2.286,METAR|TAF
EGUW,Wattisham,52.124,0.957,METAR|TAF
EGUY,Wyton,52.357,-0.108,METAR|TAF
EGVA,Fairford,51.682,-1.79,METAR|TAF
EGVG,Woodbridge,52.09,1.406,METAR
EGVI,Greenham Common,51.383,-1.283,METAR
EGVN,Brize Norton,51.758,-1.578,METAR|TAF
EGVO,Odiham,51.239,-0.945,METAR|TAF
EGVP,Middle Wallop,51.139,-1.569,METAR|TAF
EGWC,Cosford,52.64,-2.311,METAR|TAF
EGWU,Northolt,51.549,-0.417,METAR|TAF
EGWZ,Alconbury,52.374,-0.22,METAR
EGXC,Coningsby,53.094,-0.173,METAR|TAF
EGXD,Dishforth,54.135,-1.414,METAR|TAF
EGXE,Leeming,54.297,-1.533,METAR|TAF
EGXG,Church Fenton,53.836,-1.199,METAR|TAF
EGXH,Honington,52.343,0.773,METAR
EGXJ,Cottesmore,52.727,-0.656,METAR
EGXN,Newton,52.966,-0.989,METAR
EGXP,Scampton,53.307,-0.548,METAR|TAF
EGXS,Donna Nook,53.475,0.152,METAR
EGXT,Wittering Arpt,52.611,-0.461,METAR|TAF
EGXU,Linton-On-Ouse,54.045,-1.251,METAR|TAF
EGXV,Leconfield,53.876,-0.435,METAR
EGXW,Waddington Arpt,53.175,-0.523,METAR|TAF
EGXZ,Topcliffe,54.205,-1.39,METAR|TAF
EGYD,Cranwell,53.031,-0.503,METAR|TAF
EGYE,Barkston Heath,52.962,-0.562,METAR|TAF
EGYH,Holbeach,52.873,0.139,METAR
EGYM,Marham Arpt,52.648,0.567,METAR|TAF
EGYP,Mount Pleasant Arpt,-51.82,-58.448,METAR|TAF
EGYW,Wainfleet,53.088,0.271,METAR
EHAK,A12-CPP Sea,55.399,3.81,METAR
EHAM,Amsterdam/Schiphol Arpt,52.315,4.79,METAR|TAF
EHBK,Maastricht/Aachen Arpt,50.905,5.762,METAR|TAF
EHDB,De Bilt,52.099,5.18,METAR
EHDL,Deelen,52.061,5.887,METAR|TAF
EHDV,D15-FA-1 Sea,54.326,2.936,METAR
EHEH,Eindhoven Arpt,51.45,5.377,METAR|TAF
EHFD,F3-FB-1 Sea,54.854,4.696,METAR
EHFS,Vlissingen,51.441,3.596,METAR
EHFZ,F16-A Sea,54.117,4.012,METAR
EHGG,Groningen Arpt,53.12,6.579,METAR|TAF
EHGR,Gilze-Rijen,51.565,4.935,METAR|TAF
EHHW,Buitengaats,54.037,6.042,METAR
EHJA,J6-A Sea,53.824,2.945,METAR
EHJR,K14-A Sea,53.218,3.22,METAR
EHKD,Den Helder Arpt,52.927,4.781,METAR|TAF
EHKV,K14-FA-1C Sea,53.269,3.628,METAR
EHLE,Lelystad Arpt,52.456,5.522,METAR|TAF
EHLW,Leeuwarden Arpt,53.223,5.752,METAR|TAF
EHMA,AWG-1 Sea,53.492,5.942,METAR
EHMG,L9-FF-1 Sea,53.614,4.96,METAR
EHPG,P11-B Sea,52.36,3.342,METAR
EHQE,Hoorn-A Sea,52.918,4.15,METAR
EHRD,Rotterdam/The Hague Arpt,51.954,4.444,METAR|TAF
EHSA,Euro Platform,51.998,3.275,METAR
EHSB,Soesterberg,52.127,5.276,METAR|TAF
EHSC,Goeree Le Sea,51.926,3.67,METAR
EHTW,Twente,52.273,6.891,METAR|TAF
EHVB,Valkenburg ),52.166,4.418,METAR|TAF
EHVK,Volkel Arpt,51.658,5.707,METAR|TAF
EHVL,Vlieland Island,53.297,5.086,METAR
EHWO,Woensdrecht,51.448,4.342,METAR|TAF
EICK,Cork Arpt,51.848,-8.479,METAR|TAF
EICM,Galway Arpt,53.3,-8.942,METAR
EIDL,Donegal Arpt,55.044,-8.341,METAR|TAF
EIDW,Dublin Arpt,53.422,-6.298,METAR|TAF
EIKN,Knock/Ireland West Arpt,53.913,-8.811,METAR|TAF
EIKY,Kerry Arpt,52.18,-9.538,METAR|TAF
EIME,Casement Arpt,53.306,-6.442,METAR|TAF
EINN,Shannon Arpt,52.702,-8.925,METAR|TAF
EISG,Sligo Arpt,54.28,-8.599,METAR|TAF
EIWF,Waterford Arpt,52.187,-7.087,METAR|TAF
EKAH,Tirstrup Arpt,56.3,10.619,METAR|TAF
EKAT,Anholt Island Arpt,56.699,11.556,METAR
EKAV,Avnø,55.083,11.783,METAR
EKBI,Billund Arpt,55.74,9.152,METAR|TAF
EKCH,Kobenhavn Intl,55.618,12.656,METAR|TAF
EKEB,Esbjerg Arpt,55.528,8.563,METAR|TAF
EKGC,Gorm,55.58,4.759,METAR|TAF
EKGF,Tyra Oest,55.721,4.802,METAR|TAF
EKHA,Halfdan,55.531,5.004,METAR
EKHD,Harald,56.344,4.272,METAR|TAF
EKHN,Horns Rev B,55.6,7.624,METAR
EKHO,Lindtorp Arpt,56.397,8.442,METAR
EKHR,Horns Rev B,55.509,7.875,METAR
EKHS,Hadsund Arpt,56.756,10.234,METAR
EKKA,Karup Arpt,56.293,9.114,METAR|TAF
EKMB,Maribo Arpt,54.698,11.441,METAR|TAF
EKOD,Odense Arpt,55.475,10.331,METAR|TAF
EKRK,Koebenhavn/Roskilde Arpt,55.587,12.136,METAR|TAF
EKRN,Ronne/Bornholm Arpt,55.068,14.749,METAR|TAF
EKRS,Ringsted Arpt,55.426,11.807,METAR
EKSB,Sønderborg Arpt,54.962,9.787,METAR|TAF
EKSN,Sindal Arpt,57.504,10.223,METAR|TAF
EKSP,Vojens Arpt,55.225,9.263,METAR|TAF
EKST,Sydfyns Arpt,55.015,10.568,METAR
EKSV,Skive Arpt,56.554,9.165,METAR|TAF
EKTE,Tyra,55.722,4.802,METAR
EKTS,Thisted Arpt,57.072,8.693,METAR|TAF
EKVA,Vandel,55.7,9.2,METAR|TAF
EKVD,Vamdrup Arpt,55.436,9.329,METAR|TAF
EKVG,Sørvágur/Vágar Arpt,62.065,-7.282,METAR|TAF
EKVJ,Stauning Arpt,55.991,8.354,METAR|TAF
EKVL,Vaerlose,55.77,12.324,METAR|TAF
EKYT,Aalborg Arpt,57.093,9.879,METAR|TAF
ELLX,Luxembourg/Findel Arpt,49.626,6.204,METAR|TAF
ENAL,Vigra/Alesund Arpt,62.562,6.115,METAR|TAF
ENAN,Andøya Arpt,69.307,16.131,METAR|TAF
ENAS,Ny-Ålesund Arpt,78.917,11.933,METAR
ENAT,Alta Arpt,69.978,23.358,METAR|TAF
ENBJ,Bjornoya Island,74.504,19,METAR
ENBL,Bringeland Arpt,61.391,5.76,METAR|TAF
ENBM,Voss-Bomden,60.639,6.502,METAR
ENBN,Bronnoysund/Bronnoy Arpt,65.458,12.216,METAR|TAF
ENBO,Bodø Arpt,67.267,14.359,METAR|TAF
ENBR,Bergen/Flesland Arpt,60.29,5.222,METAR|TAF
ENBS,Båtsfjord Arpt,70.601,29.698,METAR|TAF
ENBV,Berlevåg Arpt,70.871,29.032,METAR|TAF
ENCN,Kristiansand Arpt,58.2,8.077,METAR|TAF
ENDR,Draugen,64.349,7.78,METAR
ENDU,Bardufoss Arpt,69.058,18.544,METAR|TAF
ENEK,Ekofisk,56.542,3.224,METAR|TAF
ENEV,Evenes Arpt,68.491,16.683,METAR|TAF
ENFB,Statford B,61.206,1.829,METAR
ENFG,Fagernes Arpt,61.013,9.293,METAR|TAF
ENFL,Florø Arpt,61.582,5.02,METAR|TAF
ENFR,Frigg,59.933,2,METAR
ENGC,Gullfax,61.033,2.033,METAR|TAF
ENGK,Gullknapp Arpt,58.516,8.703,METAR|TAF
ENGM,Oslo/Gardermoen Arpt,60.201,11.08,METAR|TAF
ENHD,Haugesund Arpt,59.341,5.22,METAR|TAF
ENHE,Heidrun,65.325,2.327,METAR|TAF
ENHF,Hammerfest Arpt,70.681,23.677,METAR|TAF
ENHK,Hasvik Arpt,70.487,22.14,METAR|TAF
ENHM,Heimdal,59.57,2.22,METAR|TAF
ENHO,Hopen Island,76.509,25.016,METAR
ENHV,Honningsvag/Valan Arpt,71.009,25.982,METAR|TAF
ENJA,Jan Mayen Island,70.94,-8.668,METAR
ENJS,Johan Sverdrup,58.835,2.545,METAR|TAF
ENKA,Kautokeino Arpt,69.04,23.034,METAR
ENKB,Kristiansund Arpt,63.109,7.816,METAR|TAF
ENKR,Kirkenes/Høybuktmoen Arpt,69.725,29.898,METAR|TAF
ENLA,Ula,57.111,2.846,METAR
ENLE,Ekofisk,56.535,3.205,METAR|TAF
ENLI,Lista/Farsund,58.099,6.626,METAR|TAF
ENLK,Leknes Arpt,68.155,13.615,METAR|TAF
ENMH,Mehamn Arpt,71.029,27.829,METAR|TAF
ENML,Molde/Aro Arpt,62.744,7.262,METAR|TAF
ENMS,Mosjøen Arpt,65.784,13.218,METAR|TAF
ENNA,Banak Arpt,70.059,24.971,METAR|TAF
ENNE,Norne,66.03,8.08,METAR|TAF
ENNK,Narvik Arpt,68.437,17.386,METAR
ENNM,Namsos Arpt,64.471,11.57,METAR|TAF
ENNO,Notodden Arpt,59.565,9.217,METAR|TAF
ENOA,Oseberg,60.492,2.827,METAR|TAF
ENOL,Ørland Arpt,63.703,9.609,METAR|TAF
ENOV,Ørsta-Volda Arpt,62.18,6.078,METAR|TAF
ENQA,Troll-A,60.645,3.725,METAR
ENQC,Troll-C,60.886,3.61,METAR
ENQR,Snorre B,61.53,2.22,METAR
ENRA,Moirana Arpt,66.364,14.302,METAR|TAF
ENRM,Rørvik Arpt,64.835,11.141,METAR|TAF
ENRO,Røros Arpt,62.578,11.342,METAR|TAF
ENRS,Røst Arpt,67.527,12.104,METAR|TAF
ENRY,Moss/Rygge Arpt,59.381,10.783,METAR|TAF
ENSB,Longyearbyen/Svalbard Arpt,78.246,15.466,METAR|TAF
ENSD,Sandane Arpt,61.829,6.104,METAR|TAF
ENSE,Snorre A,61.45,2.15,METAR
ENSF,Statfjord A,61.25,1.85,METAR
ENSG,Sogndal/Haukasen Arpt,61.158,7.141,METAR|TAF
ENSH,Svolvaer/Helle Arpt,68.245,14.669,METAR|TAF
ENSK,Storkmarknes Arpt,68.58,15.029,METAR|TAF
ENSL,Sleipner A Plat,58.367,1.907,METAR|TAF
ENSN,Skien Arpt,59.185,9.567,METAR|TAF
ENSO,Sorstokken/Stord Arpt,59.792,5.341,METAR|TAF
ENSR,Sørkjosen Arpt,69.789,20.955,METAR|TAF
ENSS,Vardoe Arpt,70.355,31.044,METAR|TAF
ENST,Sandnessjøen Arpt,65.961,12.472,METAR|TAF
ENTC,Tromsø Arpt,69.675,18.916,METAR|TAF
ENTO,Torp Arpt,59.184,10.255,METAR|TAF
ENUG,Goliat,71.305,22.253,METAR
ENVA,Trondheim Arpt,63.46,10.931,METAR|TAF
ENVD,Vadsø Arpt,70.065,29.835,METAR|TAF
ENVH,Valhall A,56.278,3.393,METAR
ENVR,Værøy,67.653,12.723,METAR
ENWV,Valhall,56.278,3.395,METAR
ENZV,Stavanger/Sola Arpt,58.884,5.637,METAR|TAF
EPBY,Bydgoszcz Arpt,53.0962,17.9949,METAR|TAF
EPCE,Cewice Airbase,54.416,17.763,TAF
EPDA,Darlowek/Darlowo Arpt,54.405,16.353,TAF
EPDE,Deblin Irena Arpt,51.551,21.894,TAF
EPGD,Gdańsk/Wałęsa Arpt,54.379,18.466,METAR|TAF
EPGI,Gudziadz Lisie Arpt,53.524,18.849,METAR|TAF
EPIR,Inowroclaw,52.829,18.331,TAF
EPKK,Kraków/Paul II Arpt,50.078,19.797,METAR|TAF
EPKS,Poznan/Krzesiny,52.332,16.966,TAF
EPKT,Katowice/Pyrzowice Arpt,50.478,19.085,METAR|TAF
EPLB,Lublin Arpt,51.239,22.714,METAR|TAF
EPLK,Lask Arfld,51.552,19.179,TAF
EPLL,Łódź Arpt,51.724,19.401,METAR|TAF
EPLY,Leczyca Arfld,52.005,19.144,TAF
EPMB,Malbork Arfld,54.027,19.134,TAF
EPMI,Miroslawiec Airbase,53.395,16.083,TAF
EPMM,Minsk/Mazowiecki,52.196,21.656,TAF
EPMO,Modlin Arpt,52.452,20.642,METAR|TAF
EPOK,Gdynia-Babie/Doly Arpt,54.58,18.517,TAF
EPPO,Poznań/Ławica Arpt,52.417,16.835,METAR|TAF
EPPR,Pruszcz Gdanski Arfld,54.248,18.672,TAF
EPPW,Powidz Arpt,52.379,17.854,TAF
EPRA,Radom Arpt,51.39,21.211,METAR|TAF
EPRZ,Rzeszów/Jasionka Arpt,50.112,22.025,METAR|TAF
EPSC,Szczecin/Golenow Arpt,53.585,14.902,METAR|TAF
EPSN,Swidwin Arfld,53.791,15.826,TAF
EPSY,Szczytno Intl,53.482,20.938,METAR|TAF
EPTM,Tomaszow Mazowiecki,51.585,20.097,TAF
EPWA,Warsaw/Chopin Arpt,52.163,20.961,METAR|TAF
EPWR,Wrocław/Strachowice Arpt,51.1032,16.8998,METAR|TAF
EPZG,Zielona Gora Arpt,52.137,15.779,METAR|TAF
EQYG,Souda Bay,35.53,24.15,METAR
EQYR,Rota,36.647,-6.347,METAR|TAF
EQYS,Signoella,37.4,14.92,METAR|TAF
ESCF,Linkoping/Malmen Arpt,58.398,15.526,METAR|TAF
ESCM,Uppsala Arpt,59.899,17.589,METAR|TAF
ESDA,Ljungbyhed,56.083,13.213,METAR
ESDF,Ronneby Arpt,56.266,15.267,METAR|TAF
ESGG,Göteborg/Landvetter Arpt,57.667,12.285,METAR|TAF
ESGJ,Jönköping Arpt,57.752,14.069,METAR|TAF
ESGL,Lidkoping Arpt,58.47,13.187,METAR
ESGP,Goteborg/City Arpt,57.781,11.869,METAR|TAF
ESGR,Skövde Arpt,58.457,13.97,METAR
ESGT,Trollhattan Arpt,58.314,12.347,METAR|TAF
ESIA,Karlsborg,58.514,14.507,METAR|TAF
ESIB,Satenas Arpt,58.431,12.71,METAR|TAF
ESKM,Mora-Siljan Arpt,60.96,14.507,METAR
ESKN,Stockholm/Skavsta Arpt,58.786,16.918,METAR|TAF
ESKS,Salen/Scandanavian Mtns Arpt,61.165,12.834,METAR|TAF
ESMK,Kristianstad Arpt,55.922,14.085,METAR|TAF
ESMQ,Kalmar Arpt,56.685,16.284,METAR|TAF
ESMS,Malmo/Sturup Arpt,55.539,13.373,METAR|TAF
ESMT,Halmstad Arpt,56.691,12.82,METAR|TAF
ESMV,Hagshult,57.29,14.134,METAR|TAF
ESMX,Växjö Arpt,56.927,14.73,METAR|TAF
ESND,Sveg Arpt,62.047,14.416,METAR
ESNG,Gällivare Arpt,67.133,20.81,METAR|TAF
ESNJ,Jokkmokk Arpt,66.497,20.145,METAR
ESNK,Kramfors/Solleftea Arpt,63.047,17.766,METAR|TAF
ESNL,Lycksele Arpt,64.552,18.711,METAR|TAF
ESNN,Sundsvall-Timra Arpt,62.532,17.436,METAR|TAF
ESNO,Örnsköldsvik Arpt,63.412,18.98,METAR|TAF
ESNQ,Kiruna Arpt,67.823,20.34,METAR|TAF
ESNS,Skellefteå Arpt,64.625,21.077,METAR|TAF
ESNU,Umeå Arpt,63.789,20.285,METAR|TAF
ESNV,Vilhelmina Arpt,64.579,16.839,METAR
ESNX,Arvidsjaur Arpt,65.592,19.283,METAR|TAF
ESNY,Söderhamn Arpt,61.263,17.098,METAR
ESNZ,Åre Östersund Arpt,63.199,14.489,METAR|TAF
ESOE,Örebro Arpt,59.229,15.046,METAR|TAF
ESOH,Hagfors Arpt,60.02,13.579,METAR
ESOK,Karlstad Arpt,59.442,13.342,METAR|TAF
ESOW,Stockholm/Västerås Arpt,59.595,16.638,METAR|TAF
ESPA,Luleå Arpt,65.541,22.126,METAR|TAF
ESPD,Gunnarn,65.009,17.699,METAR
ESPE,Vidsel,65.875,20.144,METAR|TAF
ESSA,Stockholm/Arlanda Arpt,59.664,17.92,METAR|TAF
ESSB,Stockholm/Bromma Arpt,59.356,17.933,METAR|TAF
ESSD,Borlange/Dala Arpt,60.422,15.515,METAR|TAF
ESSF,Hultsfred,57.526,15.823,METAR
ESSK,Gävle/Sandviken,60.593,16.951,METAR
ESSL,Linköping City Arpt,58.406,15.681,METAR|TAF
ESSP,Norrköping Arpt,58.584,16.255,METAR|TAF
ESST,Torsby Arpt,60.158,12.992,METAR
ESSV,Visby Arpt,57.662,18.348,METAR|TAF
ESTA,Angelholm Arpt,56.294,12.848,METAR|TAF
ESTL,Llungbyhed Arpt,56.083,13.213,METAR|TAF
ESUD,Storuman/Gunnarn Arpt,64.961,17.697,METAR
ESUP,Pajala Arpt,67.246,23.069,METAR
ESUT,Hamavan Arpt,65.806,15.083,METAR|TAF
ETAD,Spangdahlem,49.979,6.698,METAR|TAF
ETAR,Ramstein,49.437,7.6,METAR|TAF
ETEB,Katterbach Arpt,49.308,10.639,METAR|TAF
ETEU,Giebelstadt,49.648,9.966,TAF
ETGG,Gluecksburg/Meierwik,54.827,9.506,METAR|TAF
ETGQ,Rotenburg Arpt,53.13,9.351,METAR|TAF
ETGY,Kalkar,51.733,6.267,METAR|TAF
ETGZ,Messstetten,48.187,8.995,METAR
ETHA,Altenstadt,47.834,10.867,METAR|TAF
ETHB,Bückeburg,52.279,9.082,METAR|TAF
ETHC,Celle Arpt,52.591,10.022,METAR|TAF
ETHE,Rheine/Bentlage,52.293,7.387,METAR|TAF
ETHF,Fritzlar Arpt,51.114,9.286,METAR|TAF
ETHL,Laupheim Arpt,48.218,9.91,METAR|TAF
ETHM,Mendig,50.366,7.315,METAR
ETHN,Niederstetten Arpt,49.398,9.958,METAR|TAF
ETHR,Roth,49.216,11.1,METAR|TAF
ETHS,Fassberg Arpt,52.918,10.184,METAR|TAF
ETIC,Grafenwohr,49.696,11.941,METAR|TAF
ETID,Hanau,50.169,8.962,TAF
ETIE,Heidelberg,49.393,8.652,METAR
ETIH,Hohenfels,49.216,11.839,METAR|TAF
ETIK,Illesheim Arpt,49.472,10.39,METAR|TAF
ETME,Eggebek ),54.625,9.346,METAR
ETML,Marienleuchte,54.494,11.241,METAR
ETMN,Nordholz Arpt),53.765,8.658,METAR|TAF
ETND,Diepholz Arpt,52.588,8.342,METAR|TAF
ETNG,Geilenkirchen,50.964,6.032,METAR|TAF
ETNH,Hohn,54.312,9.538,METAR|TAF
ETNJ,Jever,53.533,7.887,METAR|TAF
ETNL,Laage Arpt,53.916,12.279,METAR|TAF
ETNN,Noervenich,50.829,6.66,METAR|TAF
ETNP,Hopsten,52.339,7.541,METAR
ETNS,Schleswig),54.457,9.52,METAR|TAF
ETNT,Wittmundhaven Arpt,53.548,7.667,METAR|TAF
ETNU,Trollenhagen,53.602,13.306,METAR|TAF
ETNW,Wunstorf,52.457,9.427,METAR|TAF
ETOR,Coleman,49.564,8.463,METAR|TAF
ETOU,Wiesbaden,50.048,8.329,METAR|TAF
ETSA,Landsberg Arpt,48.071,10.906,METAR|TAF
ETSB,Buechel Arpt,50.175,7.06,METAR|TAF
ETSE,Erding,48.321,11.949,METAR|TAF
ETSH,Holzdorf Arpt,51.768,13.168,METAR|TAF
ETSI,Ingolstadt-Manching Arpt,48.716,11.534,METAR|TAF
ETSL,Lechfeld,48.185,10.861,METAR|TAF
ETSN,Nueburg/Donau Arpt,48.71,11.21,METAR|TAF
ETUO,Gutersloh,51.923,8.306,METAR|TAF
ETWM,Meppen,52.725,7.33,METAR
EVGA,Lielvarde Arpt,56.778,24.854,METAR|TAF
EVLA,Liepāja Intl,56.517,21.097,METAR|TAF
EVRA,Riga Intl,56.924,23.968,METAR|TAF
EVVA,Ventpils Arpt,57.361,21.545,METAR|TAF
EYKA,Kaunas Arpt,54.962,24.069,METAR|TAF
EYPA,Palanga Intl,55.973,21.092,METAR|TAF
EYSA,Šiauliai Intl,55.894,23.395,METAR|TAF
EYVI,Vilnius Intl,54.634,25.286,METAR|TAF
FAAB,Alexander Bay Arpt,-28.57,16.531,METAR
FAAN,Aliwal North,-30.72,26.72,METAR
FABE,Bisho Airport,-32.895,27.284,METAR
FABL,Bloemfontein Intl,-29.093,26.302,METAR|TAF
FABM,Bethlehem Arpt,-28.248,28.336,METAR
FABY,Beaufort West,-32.35,22.583,METAR
FACL,Carolina,-26.07,30.12,METAR
FACT,Capetown Intl,-33.965,18.602,METAR|TAF
FACV,Calvinia,-31.482,19.762,METAR
FADN,Durban/Louis Botha,-29.97,30.951,METAR|TAF
FADY,De Aar Arpt,-30.692,24.02,METAR
FAEL,East London Arpt,-33.036,27.826,METAR|TAF
FAEO,Ermelo Arpt,-26.496,29.98,METAR|TAF
FAER,Ellisras Arpt,-23.726,27.69,METAR
FAFF,Frankfort,-27.287,28.514,METAR
FAFR,Fraserburg,-31.92,21.52,METAR
FAGB,Gobabis,-22.47,18.97,METAR
FAGC,Midrand/Grand Central Arpt,-25.986,28.14,METAR
FAGE,Gough Island,-40.35,-9.88,METAR
FAGG,George Arpt,-34.006,22.379,METAR|TAF
FAGM,Johannesburg/Rand Arpt,-26.242,28.151,METAR
FAGR,Graaff Reinet,-32.25,24.53,METAR
FAGY,Greytown,-29.122,30.587,METAR
FAHS,Hoedspruit,-24.381,31.044,METAR|TAF
FAIR,Pretoria/Irene,-25.91,28.211,METAR
FAJB,Johannesburg City,-26.15,28,METAR
FAKM,Kimberley Arpt,-28.803,24.765,METAR|TAF
FAKN,Kruger Mpumalang Intl,-25.383,31.106,METAR|TAF
FALA,Lanseria Intl,-25.939,27.926,METAR|TAF
FALE,Durban/King Shaka Intl,-29.602,31.13,METAR|TAF
FALM,Makhado,-23.16,29.697,METAR|TAF
FALT,Lichtenburg,-26.176,26.185,METAR
FALW,Langebaanweg,-32.972,18.158,METAR|TAF
FALY,Ladysmith,-28.567,29.776,METAR
FAMB,Middelburg Arpt,-25.685,29.44,METAR
FAME,Marion Island,-46.876,37.858,METAR
FAMG,Margate,-30.857,30.343,METAR
FAMM,Mmabatho/Montshioa Intl,-25.798,25.548,METAR|TAF
FAMO,Mossel Bay Cape,-34.18,22.15,METAR
FANC,Newcastle,-27.771,29.977,METAR
FANS,Nelspruit,-25.433,30.983,METAR
FAOB,Overberg Arpt,-34.558,20.249,METAR|TAF
FAOH,Oudtshoorn,-33.607,22.189,METAR
FAOR,Johannesburg/Tambo Intl,-26.139,28.246,METAR|TAF
FAPB,Pietersburg,-23.85,29.45,METAR|TAF
FAPE,Port Elizabeth Arpt,-33.985,25.617,METAR|TAF
FAPG,Plettenberg Bay,-34.088,23.326,METAR
FAPH,Phalaborwa,-23.937,31.155,METAR
FAPI,Pietersburg,-23.9,29.47,METAR
FAPJ,Port St Johns,-31.63,29.55,METAR
FAPM,Pietermaritzburg Arpt,-29.649,30.399,METAR|TAF
FAPN,Pilanesberg Arpt,-25.334,27.173,METAR|TAF
FAPP,Polokwane Arpt,-23.845,29.459,METAR|TAF
FAPR,Pretoria,-25.742,28.183,METAR
FAPS,Potchefstroom Arpt,-26.671,27.082,METAR
FAQT,Queenstown Arpt,-31.919,26.878,METAR
FARB,Richard's Bay,-28.739,32.093,METAR|TAF
FASB,Springbok Arpt,-29.69,17.935,METAR|TAF
FASI,Springs Arpt,-26.248,28.398,METAR
FASK,Swartkop,-25.81,28.165,METAR|TAF
FASS,Sishen Arpt,-27.649,22.999,METAR
FATC,Tristan Da Cunh,-37.05,-12.32,METAR
FATH,Thohoyandou Arpt,-23.078,30.383,METAR
FATZ,Tzaneen,-23.823,30.327,METAR
FAUL,Ulundi,-28.321,31.416,METAR
FAUP,Upington Arpt,-28.399,21.26,METAR|TAF
FAUT,Umtata/Mthatha Arpt,-31.546,28.673,METAR|TAF
FAVB,Vryburg Arpt,-26.982,24.729,METAR
FAVG,Durban/Virginia Beach Arpt,-29.771,31.058,METAR
FAVR,Vredendal,-31.67,18.5,METAR
FAVV,Vereeniging Arpt,-26.566,27.961,METAR
FAVY,Vryheid,-27.787,30.796,METAR
FAWB,Pretoria/Wonderboom Arpt,-25.654,28.224,METAR|TAF
FAWI,Witbank,-25.832,29.192,METAR
FAWK,Waterkloof,-25.83,28.223,METAR|TAF
FAWM,Welkom,-27.998,26.67,METAR
FBFT,Francistown Arpt,-21.161,27.481,METAR|TAF
FBGZ,Ghanzi,-21.692,21.658,METAR|TAF
FBJW,Jwaneng,-24.599,24.697,METAR
FBKE,Kasane Arpt,-17.833,25.162,METAR|TAF
FBLT,Letlhakane,-21.417,25.6,METAR
FBMN,Maun Arpt,-19.973,23.431,METAR|TAF
FBPM,Francistown Intl,-21.159,27.477,METAR|TAF
FBSK,Gaborone/Khama Intl,-24.555,25.918,METAR|TAF
FBSN,Sua Pan Arpt,-20.553,26.116,METAR
FBSP,Selebi Phikwe Arpt,-22.058,27.829,METAR|TAF
FBSW,Shakawe,-18.379,21.838,METAR
FBTE,Tshane,-24.018,21.87,METAR
FBTS,Tsabong Arpt,-26.031,22.402,METAR
FCBB,Brazzaville Arpt,-4.252,15.253,METAR|TAF
FCBD,Djambala,-2.53,14.77,METAR
FCBM,Mouyondzi,-4.015,13.966,METAR
FCBO,M'Pouya,-2.617,16.217,METAR
FCBS,Sibiti,-3.683,13.35,METAR
FCOD,Ollombo/N'Guesso Arpt,-1.226,15.91,METAR
FCOG,Gamboma Arpt,-1.894,15.855,METAR
FCOI,Impfondo Arpt,1.592,18.051,METAR
FCOM,Makoua,-0.02,15.58,METAR
FCOS,Souanke,2.067,14.133,METAR
FCOU,Ouesso,1.616,16.038,METAR
FCPA,Makabana,-3.483,12.617,METAR
FCPL,Loubomo,-4.2,12.7,METAR
FCPP,Pointe-Noire Arpt,-4.816,11.887,METAR|TAF
FDBB,Big Bend Met,-26.815,31.934,METAR
FDJR,Jericho,-27.162,31.439,METAR
FDLM,Lomahasha,-25.984,31.986,METAR
FDLV,Lavumisa,-27.267,31.818,METAR
FDMS,Manzini/Matsapha Intl,-26.529,31.308,METAR|TAF
FDMY,Mayiwane,-25.893,31.51,METAR
FDND,Ndzevane,-26.957,31.955,METAR
FDNH,Nhlangano Arpt,-27.119,31.213,METAR
FDNY,Nyonyane,-26.115,31.45,METAR
FDOT,Moti,-26.704,31.425,METAR|TAF
FDPP,Piggs Peak Met,-25.966,31.249,METAR
FDSK,Sikhuiphe Intl,-26.359,31.719,METAR|TAF
FDST,Siteki,-26.439,31.944,METAR
FDUS,Musi,-26.722,30.912,METAR
FDVV,Vuvulane,-26.07,31.88,METAR
FEFA,Alindao,5.05,21.2,METAR
FEFB,Obo,5.404,26.487,METAR
FEFF,Bangui Arpt,4.399,18.519,METAR|TAF
FEFG,Bangassou Arpt,4.787,22.788,METAR
FEFI,Birao,10.283,22.783,METAR
FEFL,Bossembele,5.267,17.633,METAR
FEFM,Bambari,5.847,20.649,METAR
FEFN,N'Délé,8.4,20.65,METAR
FEFO,Bouar,5.959,15.638,METAR
FEFR,Bria,6.528,21.989,METAR
FEFS,Bossangoa,6.494,17.427,METAR
FEFT,Berbérati Arpt,4.226,15.787,METAR
FEFY,Yalinga,6.521,23.26,METAR
FGBT,Bata Intl,1.905,9.806,METAR|TAF
FGSL,Malabo/Santa Isabel Arpt,3.756,8.71,METAR|TAF
FHAW,Ascension Arpt,-7.97,-14.394,METAR|TAF
FIMP,Mauritius Intl,-20.434,57.684,METAR|TAF
FIMR,Rodrigues Arpt,-19.755,63.36,METAR|TAF
FJDG,Diego Garcia Arpt,-7.313,72.411,METAR|TAF
FKAB,Banyo,6.78,11.82,METAR
FKAG,Abong-Mbang,3.983,13.185,METAR
FKAL,Lomie,3.167,13.617,METAR
FKAM,Meiganga,6.516,14.292,METAR
FKAN,Nkongsamba,4.95,9.934,METAR
FKAO,Bétaré-Oya,5.592,14.086,METAR
FKAY,Yolo,5.534,12.321,METAR
FKKA,Maroua-Salak,10.451,14.257,METAR
FKKB,Kribi,2.874,9.977,METAR
FKKC,Tiko,4.089,9.361,METAR
FKKD,Douala Intl,4.006,9.72,METAR|TAF
FKKF,Mamfe,5.717,9.283,METAR
FKKI,Batouri,4.475,14.363,METAR
FKKL,Maroua/Salak Arpt,10.451,14.257,METAR|TAF
FKKM,Koundja,5.637,10.751,METAR
FKKN,Ngaoundere Arpt,7.357,13.559,METAR|TAF
FKKR,Garoua Intl,9.336,13.37,METAR|TAF
FKKV,Bamenda,6.039,10.123,METAR
FKKY,Younde II,3.83,11.53,METAR
FKYS,Yaounde Arpt,3.833,11.521,METAR|TAF
FLBA,Mbala,-8.859,31.336,METAR
FLCH,Choma,-16.836,27.068,METAR
FLCP,Chipata,-13.558,32.587,METAR|TAF
FLHN,Livingstone/Nkumbula Arpt,-17.823,25.819,METAR|TAF
FLIK,Isoka,-10.117,32.633,METAR
FLJK,Jeki Arpt,-15.6334,29.6036,TAF
FLKB,Kawambwa,-9.798,29.092,METAR
FLKK,Lusaka/Kuanda Intl,-15.329,28.448,METAR|TAF
FLKO,Kaoma,-14.796,24.804,METAR
FLKS,Kasama,-10.217,31.133,METAR|TAF
FLKW,Kabwe,-14.45,28.467,METAR
FLLC,Lusaka City Arpt,-15.414,28.329,METAR
FLLD,Lundazi,-12.286,33.186,METAR
FLLI,Livingstone Arpt,-17.823,25.819,METAR|TAF
FLLS,Lusaka Intl,-15.329,28.448,TAF
FLMA,Mansa Arpt,-11.138,28.875,METAR|TAF
FLMF,Mfuwe Intl,-13.259,31.937,METAR|TAF
FLMG,Mongu,-15.255,23.162,METAR
FLMP,Mpika,-11.899,31.435,METAR
FLMW,Mwinilunga,-11.75,24.43,METAR
FLND,Ndola Arpt,-12.998,28.665,METAR|TAF
FLPA,Kasempa,-13.472,25.858,METAR
FLPE,Petauke,-14.217,31.223,METAR
FLPO,Kabompo,-13.576,24.232,METAR
FLSE,Serenje,-13.233,30.217,METAR
FLSK,Ndola Arpt,-12.998,28.665,METAR|TAF
FLSN,Senanga,-16.113,23.298,METAR
FLSS,Sesheke,-17.476,24.305,METAR
FLSW,Solwezi,-12.171,26.366,METAR|TAF
FLZB,Zambezi,-13.537,23.108,METAR
FMCH,Comoros/Ibrahim Intl,-11.534,43.272,METAR|TAF
FMCV,Ouani Arpt,-12.132,44.43,METAR
FMCZ,Dzaoudzi/Pamandzi Intl,-12.805,45.281,METAR|TAF
FMEE,Reunion/St Denis/Garros Arpt,-20.887,55.51,METAR|TAF
FMEP,Reunion/Pierrefonds Arpt,-21.32,55.425,METAR|TAF
FMME,Antsirabe,-19.817,47.067,METAR|TAF
FMMH,Mahanoro,-19.833,48.8,METAR
FMMI,Antananarivo/Ivato Intl,-18.797,47.479,METAR|TAF
FMMO,Maintirano,-18.05,44.033,METAR
FMMS,Sainte Marie Arpt,-17.09,49.816,METAR|TAF
FMMT,Toamasina Arpt,-18.11,49.392,METAR|TAF
FMMV,Morondava,-20.285,44.318,METAR
FMNA,Antsiranana Arpt,-12.35,49.293,METAR|TAF
FMND,Andapa,-14.652,49.621,METAR
FMNH,Antalaha,-14.906,50.279,METAR
FMNL,Analalava Arpt,-14.63,47.764,METAR
FMNM,Mahajanga Arpt,-15.667,46.352,METAR|TAF
FMNN,Fascene/Nosy-Be Arpt,-13.317,48.31,METAR|TAF
FMNQ,Besalampy,-16.744,44.483,METAR
FMNS,Sambava,-14.279,50.175,METAR
FMNV,Vohemar,-13.376,50.003,METAR
FMSD,Tôlanaro Arpt,-25.038,46.956,METAR|TAF
FMSF,Fianarantsoa,-21.442,47.112,METAR
FMSG,Farafangana,-22.805,47.821,METAR
FMSM,Mananjary,-21.202,48.358,METAR
FMSO,Ranohira,-22.556,45.419,METAR
FMSR,Morombe,-21.754,43.376,METAR
FMST,Tulear,-23.383,43.728,METAR|TAF
FNBC,Mbanza Congo Arpt,-6.27,14.247,METAR|TAF
FNBG,Benguela Arpt,-12.606,13.404,METAR|TAF
FNCA,Cabinda Arpt,-5.59,12.188,METAR|TAF
FNCT,Catumbela Arpt,-12.479,13.487,METAR|TAF
FNDU,Dundo Arpt,-7.401,20.819,METAR|TAF
FNGI,Ondjiva Pereira Arpt,-17.044,15.684,METAR|TAF
FNHU,Huambo/Machado Arpt,-12.809,15.761,METAR|TAF
FNKU,Cuito/Kapango Arpt,-12.401,16.952,METAR|TAF
FNLU,Luanda Intl,-8.858,13.231,METAR|TAF
FNMA,Melanje Arpt,-9.525,16.312,METAR|TAF
FNME,Menongue/Kwenha Arpt,-14.656,17.717,TAF
FNMO,Namibe Arpt,-15.261,12.147,METAR|TAF
FNSA,Saurimo Arpt,-9.689,20.432,METAR|TAF
FNSO,Soyo Arpt,-6.141,12.372,METAR|TAF
FNSU,Sumbe Arpt,-11.168,13.848,METAR
FNUB,Lubango Arpt,-14.925,13.575,METAR|TAF
FNUE,Luena Arpt,-11.768,19.898,METAR|TAF
FNUG,Uige Arpt,-7.603,15.028,METAR|TAF
FOGM,Mouila Arpt,-1.846,11.057,METAR
FOGO,Oyem Arpt,1.537,11.579,METAR
FOGR,Lambarene Arpt,-0.704,10.246,METAR
FOOB,Bitam Arpt,2.078,11.491,METAR
FOOC,Cocobeach,0.982,9.572,METAR
FOOD,Moanda,-1.532,13.265,METAR
FOOE,Mekambo,1.012,13.941,METAR
FOOG,Port Gentil Intl,-0.712,8.754,METAR|TAF
FOOK,Makokou Arpt,0.579,12.891,METAR
FOOL,Libreville/M'Ba Intl,0.459,9.412,METAR|TAF
FOOM,Mitzic,0.774,11.555,METAR
FOON,Franceville Arpt,-1.656,13.438,METAR|TAF
FOOR,Lastoursville,-0.827,12.745,METAR
FOOT,Tchibanga Arpt,-2.887,10.957,METAR
FOOY,Mayumba,-3.454,10.668,METAR
FPPR,Príncipe,1.65,7.42,METAR
FPST,São Tomé Intl,0.378,6.712,METAR|TAF
FQBR,Beira Intl,-19.796,34.908,METAR|TAF
FQCB,Cuamba,-14.815,36.53,METAR
FQCH,Chimoio Arpt,-19.148,33.428,METAR|TAF
FQIN,Inhambane Arpt,-23.876,35.407,METAR|TAF
FQLC,Lichinga Arpt,-13.271,35.265,METAR|TAF
FQLU,Lumbo,-15.027,40.671,METAR
FQMA,Maputo Intl,-25.921,32.573,METAR|TAF
FQMP,Mocimboa Da Praia Arpt,-11.362,40.355,METAR
FQNC,Nacala Arpt,-14.488,40.712,METAR|TAF
FQNP,Nampula Arpt,-15.106,39.282,METAR|TAF
FQPB,Pemba Arpt,-12.989,40.525,METAR|TAF
FQQL,Quelimane Arpt,-17.858,36.869,METAR|TAF
FQTE,Tete,-16.11,33.645,METAR|TAF
FQTT,Tete Arpt,-16.108,33.64,METAR|TAF
FQVL,Vilankulo Arpt,-22.017,35.313,METAR|TAF
FQXA,Xai Xai,-25.038,33.627,METAR|TAF
FSIA,Seychelles Intl,-4.674,55.522,METAR|TAF
FSPP,Praslin Arpt,-4.319,55.691,METAR
FSSS,Seychelles,-4.683,55.517,METAR
FTTA,Sarh Arpt,9.144,18.374,METAR
FTTC,Abeche Arpt,13.847,20.844,METAR
FTTD,Moundou Arpt,8.624,16.071,METAR
FTTJ,N'Djamena Intl,12.134,15.034,METAR|TAF
FTTL,Bol-Berim,13.443,14.739,METAR
FTTN,Am-Timan,11.034,20.274,METAR
FTTP,Pala,9.377,14.923,METAR
FTTY,Faya-Largeau Arpt,17.918,19.107,METAR
FVBB,Beitbridge,-22.195,30.014,METAR
FVBI,Binga,-17.647,27.317,METAR
FVBU,Bulawayo Arpt,-20.017,28.618,METAR|TAF
FVCH,Chipinge,-20.207,32.628,METAR
FVCZ,Chiredzi/Buffalo Range Arpt,-21.008,31.578,METAR|TAF
FVFA,Victoria Falls Arpt,-18.096,25.839,METAR|TAF
FVGO,Gokwe,-18.217,28.931,METAR
FVHA,Harare Intl,-17.921,31.1,METAR|TAF
FVJN,Bulawayo/Nkomo Intl,-20.021,28.627,METAR|TAF
FVKA,Karoi,-16.83,29.62,METAR
FVKB,Kariba Arpt,-16.52,28.885,METAR|TAF
FVMT,Mutoko,-17.432,32.184,METAR
FVMV,Masvingo Arpt,-20.055,30.859,METAR|TAF
FVRG,Harare/Mugabe Intl,-17.921,31.1,METAR|TAF
FVRU,Rusape,-18.533,32.133,METAR
FVTL,Gweru/Thornhill Arpt,-19.436,29.862,METAR|TAF
FVWN,Hwange Natl Park Arpt,-18.636,27.001,METAR|TAF
FWCL,Chileka Intl,-15.679,34.974,METAR|TAF
FWCT,Chitipa,-9.704,33.264,METAR
FWDZ,Dedza,-14.317,34.267,METAR
FWKA,Karonga,-9.954,33.893,METAR
FWKI,Lilongwe Intl,-13.789,33.781,METAR|TAF
FWKK,Nkhota Kota,-12.922,34.281,METAR
FWMG,Mangochi,-14.484,35.258,METAR
FWMY,Monkey Bay,-14.084,34.92,METAR
FWMZ,Mzimba,-11.9,33.6,METAR
FWSM,Salima,-13.756,34.584,METAR
FWUU,Mzuzu Arpt,-11.445,34.012,METAR|TAF
FXMM,Maseru/Moshoeshoe Intl,-29.462,27.552,METAR|TAF
FXMU,Maseru/Mejametalana,-29.304,27.502,METAR
FYAB,Aroab Arpt,-26.78,19.634,METAR
FYAN,Aranos,-24.15,19.11,METAR
FYAS,Aus Arpt,-26.694,16.319,METAR
FYBG,Bagani Arpt,-18.118,21.625,METAR
FYEN,Eenhana Arpt,-17.483,16.322,METAR
FYGB,Gobabis Arpt,-22.504,18.973,METAR
FYGF,Grootfontein Arpt,-19.599,18.116,METAR|TAF
FYGO,Gobabeb,-23.56,15.04,METAR
FYHN,Henties Bay,-22.117,14.283,METAR
FYKB,Karasburg Arpt,-28.03,18.738,METAR
FYKM,Katima Mulilo Arpt,-17.634,24.177,METAR|TAF
FYKT,Keetmanshoop Arpt,-26.54,18.111,METAR|TAF
FYKX,Khorixas,-20.367,14.966,METAR
FYLZ,Luderitz Arpt,-26.687,15.243,METAR|TAF
FYMH,Maltahoehe Arpt,-24.772,16.979,METAR
FYML,Mariental Arpt,-24.605,17.925,METAR
FYND,Noordoewer,-28.707,17.614,METAR
FYOA,Ondangwa Arpt,-17.878,15.953,METAR|TAF
FYOG,Oranjemund Arpt,-28.585,16.447,METAR|TAF
FYOH,Okahao,-17.884,15.067,METAR
FYOJ,Outjo Arpt,-20.075,16.125,METAR
FYOK,Okakarara Arpt,-20.603,17.468,METAR
FYOM,Omaruru Arpt,-21.415,15.938,METAR
FYOO,Okaukuejo Arpt,-19.149,15.912,METAR
FYOP,Opuwo Arpt,-18.061,13.851,METAR
FYOS,Oshakati Arpt,-17.792,15.697,METAR
FYOT,Ootmoed,-24.017,19.733,METAR
FYOW,Otjiwarongo Arpt,-20.433,16.665,METAR
FYRH,Rehobeth,-23.31,17.08,METAR
FYRK,Rooikop,-22.98,14.645,METAR
FYRN,Rhino Camp,-20.024,13.846,METAR
FYRU,Rundu Arpt,-17.956,19.724,METAR|TAF
FYTE,Terrace Bay,-19.974,13.026,METAR
FYTK,Tsumkwe Arpt,-19.585,20.453,METAR
FYTM,Tsumeb Arpt,-19.262,17.733,METAR
FYTN,Otjinene Arpt,-21.131,18.787,METAR
FYWB,Walvis Bay Arpt,-22.98,14.645,METAR|TAF
FYWE,Windhoek/Eros Arpt,-22.612,17.08,METAR|TAF
FYWH,Windhoek/Kufako Intl,-22.481,17.47,METAR|TAF
FYWW,Windhoek,-22.567,17.1,METAR|TAF
FZAA,Kinshasa/NDjili Arpt,-4.387,15.448,METAR|TAF
FZAG,Moanda Arpt,-5.931,12.351,METAR
FZAM,Matadi,-5.8,13.44,METAR
FZAN,Inga,-5.532,13.579,METAR
FZBA,Inongo,-1.946,18.286,METAR
FZBO,Bandundu,-3.311,17.382,METAR
FZCA,Kikwit Arpt,-5.036,18.786,METAR
FZCS,Kenge,-4.839,17.029,METAR
FZEA,Mbandaka Arpt,0.022,18.289,METAR
FZFK,Gemena,3.28,19.78,METAR
FZGN,Boende Arpt,-0.288,20.881,METAR
FZIA,Kisangani,0.517,25.183,METAR
FZIC,Kisangani/Bangoka Arpt,0.482,25.338,METAR|TAF
FZMB,Butembo,0.117,29.313,METAR
FZNA,Goma Arpt,-1.663,29.237,METAR|TAF
FZNC,Rutshuru,-1.183,29.45,METAR
FZOA,Kindu,-2.925,25.916,METAR
FZQA,Lubumbashi Intl,-11.592,27.53,METAR|TAF
FZQM,Kolwezi Arpt,-10.766,25.508,METAR
FZRA,Manono Arpt,-7.289,27.394,METAR
FZRF,Kalemie,-5.881,29.243,METAR
FZRQ,Kongolo,-5.394,26.991,METAR
FZSA,Kamina,-8.647,25.249,METAR
FZUA,Kananga,-5.88,22.42,METAR
FZUK,Tshikapa,-6.438,20.794,METAR
FZVA,Lodja,-3.462,23.618,METAR
FZVS,Ilebo,-4.33,20.589,METAR
FZWA,Mbuji-Mayi Arpt,-6.123,23.57,METAR
GABG,Bougouni,11.417,-7.5,METAR
GABS,Bamako/Senou Intl,12.534,-7.95,METAR|TAF
GAGO,Gao Arpt,16.247,-0.006,METAR|TAF
GAHB,Hombori,15.286,-1.703,METAR
GAKA,Kenieba,12.85,-11.233,METAR
GAKD,Kayes Arpt,14.482,-11.404,METAR
GAKL,Kidal,18.433,1.35,METAR
GAKO,Koutiala,12.383,-5.467,METAR
GAKT,Kita,13.07,-9.462,METAR
GAKY,Kayes Dag Dag Arpt,14.479,-11.406,METAR
GAMB,Mopti Arpt,14.512,-4.084,METAR
GAMK,Menaka,15.916,2.398,METAR
GANK,Nara,15.167,-7.283,METAR
GANR,Nioro Du Sahel Arpt,15.237,-9.577,METAR
GASG,Segou,13.4,-6.15,METAR
GASN,San,13.307,-4.883,METAR
GATB,Tombouctou Arpt,16.73,-3.008,METAR
GATS,Tessalit,20.252,0.984,METAR
GBYD,Banjul Intl,13.341,-16.653,METAR|TAF
GCFV,Fuerteventura Arpt,28.445,-13.863,METAR|TAF
GCGM,Alajero/La Gomera Arpt,28.032,-17.211,METAR|TAF
GCHI,Valverde/Hierro Arpt,27.819,-17.889,METAR|TAF
GCLA,La Palma Arpt,28.633,-17.755,METAR|TAF
GCLP,Grand Canaria Arpt,27.923,-15.389,METAR|TAF
GCRR,Arrecife/Lanzarote Arpt,28.952,-13.6,METAR|TAF
GCTS,Tenerife/South Arpt,28.047,-16.561,METAR|TAF
GCXO,Tenerife/North Arpt,28.483,-16.342,METAR|TAF
GECE,Ceuta Heliport,35.893,-5.306,METAR|TAF
GEML,Melilla Arpt,35.278,-2.956,METAR|TAF
GFLL,Freetown/Lungi Intl,8.616,-13.195,METAR|TAF
GGBF,Bafatá,12.176,-14.658,METAR
GGOV,Bissau/Vierra Intl,11.895,-15.654,METAR|TAF
GLRB,Monrovia/Roberts Intl,6.234,-10.362,METAR|TAF
GMAA,Agadir,30.383,-9.567,METAR
GMAD,Agadir/Al Massira Arpt,30.325,-9.413,METAR|TAF
GMAG,Guelmim Arpt,29.031,-10.051,METAR|TAF
GMAT,Tan-Tan/Blanche Arpt,28.446,-11.158,METAR
GMAZ,Zagora Arpt,30.266,-5.854,METAR
GMFB,Bouarfa Intl,32.514,-1.978,METAR
GMFF,Fes/Saïss Arpt,33.929,-4.976,METAR|TAF
GMFI,Ifrane,33.505,-5.153,METAR
GMFK,Errachidia/Cherif Arpt,31.946,-4.399,METAR|TAF
GMFM,Meknes/Bassatine Arpt,33.875,-5.52,METAR|TAF
GMFN,Nador Arpt,34.991,-3.026,METAR
GMFO,Oujda/Angads Arpt,34.787,-1.924,METAR|TAF
GMFZ,Taza Arpt,34.232,-3.947,METAR
GMMB,Ben Slimane Arpt,33.655,-7.221,METAR
GMMC,Casablanca/Anfa Arpt,33.557,-7.66,METAR
GMMD,Beni-Mellal Arpt,32.403,-6.316,METAR
GMME,Rabat-Salé Arpt,34.051,-6.752,METAR|TAF
GMMF,Sidi Ifni,29.369,-10.18,METAR
GMMH,Dakhla Intl,23.718,-15.932,METAR|TAF
GMMI,Essaouira/Mogador Arpt,31.406,-9.687,METAR|TAF
GMML,Laâyoune/Hassan Arpt,27.141,-13.23,METAR|TAF
GMMN,Casablanca Intl,33.367,-7.59,METAR|TAF
GMMP,Kenitra,34.3,-6.595,METAR
GMMS,Safi,32.283,-9.233,METAR
GMMW,Nador/Aroui Intl,34.993,-3.025,METAR|TAF
GMMX,Marrakesh/Menara Intl,31.607,-8.036,METAR|TAF
GMMY,Kenitra,34.299,-6.596,METAR
GMMZ,Ouarzazate Arpt,30.939,-6.909,METAR|TAF
GMTA,Al Hoceima/Idrissi Arpt,35.177,-3.84,METAR|TAF
GMTN,Tetouan/Sania Ramel Arpt,35.594,-5.32,METAR|TAF
GMTT,Tangier/Batouta Arpt,35.727,-5.917,METAR|TAF
GOBD,Dakar/Diagne Intl,14.671,-17.067,METAR|TAF
GOGG,Ziguinchor Arpt,12.556,-16.282,METAR
GOGK,Kolda Arpt,12.898,-14.967,METAR
GOGS,Cap Skirring Arpt,12.389,-16.742,METAR|TAF
GOOD,Diourbel,14.65,-16.23,METAR
GOOG,Linguère Arpt,15.4,-15.084,METAR
GOOK,Kaolack Arpt,14.147,-16.052,METAR
GOOY,Dakar/Yoff-Senghor Intl,14.741,-17.49,METAR|TAF
GOSM,Matam/Ouro Sogui Arpt,15.597,-13.326,METAR
GOSP,Podor Arpt,16.677,-14.964,METAR
GOSS,Saint Louis Arpt,16.051,-16.461,METAR|TAF
GOTK,Kédougou Arpt,12.572,-12.22,METAR
GOTT,Tambacounda Arpt,13.733,-13.657,METAR
GQNA,Aioun El Atrous Arpt,16.715,-9.637,METAR
GQNB,Boutilimit,17.538,-14.688,METAR
GQND,Tidjikja,18.57,-11.424,METAR
GQNF,Kiffa Arpt,16.593,-11.4,METAR
GQNI,Néma,16.607,-7.282,METAR
GQNJ,Akjoujt,19.728,-14.378,METAR
GQNK,Kaédi,16.156,-13.51,METAR
GQNN,Nouakchott Intl,18.098,-15.948,TAF
GQNO,Nouakchott/Oumtounsy Arpt,18.31,-15.97,METAR|TAF
GQNR,Rosso,16.5,-15.817,METAR
GQPA,Atar Arpt,20.507,-13.043,METAR
GQPP,Nouadhibou Arpt,20.929,-17.031,METAR|TAF
GQPT,Bir Moghrein,25.233,-11.588,METAR
GQPZ,Zouerat/Tazadit Arpt,22.757,-12.484,METAR
GSVO,Dakhla Arpt,23.711,-15.931,METAR
GUCY,Conakry Intl,9.577,-13.612,METAR|TAF
GUFH,Faranah Arpt,10.037,-10.761,METAR
GUID,Kindia,10.05,-12.867,METAR
GUKU,Kissidougou,9.161,-10.124,METAR
GULB,Labe,11.326,-12.287,METAR
GUMA,Macenta,8.546,-9.47,METAR
GUNZ,Nzérékoré Arpt,7.816,-8.703,METAR
GUOK,Boke Arpt,10.966,-14.281,METAR
GUSI,Siguiri,11.399,-9.187,METAR
GUXD,Kankan,10.394,-9.304,METAR
GVAC,Sal/Amílcar Cabral,16.742,-22.949,METAR|TAF
GVBA,Rabil Arpt,16.137,-22.889,METAR|TAF
GVNP,Praia Intl,14.947,-23.484,METAR|TAF
GVSV,São Pedro Arpt,16.833,-25.055,METAR|TAF
HAAB,Addis Ababa/Bole Intl,8.978,38.799,METAR|TAF
HAAG,Agordat,15.55,37.88,METAR
HAAM,Arba Minch Arpt,6.039,37.589,METAR
HAAW,Awash,8.994,40.167,METAR
HAAX,Axum Arpt,14.144,38.774,METAR|TAF
HABC,Bako,5.78,36.56,METAR
HABD,Bahar Dar Arpt,11.603,37.322,METAR|TAF
HADC,Combolcha Arpt,11.111,39.725,METAR|TAF
HADM,Debre Marcos,10.319,37.743,METAR
HADR,Dire Dawa/Yilma Arpt,9.612,41.857,METAR|TAF
HAGH,Ghinnir Arpt,7.13,40.71,METAR
HAGN,Gondar Arpt,12.52,37.434,METAR|TAF
HAGO,Gode/Iddole Arpt,5.935,43.579,METAR
HAGR,Gore,8.15,35.533,METAR
HAHM,Harar Meda Arpt,8.713,39.007,METAR
HAJJ,Jijiga/Wilwal Arpt,9.331,42.911,METAR|TAF
HAJM,Jimma/Aba Segud Arpt,7.666,36.817,METAR
HAKD,Kabre Dare Arpt,6.733,44.24,METAR
HALA,Hawassa Intl,7.097,38.395,METAR|TAF
HAMK,Makale/Aba Nega Arpt,13.471,39.532,METAR|TAF
HAML,Masslo,6.37,39.83,METAR
HAMS,Massawa,15.62,39.45,METAR
HANG,Negele,5.284,39.698,METAR
HASO,Assosa Arpt,10.021,34.581,METAR
HATS,Tessenei,15.11,36.68,METAR
HBBA,Bujumbura Intl,-3.324,29.319,METAR|TAF
HCMF,Bosaso Arpt,11.277,49.141,METAR
HCMH,Hargeisa Intl,9.517,44.086,METAR
HCMI,Berbera Arpt,10.391,44.943,METAR
HCMM,Mogadishu/Adde Intl,2.015,45.305,METAR|TAF
HCMN,Belet Uen,4.7,45.217,METAR
HCMV,Burao Arpt,9.523,45.551,METAR
HDAM,Djibouti/Ambouli Intl,11.547,43.16,METAR|TAF
HEAL,El Alamein Intl,30.924,28.461,METAR|TAF
HEAR,El Arish Intl,31.041,33.817,METAR|TAF
HEAT,Assiut Arpt,27.049,31.014,METAR|TAF
HEAX,Alexandria Intl,30.918,29.696,METAR|TAF
HEBL,Abu Simbel Arpt,22.376,31.612,METAR|TAF
HECA,Cairo Intl,30.133,31.405,METAR|TAF
HECP,Cairo/Capital Intl,30.072,31.838,METAR
HEGN,Hurguada Arpt,27.179,33.801,METAR|TAF
HEIS,Ismailia Arpt,30.592,32.247,METAR
HELX,Luxor Intl,25.671,32.706,METAR|TAF
HEMA,Marsa Alam Intl,25.557,34.584,METAR|TAF
HEMM,Mersa Matruh Intl,31.325,27.222,METAR|TAF
HEOC,October Arpt,29.812,30.823,METAR
HEOW,Oweinat Arpt,22.583,28.716,METAR|TAF
HEPS,Port Said Arpt,31.279,32.238,METAR|TAF
HERT,UNK,-99.99,-99.99,METAR
HESC,St Catherine Intl,28.685,34.062,METAR|TAF
HESG,Sohag Intl,26.343,31.743,METAR|TAF
HESH,Sharm El Sheikh Intl,27.977,34.395,METAR|TAF
HESN,Aswan Intl,23.964,32.82,METAR|TAF
HESW,Siwa Oasis Arpt,29.346,25.507,METAR
HESX,Cairo/Sphinx Intl,30.108,30.896,METAR|TAF
HETB,Taba Intl,29.588,34.778,METAR|TAF
HETR,El Tor/Sanai Arpt,28.209,33.646,METAR|TAF
HHAS,Asmara Intl,15.292,38.911,METAR|TAF
HJJJ,Juba Intl,4.872,31.601,METAR|TAF
HJMK,Malakal Arpt,9.559,31.652,METAR|TAF
HKEL,Eldoret Intl,0.404,35.239,METAR|TAF
HKEM,Embu Arpt,-0.573,37.497,METAR
HKGA,Garissa Arpt,-0.464,39.649,METAR
HKIS,Isiolo,0.35,37.58,METAR
HKJK,Nairobi/Kenyatta Intl,-1.319,36.928,METAR|TAF
HKKG,Kakamega Arpt,0.271,34.787,METAR
HKKI,Kisumu Arpt,-0.086,34.734,METAR|TAF
HKKR,Kericho Arpt,-0.394,35.24,METAR
HKKS,Kisii,-0.683,34.788,METAR
HKKT,Kitale Arpt,0.973,34.959,METAR
HKLO,Lodwar Arpt,3.122,35.609,METAR
HKLU,Manda Isl/Lamu Arpt,-2.252,40.913,METAR
HKMA,Mandera Arpt,3.933,41.843,METAR
HKMB,Marsabit,2.346,37.997,METAR
HKME,Meru,0.052,37.651,METAR
HKMK,Meru/Mulika Arpt,0.231,38.171,METAR
HKML,Malindi Arpt,-3.229,40.102,METAR|TAF
HKMO,Mombasa/Moi Intl,-4.015,39.606,METAR|TAF
HKMS,Mara Serena Arpt,-1.404,35.009,METAR
HKMU,Makindu Arpt,-2.29,37.825,METAR
HKMY,Moyale Arpt,3.47,39.102,METAR
HKNC,Nairobi/Dagoretti,-1.304,36.76,METAR
HKNI,Nyeri Arpt,-0.343,36.915,METAR
HKNK,Nakuru Arpt,-0.298,36.159,METAR
HKNO,Narok,-1.133,35.833,METAR
HKNW,Nairobi/Wilson Arpt,-1.322,36.815,METAR|TAF
HKNY,Nanyuki Arpt,-0.062,37.041,METAR
HKRE,Nairobi/Moi,-1.277,36.862,METAR
HKVO,Voi Arpt,-3.371,38.532,METAR
HKWJ,Wajir Arpt,1.74,40.087,METAR
HLGD,Sirte/Ghardabiya Intl,31.064,16.595,TAF
HLGT,Ghat,25.146,10.143,METAR|TAF
HLKF,Kufra,24.217,23.3,METAR|TAF
HLLB,Benghazi/Benina Intl,32.097,20.27,METAR|TAF
HLLM,Tripoli/Mitiga Intl,32.894,13.276,METAR|TAF
HLLQ,El Beida/Labraq Arpt,32.789,21.964,TAF
HLLS,Sebha Arpt,26.994,14.464,METAR|TAF
HLLT,Tripoli Intl,32.663,13.159,METAR|TAF
HLMS,Misrata Intl,32.324,15.062,TAF
HLON,Hon Arpt,29.11,15.966,TAF
HLTD,Ghadames,30.132,9.513,METAR|TAF
HLTQ,Tobruk Intl,31.875,23.905,TAF
HLUB,Ubari Arpt,26.567,12.824,TAF
HRYG,Gisenyi,-1.677,29.259,METAR
HRYR,Kigali Intl,-1.969,30.14,METAR|TAF
HRZA,Kemembe Arpt,-2.462,28.908,METAR|TAF
HSAT,Atbara,17.65,33.991,METAR
HSDN,Dongola,19.151,30.431,METAR
HSDZ,Damazine,11.786,34.337,METAR
HSFS,El Fasher,13.615,25.325,METAR
HSGF,Gedaref,14.033,35.4,METAR
HSGN,Geneina,13.483,22.45,METAR
HSKA,Kassala,15.467,36.4,METAR|TAF
HSKI,Kosti,13.167,32.667,METAR
HSLI,Kadugli,11,29.717,METAR
HSNL,Nyala,12.05,24.83,METAR
HSNN,Nyala Arpt,12.053,24.956,METAR
HSNR,Sennar,13.55,33.617,METAR
HSOB,El Obeid,13.153,30.233,METAR|TAF
HSPN,Port Sudan Intl,19.434,37.234,METAR|TAF
HSRN,Renk,11.9,32.8,METAR
HSSJ,Juba Intl,4.872,31.601,TAF
HSSK,Khartoum Intl,15.589,32.553,METAR|TAF
HSSM,Malakal Arpt,9.559,31.652,TAF
HSSP,Port Sudan,19.576,37.216,METAR
HSSS,Khartoum Intl,15.589,32.553,METAR|TAF
HSSW,Wadi Halfa,21.797,31.362,METAR
HTAR,Arusha Arpt,-3.368,36.626,METAR|TAF
HTBU,Bukoba Arpt,-1.332,31.821,METAR|TAF
HTDA,Dar Es Salaam Arpt,-6.881,39.201,METAR|TAF
HTDO,Dodoma Arpt,-6.169,35.751,METAR|TAF
HTGW,Songwe Arpt,-8.92,33.274,METAR
HTIB,UNK,-99.99,-99.99,METAR
HTIR,Iringa Arpt,-7.676,35.753,METAR
HTJN,UNK,-99.99,-99.99,METAR
HTKA,Kigoma Arpt,-4.887,29.669,METAR|TAF
HTKI,Kilwa Masoko,-8.911,39.509,METAR
HTKJ,Kilimanjaro Intl,-3.427,37.058,METAR|TAF
HTMB,Mbeya Arpt,-8.92,33.464,METAR
HTMG,Morogoro Arpt,-6.797,37.652,METAR
HTMO,Mombo,-4.889,38.291,METAR
HTMP,Mpanda Arpt,-6.355,31.084,METAR
HTMS,Moshi,-3.363,37.327,METAR
HTMT,Mtwara Arpt,-10.335,40.184,METAR|TAF
HTMU,Musoma Arpt,-1.503,33.802,METAR
HTMW,Mwanza Arpt,-2.442,32.925,METAR|TAF
HTNA,Nachingwea,-10.355,38.777,METAR
HTPE,Pemba/Karume Arpt,-5.258,39.814,METAR|TAF
HTSE,Same,-4.069,37.706,METAR
HTSO,Songea Arpt,-10.682,35.584,METAR|TAF
HTSU,Sumbawanga Arpt,-7.949,31.609,METAR
HTSY,Shinyanga Arpt,-3.608,33.503,METAR|TAF
HTTB,Tabora Arpt,-5.074,32.833,METAR|TAF
HTTG,Tanga Arpt,-5.092,39.071,METAR
HTZA,Zanzibar/Karume Intl,-6.222,39.225,METAR|TAF
HUAR,Arua,3.049,30.913,METAR|TAF
HUEN,Entebbe Intl,0.036,32.437,METAR|TAF
HUFP,Fort Portal,0.67,30.28,METAR
HUGU,Gulu Arpt,2.798,32.275,METAR|TAF
HUJI,Jinja Arpt,0.451,33.195,METAR|TAF
HUKB,Kabale,-1.225,29.962,METAR
HUKS,Kasese Arpt,0.183,30.1,METAR|TAF
HULI,Lira Arpt,2.248,32.91,METAR
HUMA,Mbarara Arpt,-0.555,30.6,METAR
HUMI,Masindi Arpt,1.755,31.737,METAR
HUMO,Moroto,2.508,34.591,METAR
HUSO,Soroti Arpt,1.725,33.622,METAR|TAF
HUTO,Tororo,0.681,34.168,METAR
KAAA,Lincoln/Logan Cnty,40.15841,-89.33895,METAR
KAAF,Apalachicola Muni,29.72681,-85.02481,METAR
KAAO,Wichita/Jabara Arpt,37.74965,-97.21908,METAR
KAAS,Campbellsville/Taylor Cnty,37.35694,-85.31515,METAR
KAAT,Alturas Muni,41.48362,-120.56149,METAR
KABE,Allentown/Lehigh Valley Intl,40.65796,-75.43472,METAR|TAF
KABH,AFA/Bullseye Astrp,38.75865,-104.2991,METAR
KABI,Abilene Rgnl,32.41062,-99.68208,METAR|TAF
KABQ,Albuquerque Intl,35.04189,-106.61544,METAR|TAF
KABR,Aberdeen Rgnl,45.44358,-98.41384,METAR|TAF
KABY,Albany/SW Georgia Rgnl,31.53642,-84.1958,METAR|TAF
KACB,Bellaire/Antrim Cnty,44.98671,-85.20223,METAR
KACJ,Americus/Carter Rgnl,32.11061,-84.18412,METAR
KACK,Nantucket Mem Arpt,41.25407,-70.05892,METAR|TAF
KACP,Oakdale/Parish Arpt,30.74694,-92.68696,METAR
KACQ,Waseca Muni,44.07022,-93.55346,METAR
KACT,Waco Rgnl,31.61797,-97.22829,METAR|TAF
KACV,Arcata Arpt,40.97844,-124.10478,METAR|TAF
KACY,Atlantic City Intl,39.45204,-74.567,METAR|TAF
KADC,Wadena Muni,46.45021,-95.21354,METAR
KADF,Arkadelphia/Florence Fld,34.09532,-93.06899,METAR|TAF
KADG,Adrian/Lenawee Cnty,41.86783,-84.07944,METAR
KADH,Ada Muni,34.80205,-96.67007,METAR
KADM,Ardmore Muni,34.30074,-97.00888,METAR
KADS,Dallas/Addison Arpt,32.96341,-96.83542,METAR
KADT,Atwood/Rollins Cnty,39.84013,-101.04484,METAR
KADU,Audubon Cnty Arpt,41.69935,-94.92042,METAR
KADW,Andrews AFB,38.82148,-76.8654,METAR|TAF
KAEG,Albuquerque/Double Eagle Arpt,35.15001,-106.79289,METAR|TAF
KAEJ,Buena Vista/Central Colorado Rgnl,38.81163,-106.12134,METAR
KAEL,Albert Lea Muni,43.68226,-93.37216,METAR
KAEX,Alexandria Intl,31.33464,-92.55849,METAR|TAF
KAFF,Air Force Academy Arfld,38.971,-104.816,METAR|TAF
KAFJ,Washington Cnty Arpt,40.13625,-80.28512,METAR
KAFK,Nebraska City Muni,40.60651,-95.86354,METAR
KAFN,Jaffrey Muni,42.80667,-72.00126,METAR
KAFO,Afton Muni,42.71392,-110.94429,METAR
KAFP,Wadesboro/Anson Cnty,35.01943,-80.07837,METAR
KAFW,Fort Worth/Alliance Arpt,32.99,-97.32,METAR|TAF
KAGC,Pittsburgh/Allegheny Cnty,40.3551,-79.92147,METAR|TAF
KAGI,Garden Banks 426,27.5461,-92.4434,METAR
KAGO,Magnolia Muni,33.22662,-93.2154,METAR
KAGS,Augusta Rgnl,33.36517,-81.96352,METAR|TAF
KAGZ,Wagner Muni,43.064,-98.295,METAR
KAHN,Athens/Epps Arpt,33.94773,-83.32736,METAR|TAF
KAHQ,Wahoo Muni,41.241,-96.594,METAR
KAIA,Alliance Muni,42.05732,-102.80168,METAR|TAF
KAIB,Nucla/Hopkins Fld,38.23899,-108.56684,METAR
KAID,Anderson Muni,40.1061,-85.60975,METAR
KAIG,Antigo/Langlade Cnty,45.15655,-89.11147,METAR
KAIK,Aiken Muni,33.65095,-81.68208,METAR|TAF
KAIO,Atlantic Muni,41.40587,-95.04649,METAR
KAIT,Aitkin Muni,46.5483,-93.67544,METAR
KAIZ,Kaiser/Lee Fine Mem,38.10049,-92.54747,METAR
KAJG,Mount Carmel Muni,38.60931,-87.72513,METAR
KAJL,Lava Mountain,43.674,-110.031,METAR
KAJO,Corona Muni,33.89556,-117.59613,METAR
KAJR,Cornelia/Habersham Cnty,34.50061,-83.55188,METAR
KAJZ,Delta/Blake Fld,38.78688,-108.06585,METAR
KAKH,Gastonia Muni,35.19682,-81.15552,METAR
KAKO,Akron/Plains Rgnl,40.17429,-103.21459,METAR
KAKQ,Norfolk Muni,36.98271,-77.00138,METAR
KAKR,Akron/Fulton Intl,41.03733,-81.46341,METAR
KALB,Albany Intl,42.74732,-73.79913,METAR|TAF
KALI,Alice Intl,27.74131,-98.02506,METAR|TAF
KALK,Pioneer Airfld,31.606,-110.428,METAR
KALM,Alamogordo/White Sands Rgnl,32.83511,-105.99409,METAR
KALN,Alton/St Louis Rgnl,38.88968,-90.03163,METAR
KALO,Waterloo Rgnl,42.55438,-92.40129,METAR|TAF
KALS,Alamosa/Bergman Fld,37.43932,-105.8618,METAR|TAF
KALW,Walla Walla Rgnl,46.09457,-118.28572,METAR|TAF
KALX,Alexander City/Russell Fld,32.916,-85.964,METAR
KAMA,Amarillo Intl Arpt,35.22028,-101.71733,METAR|TAF
KAMG,Alma/Bacon Cnty,31.54006,-82.50736,METAR
KAMN,Alma/Gratiot Communi,43.32093,-84.68712,METAR
KAMW,Ames Muni,41.99045,-93.61852,METAR
KANB,Anniston Metro,33.59043,-85.84788,METAR|TAF
KAND,Anderson Rgnl,34.49801,-82.70923,METAR|TAF
KANE,Blaine/Anoka Cnty,45.1426,-93.21273,METAR|TAF
KANJ,Sault Ste Marie Muni,46.47998,-84.3581,METAR
KANK,Salida/Alexander Fld,38.538,-106.049,METAR
KANQ,Angola/Tri-State Arpt,41.64045,-85.08516,METAR
KANR,Green Canyon Blk 763,27.2264,-91.19,METAR
KANW,Ainsworth Muni,42.5748,-99.99844,METAR
KAOH,Lima/Allen Cnty,40.70807,-84.02141,METAR
KAOO,Altoona/Blair Cnty,40.29991,-78.31679,METAR|TAF
KAPA,Denver/Centennial Arpt,39.55989,-104.84843,METAR|TAF
KAPC,Napa Cnty Arpt,38.2075,-122.28041,METAR|TAF
KAPF,Naples Muni,26.15498,-81.77513,METAR|TAF
KAPG,Phillips,39.474,-76.166,METAR
KAPN,Alpena Cnty Rgnl,45.07161,-83.56453,METAR|TAF
KAPS,Reserve/Port of South Louisiana Exec,30.086,-90.584,METAR
KAPV,Apple Valley Cnty,34.569,-117.191,METAR
KAPY,Zapata Cnty,26.969,-99.249,METAR
KAQO,Llano Muni,30.78729,-98.66077,METAR
KAQP,Appleton Muni,45.22488,-96.00412,METAR
KAQR,Atoka Muni,34.40034,-96.14599,METAR
KAQV,Ft Polk/Peason Ridge,31.396,-93.297,METAR
KAQW,North Adams/Harriman West Arpt,42.6973,-73.16963,METAR
KAQX,Allendale Cnty Arpt,32.99408,-81.27101,METAR
KARA,New Iberia/Acadiana Rgnl,30.02915,-91.88454,METAR|TAF
KARB,Ann Arbor Muni,42.22393,-83.73983,METAR
KARG,Walnut Ridge Rgnl,36.12556,-90.92156,METAR
KARL,Arlington,41.6,-106.21,METAR
KARM,Wharton Rgnl,29.25147,-96.1508,METAR
KARR,Aurora Muni,41.77133,-88.48146,METAR
KART,Watertown Intl,43.98885,-76.02609,METAR|TAF
KARV,Woodruff/Lakeland Arpt,45.92638,-89.73068,METAR
KARW,Beaufort Cnty,32.41038,-80.63352,METAR
KASD,Slidell Arpt,30.34356,-89.82237,METAR|TAF
KASE,Aspen/Pitkin Cnty,39.22993,-106.87053,METAR|TAF
KASG,Springdale Muni,36.1802,-94.11756,METAR
KASH,Nashua/Boire Fld,42.77979,-71.51411,METAR
KASJ,Ahoskie/Tri Cnty,36.29414,-77.17242,METAR
KASL,Marshall/Harrison Cnty,32.52075,-94.30661,METAR
KASN,Talladega Muni,33.569,-86.0519,METAR|TAF
KAST,Astoria Rgnl,46.15695,-123.88326,METAR|TAF
KASW,Warsaw Muni,41.274,-85.842,METAR
KASX,Ashland/Kennedy Mem Arpt,46.54676,-90.91843,METAR
KATA,Atlanta Muni,33.10173,-94.19366,METAR
KATL,Atlanta/Hartsfield-Jackson Intl,33.62972,-84.44223,METAR|TAF
KATP,Green Canyon 787,27.1956,-90.0269,METAR
KATS,Artesia Muni,32.85237,-104.46445,METAR
KATT,Austin/Camp Mabry,30.32077,-97.76043,METAR
KATW,Appleton/Outagamie Cnty,44.25194,-88.52603,METAR|TAF
KATY,Watertown Rgnl,44.90453,-97.14956,METAR|TAF
KAUD,Audubon Park,29.93,-90.13,METAR
KAUG,Augusta/State Arpt,44.3161,-69.79701,METAR|TAF
KAUH,Aurora/Potter Fld,40.8966,-97.99735,METAR
KAUM,Austin Muni,43.66883,-92.93209,METAR
KAUN,Auburn Muni,38.95527,-121.0865,METAR
KAUO,Auburn Univ Arpt,32.61702,-85.43416,METAR|TAF
KAUS,Austin/Bergstrom Intl,30.1831,-97.68063,METAR|TAF
KAUW,Wausau Downtown,44.92647,-89.62481,METAR|TAF
KAVC,Mecklenburg/Brunswick Rgnl,36.68538,-78.05226,METAR
KAVK,Alva Muni,36.77649,-98.67239,METAR
KAVL,Asheville Muni,35.43179,-82.53788,METAR|TAF
KAVP,Wilkes-Barre Scranton Intl,41.33349,-75.72272,METAR|TAF
KAVQ,Tucson/Marana Rgnl,32.41116,-111.21596,METAR
KAVX,Avalon/Catalina Arpt,33.40421,-118.41458,METAR
KAWG,Washington Muni,41.27495,-91.67455,METAR
KAWH,Wildhorse Res/E,41.67,-115.78,METAR
KAWM,West Memphis Muni,35.14013,-90.2359,METAR
KAWO,Arlington Muni,48.15839,-122.15914,METAR
KAXA,Algona Muni,43.07964,-94.27235,METAR
KAXH,Houston/SW Arpt,29.50501,-95.47596,METAR
KAXN,Alexandria/Chandler Fld,45.86803,-95.39399,METAR|TAF
KAXO,Grand Isle,29.25,-89.97,METAR
KAXS,Altus/Quartz Mtn Rgnl,34.69633,-99.34023,METAR
KAXV,Wapakoneta/Armstrong Arpt,40.49594,-84.29293,METAR
KAXX,Angel Fire Arpt,36.422,-105.29,METAR
KAYS,Waycross/Ware Cnty,31.24659,-82.40138,METAR
KAZC,Colorado City Muni,36.959,-113.013,METAR
KAZE,Hazlehurst Arpt,31.87923,-82.64543,METAR
KAZO,Kalamazoo Intl,42.22827,-85.546,METAR|TAF
KBAB,Beale AFB,39.145,-121.436,METAR|TAF
KBAC,Barnes Cnty Muni,46.9419,-98.01794,METAR
KBAD,Barksdale AFB,32.488,-93.658,METAR|TAF
KBAF,Westfield/Barnes Muni,42.16005,-72.71244,METAR|TAF
KBAK,Columbus Muni,39.26645,-85.89259,METAR
KBAM,Battle Mountain Arpt,40.60476,-116.87194,METAR
KBAN,Bridgeport,38.355,-119.522,METAR|TAF
KBAX,Bad Axe/Huron Cnty,43.7774,-82.98276,METAR
KBAZ,New Braunfels Muni,29.70888,-98.04585,METAR
KBBB,Benson Muni,45.33099,-95.64692,METAR
KBBD,Brady/Curtis Fld,31.1766,-99.32292,METAR|TAF
KBBF,Brazos 133,27.835,-96.0131,METAR
KBBG,Branson Arpt,36.52586,-93.19691,METAR|TAF
KBBP,Bennettsville/Marlboro Jetport,34.6228,-79.7354,METAR
KBBW,Broken Bow Muni,41.43653,-99.63851,METAR
KBCB,Blacksburg/VA Tech Montgomery Exec,37.20801,-80.41269,METAR|TAF
KBCE,Bryce Canyon Arpt,37.70128,-112.14897,METAR|TAF
KBCK,Black River Falls Arpt,44.24988,-90.85004,METAR
KBCR,Bonifay/Tri Cnty Arpt,30.84316,-85.60431,METAR
KBCT,Boca Raton Arpt,26.379,-80.106,METAR
KBDE,Baudette Intl,48.72606,-94.61216,METAR
KBDG,Blanding Muni,37.587,-109.481,METAR
KBDH,Willmar Muni,45.11112,-95.12584,METAR
KBDL,Hartford/Bradley Intl,41.93741,-72.68203,METAR|TAF
KBDN,Bend Muni,44.10056,-121.19837,METAR|TAF
KBDR,Bridgeport/Sikorsky Mem,41.16424,-73.12662,METAR|TAF
KBDU,Boulder Muni,40.03771,-105.22737,METAR
KBEA,Beeville Muni,28.36919,-97.79535,METAR
KBEC,Wichita/Beech Factory Arpt,37.694,-97.215,METAR
KBED,Bedford/Hanscom Fld,42.46812,-71.29463,METAR|TAF
KBEH,Benton Harbor/SW Michigan Rgnl,42.12897,-86.41516,METAR
KBFA,Boyne Falls Arpt,45.166,-84.924,METAR
KBFD,Bradford Rgnl,41.79836,-78.63544,METAR|TAF
KBFF,Scottsbluff/Western Nebraska Rgnl,41.87467,-103.60113,METAR|TAF
KBFI,Seattle/Boeing Fld,47.54554,-122.31475,METAR|TAF
KBFL,Bakersfield/Meadows Arpt,35.43424,-119.05523,METAR|TAF
KBFM,Mobile/Downtown Arpt,30.61465,-88.06303,METAR|TAF
KBFU,Belle Fourche,43.93,-105.44,METAR
KBFW,Silver Bay Muni,47.25207,-91.40982,METAR
KBFZ,Albertville Muni,34.23159,-86.24814,METAR
KBGD,Borger/Hutchinson Cnty,35.69502,-101.39551,METAR
KBGE,Bainbridge/Decatur Cnty,30.97086,-84.63438,METAR
KBGF,Winchester Muni,35.17405,-86.06783,METAR
KBGM,Binghamton Arpt,42.20677,-75.97991,METAR|TAF
KBGR,Bangor Intl Arpt,44.7979,-68.8195,METAR|TAF
KBHB,Bar Harbor/Hancock Cnty,44.45491,-68.36171,METAR|TAF
KBHC,Baxley Muni,31.71204,-82.39017,METAR
KBHK,Baker Muni,46.35205,-104.26135,METAR
KBHM,Birmingham Intl,33.56546,-86.74491,METAR|TAF
KBID,Block Island Arpt,41.16682,-71.57569,METAR
KBIE,Beatrice Muni,40.30048,-96.75169,METAR
KBIF,Biggs,31.861,-106.369,METAR|TAF
KBIH,Bishop Rgnl,37.37114,-118.35885,METAR|TAF
KBIJ,Blakely/Early Cnty,31.40001,-84.89387,METAR
KBIL,Billings/Logan Intl,45.80722,-108.54617,METAR|TAF
KBIS,Bismarck Arpt,46.78231,-100.7575,METAR|TAF
KBIT,Bitter Creek,41.64,-108.58,METAR
KBIV,Holland/Tulip City Arpt,42.74634,-86.09678,METAR
KBIX,Biloxi/Keesler AFB,30.415,-88.922,METAR|TAF
KBJC,Rocky Mtn Metro,39.90085,-105.1042,METAR|TAF
KBJI,Bemidji Municip,47.50764,-94.92787,METAR|TAF
KBJJ,Wooster/Wayne Cnty,40.87324,-81.88863,METAR
KBJN,Tonopah Range#74,37.614,-116.264,METAR
KBKB,Ft Polk/Fullerton St,31.022,-92.911,METAR
KBKD,Breckenridge/Stephens Cnty,32.72061,-98.89311,METAR
KBKE,Baker Muni,44.84301,-117.80986,METAR|TAF
KBKF,Buckley SFB,39.713,-104.758,METAR|TAF
KBKL,Cleveland/Burke Lakefront Arpt,41.51732,-81.68318,METAR
KBKN,Blackwell/Tonkawa Muni,36.74307,-97.34786,METAR
KBKS,Falfurrias/Brooks Cnty,27.20643,-98.12161,METAR
KBKT,Blackstone/Perkinson,37.082,-77.953,METAR
KBKV,Brooksville-Tampa Bay Rgnl,28.47387,-82.45373,METAR
KBKW,Beckley/Raleigh Cnty,37.78359,-81.12282,METAR|TAF
KBKX,Brookings Rgnl,44.30755,-96.81834,METAR
KBLF,Bluefield/Mercer Cnty,37.2978,-81.20359,METAR|TAF
KBLH,Blythe Arpt,33.61876,-114.7145,METAR|TAF
KBLI,Bellingham Intl,48.7991,-122.5407,METAR|TAF
KBLM,Farmingdale/Monmouth Exec,40.18218,-74.12071,METAR
KBLU,Blue Canyon/Nyack Arpt,39.27619,-120.70926,METAR
KBLV,Belleville/Scott AFB,38.54,-89.845,METAR|TAF
KBMC,Brigham City Arpt,41.54633,-112.06003,METAR
KBMG,Bloomington/Monroe Cnty,39.14315,-86.6168,METAR|TAF
KBMI,Bloomington Rgnl,40.47771,-88.91436,METAR|TAF
KBML,Berlin Muni,44.57604,-71.17821,METAR
KBMQ,Burnet Muni,30.74068,-98.23541,METAR
KBMT,Beaumont Muni,30.06856,-94.21548,METAR
KBNA,Nashville Intl,36.11053,-86.68815,METAR|TAF
KBNL,Barnwell Cnty,33.26006,-81.38699,METAR
KBNO,Burns Muni,43.59486,-118.9579,METAR|TAF
KBNW,Boone Muni,42.04857,-93.8486,METAR
KBNY,Burney,40.88,-121.67,METAR
KBOI,Boise Arpt,43.56704,-116.24061,METAR|TAF
KBOK,Brookings/State Arpt,42.07535,-124.29023,METAR
KBOS,Boston/Logan Intl,42.36057,-71.00974,METAR|TAF
KBOW,Bartow Muni,27.94715,-81.78111,METAR
KBPC,Pampa/Mesa Vista Ranch Arpt,35.8913,-101.0275,METAR
KBPG,Big Springs/McMahon,32.20974,-101.52472,METAR
KBPI,Big Piney Arpt,42.57803,-110.10976,METAR|TAF
KBPK,Mountain Home/Baxter Cnty,36.37055,-92.47194,METAR|TAF
KBPT,Beaumont/SE Texas Rgnl,29.95206,-94.02616,METAR|TAF
KBQK,Brunswick/Golden Isles Arpt,31.25673,-81.47536,METAR
KBQP,Morehouse Mem Arpt,32.75826,-91.87929,METAR
KBQX,Brazos 538,28.314,-95.62,METAR
KBRD,Brainerd/Lakes Rgnl,46.40206,-94.12733,METAR|TAF
KBRG,Belen Rgnl,34.64774,-106.83307,METAR
KBRL,Burlington/SE Iowa Rgnl,40.77293,-91.1255,METAR|TAF
KBRO,Brownsville Intl,25.91459,-97.42314,METAR|TAF
KBRX,Bordeaux,41.93,-104.94,METAR
KBRY,Bardstown/Samuel Fld,37.80794,-85.50105,METAR
KBTA,Blair Muni,41.415,-96.109,METAR
KBTL,Battle Creek/Kellogg Fld Arpt,42.31192,-85.24147,METAR|TAF
KBTM,Butte/Mooney Arpt,45.96435,-112.50146,METAR|TAF
KBTN,Britton Muni,45.81865,-97.74568,METAR
KBTP,Pittsburgh/Butler Rgnl,40.7765,-79.9568,METAR
KBTR,Baton Rouge/Ryan Fld,30.53783,-91.14679,METAR|TAF
KBTV,Burlington Intl,44.46825,-73.14989,METAR|TAF
KBUF,Buffalo-Niagara Intl,42.93998,-78.73606,METAR|TAF
KBUR,Burbank/Bob Hope Arpt,34.19964,-118.36545,METAR|TAF
KBUU,Burlington Muni,42.69085,-88.30803,METAR
KBUY,Burlington/Alamance Rgnl,36.04751,-79.47374,METAR
KBVE,Boothville,29.333,-89.407,METAR|TAF
KBVI,Beaver Falls Arpt,40.77349,-80.38252,METAR|TAF
KBVN,Albion Muni,41.73015,-98.05456,METAR
KBVO,Bartlesville Muni,36.7664,-96.01295,METAR|TAF
KBVR,Beaver Rim,42.59,-108.29,METAR
KBVS,Burlington/Skagit Rgnl,48.46958,-122.41892,METAR
KBVU,Boulder City Muni,35.94892,-114.86328,METAR
KBVX,Batesville Rgnl,35.72586,-91.65175,METAR
KBVY,Beverly Muni,42.5841,-70.9153,METAR
KBWD,Brownwood Muni,31.78984,-98.95218,METAR
KBWG,Bowling Green/Warren Cnty,36.96467,-86.4238,METAR|TAF
KBWI,Baltimore-Washington Intl,39.17329,-76.68402,METAR|TAF
KBWP,Breckenridge-Wahpeton/Stern Arpt,46.2444,-96.6046,METAR
KBWW,Bowman Rgnl,46.1656,-103.29641,METAR
KBXA,Bogalusa/Carr Arfld,30.81043,-89.86275,METAR
KBXK,Buckeye Muni,33.41777,-112.68842,METAR
KBXM,Brunswick Exec,43.88479,-69.93538,METAR
KBYG,Buffalo/Johnson Cnty,44.3812,-106.7195,METAR
KBYH,Blytheville/Arkansas Intl,35.965,-89.946,METAR
KBYI,Burley Muni,42.54525,-113.76861,METAR|TAF
KBYL,Williamsburg/Whitley Cnty,36.79541,-84.20127,METAR
KBYS,Bicycle Lake,35.271,-116.634,METAR|TAF
KBYY,Bay City Muni,28.97172,-95.85837,METAR
KBZN,Bozeman/Gallatin Fld,45.7876,-111.16152,METAR|TAF
KCAD,Cadillac/Wexford Cnty,44.27846,-85.42074,METAR
KCAE,Columbia Metro,33.94224,-81.118,METAR|TAF
KCAG,Craig-Moffat Arpt,40.49297,-107.52398,METAR
KCAK,Akron/Canton Rgnl,40.91811,-81.44342,METAR|TAF
KCAO,Clayton Muni,36.44834,-103.15366,METAR
KCAR,Caribou Muni,46.87048,-68.01723,METAR|TAF
KCAV,Clarion Muni,42.74305,-93.75924,METAR
KCBE,Cumberland Arpt,39.61819,-78.75981,METAR
KCBF,Council Bluffs Muni,41.26114,-95.76042,METAR
KCBG,Cambridge Muni,45.557,-93.264,METAR
KCBK,Colby/Shaltz Fld,39.43006,-101.05119,METAR
KCBM,Columbus AFB,33.65191,-88.45669,METAR|TAF
KCCA,Clinton Muni,35.59461,-92.44553,METAR
KCCB,Upland/Cable Arpt,34.11182,-117.68474,METAR
KCCO,Newnan/Coweta Cnty,33.3107,-84.77132,METAR
KCCR,Concord/Buchanan Fld,37.99165,-122.05269,METAR
KCCU,Copper Mtn/Red Cliff,39.475,-106.152,METAR
KCCY,Charles City/NE Iowa Rgnl,43.07299,-92.61319,METAR
KCDA,Lyndonville/Caledonia Cnty,44.56774,-72.01911,METAR
KCDC,Cedar City Muni,37.70672,-113.09697,METAR|TAF
KCDD,Crane Lake Seaplane,48.26014,-92.47482,METAR
KCDH,Camden/Harrell Fld,33.619,-92.765,METAR
KCDI,Cambridg Muni,39.976,-81.577,METAR
KCDJ,Chillicothe Agri-Sci,39.81982,-93.57696,METAR
KCDN,Camden/Woodward Fld,34.2815,-80.56361,METAR
KCDR,Chadron Muni,42.83736,-103.09805,METAR|TAF
KCDS,Childress Muni,34.42746,-100.28391,METAR|TAF
KCDW,Caldwell/Essex Cnty,40.87645,-74.28285,METAR
KCEC,Crescent City/McNama,41.78361,-124.23796,METAR|TAF
KCEF,Chicopee/Westover AFB,42.201,-72.525,METAR|TAF
KCEU,Clemson/Oconee Cnty,34.67221,-82.88142,METAR
KCEV,Connersville/Mettel,39.70464,-85.12927,METAR
KCEW,Crestview/Sikes Arpt,30.77715,-86.51938,METAR
KCEY,Murray/Oakley Fld,36.664,-88.372,METAR
KCEZ,Cortez/Montezuma Cnt,37.30707,-108.62645,METAR
KCFD,Bryan/Coulter Fld,30.71705,-96.33475,METAR
KCFE,Buffalo Muni,45.1601,-93.84605,METAR
KCFJ,Crawfordsville Muni,39.97674,-86.91484,METAR
KCFO,Denver/Colorado Air and Space Port,39.79476,-104.54048,METAR
KCFS,Tuscola Area Arpt,43.46243,-83.44276,METAR
KCFV,Coffeyville Muni,37.09119,-95.5726,METAR
KCGC,Crystal River Arpt,28.86602,-82.57413,METAR
KCGE,Cambridge/Dorchester Rgnl,38.53715,-76.03092,METAR
KCGF,Cleveland/Cuyahoga Cnty,41.56599,-81.48267,METAR
KCGI,Cape Girardeau Rgnl,37.22543,-89.57854,METAR|TAF
KCGS,College Park Arpt,38.98057,-76.92514,METAR
KCGZ,Casa Granda Muni,32.9531,-111.77254,METAR
KCHA,Chattanooga Metro,35.03363,-85.20039,METAR|TAF
KCHD,Chandler Muni,33.26688,-111.8086,METAR
KCHK,Chickasha Muni,35.09272,-97.97092,METAR
KCHO,Charlottesville/Albemarle Arpt,38.13737,-78.45514,METAR|TAF
KCHS,Charleston Intl,32.89945,-80.0407,METAR|TAF
KCIC,Chico Muni,39.79875,-121.85797,METAR
KCID,Cedar Rapids/E Iowa Arpt,41.8829,-91.72459,METAR|TAF
KCII,Choteau Arpt,47.82617,-112.17027,METAR
KCIN,Carroll/Neu Arpt,42.04436,-94.78884,METAR
KCIR,Cairo Rgnl,37.06389,-89.22321,METAR
KCIU,Chippewa Cnty Intl,46.2531,-84.47727,METAR|TAF
KCJR,Culpeper Rgnl,38.52607,-77.85739,METAR
KCKB,Clarksburg/NC West Virginia Arpt,39.30217,-80.22391,METAR|TAF
KCKC,Grand Marais Muni,47.83664,-90.38644,METAR
KCKF,Cordele/Crisp Cnty,31.98894,-83.77392,METAR
KCKI,Kingstree/Williamsburg Rgnl,33.71865,-79.8567,METAR
KCKM,Clarksdale/Fletcher Fld,34.29449,-90.5146,METAR
KCKN,Crookston Muni,47.84042,-96.62013,METAR
KCKP,Cherokee Cnty,42.73044,-95.55379,METAR
KCKV,Clarksville/Outlaw Fld,36.61688,-87.41175,METAR|TAF
KCKZ,Perkasie/Pennridge Arpt,40.38641,-75.29527,METAR|TAF
KCLE,Cleveland/Hopkins Intl,41.40568,-81.85192,METAR|TAF
KCLI,Clintonville Muni,44.61522,-88.73133,METAR
KCLK,Clinton Rgnl,35.53812,-98.93358,METAR
KCLL,College Station/Easterwood Arpt,30.59119,-96.36308,METAR|TAF
KCLM,Port Angeles Intl,48.12193,-123.50657,METAR|TAF
KCLS,Chehalis-Centralia Arpt,46.67745,-122.98571,METAR
KCLT,Charlotte/Douglas Intl,35.22254,-80.95432,METAR|TAF
KCLW,Clearwater Air Park,27.97408,-82.75635,METAR
KCMA,Camarillo Arpt,34.21143,-119.08762,METAR|TAF
KCMB,East Cameron 47,29.441,-92.979,METAR
KCMD,Culman Rgnl,34.27222,-86.85832,METAR
KCMH,Columbus/Glenn Intl,39.99068,-82.87705,METAR|TAF
KCMI,Champaign/Willard Arpt,40.0324,-88.27547,METAR|TAF
KCMR,Williams/Clark Fld,35.30156,-112.19697,METAR
KCMS,Cemetery Separa,41.53,-109.46,METAR
KCMX,Houghton Cnty Mem,47.17046,-88.48538,METAR|TAF
KCMY,Sparta/Ft McCoy Arpt,43.9581,-90.73976,METAR
KCNB,Canby Muni,44.72966,-96.26227,METAR
KCNC,Chariton Muni,41.01846,-93.36078,METAR
KCNI,Canton/Cherokee Cnty,34.31,-84.424,METAR
KCNK,Concordia/Blosser Muni,39.55129,-97.65077,METAR
KCNM,Carlsbad/Cavern City Air Term,32.33355,-104.25845,METAR|TAF
KCNO,Chino Arpt,33.97563,-117.62486,METAR
KCNU,Chanute/Johnson Arpt,37.67049,-95.48461,METAR|TAF
KCNW,Waco/Texas State Tech Arpt,31.637,-97.071,METAR
KCNY,Moab/Canyonland Fld,38.75007,-109.76266,METAR|TAF
KCOD,Cody/Yellowstone Rgnl,44.51999,-109.02678,METAR|TAF
KCOE,Coeur DAlene Arpt,47.77187,-116.83324,METAR|TAF
KCOF,Cocoa Beach/Patrick,28.242,-80.608,METAR|TAF
KCOI,Cocoa/Merritt Isl Arpt,28.34219,-80.68405,METAR
KCOM,Coleman Muni,31.84148,-99.40578,METAR
KCON,Concord Muni,43.20488,-71.50257,METAR|TAF
KCOQ,Cloquet/Carlton Cnty,46.69862,-92.50344,METAR
KCOS,Colorado Spring Arpt,38.80948,-104.68874,METAR|TAF
KCOT,Cotulla/LaSalle Cnty,28.45851,-99.22276,METAR|TAF
KCOU,Columbia Rgnl,38.81705,-92.21477,METAR|TAF
KCPC,Whiteville/Columbus Cnty,34.27528,-78.71464,METAR
KCPF,Hazard/Ford Arpt,37.3869,-83.2593,METAR
KCPK,Chesapeake Rgnl,36.6631,-76.32643,METAR
KCPP,Greensboro/Greene Cnty,33.59906,-83.14014,METAR
KCPR,Casper/Natrona Cnty,42.89778,-106.47364,METAR|TAF
KCPS,St Louis/Downtown Arpt,38.57,-90.156,METAR|TAF
KCPT,Cleburne Muni,32.35261,-97.43497,METAR
KCPU,San Andreas/Calaveras Cnty,38.14449,-120.64537,METAR
KCPW,Wolf Creek Pass,37.464,-106.804,METAR
KCQB,Chandler Muni,35.72233,-96.81872,METAR
KCQC,Clines Corners,35.00301,-105.66275,METAR
KCQF,Fairhope/Callahan Arpt,30.46179,-87.874911,METAR
KCQM,Cook Muni,47.81993,-92.68167,METAR
KCQW,Cheraw Muni,34.71277,-79.96223,METAR
KCQX,Chatham Muni,41.68777,-69.99318,METAR
KCRE,North Myrtle Beach/Grand Strand Arpt,33.81618,-78.72042,METAR|TAF
KCRG,Jacksonville/Executive at Craig Arpt,30.33708,-81.51276,METAR|TAF
KCRH,West Cameron,28.909,-93.302,METAR
KCRP,Corpus Christi Intl,27.77335,-97.51298,METAR|TAF
KCRQ,Carlsbad/Palomar Arpt,33.12993,-117.27651,METAR|TAF
KCRS,Corsicana Muni,32.03156,-96.39938,METAR
KCRW,Charleston/Yeager Arpt,38.37951,-81.59113,METAR|TAF
KCRX,Corinth/Turner Fld,34.92087,-88.60708,METAR
KCSB,Cambridge Muni,40.307,-100.162,METAR
KCSG,Columbus Arpt,32.51626,-84.94223,METAR|TAF
KCSM,Clinton/Sherman Arpt,35.35676,-99.2041,METAR|TAF
KCSQ,Creston Muni,41.01885,-94.36104,METAR
KCSV,Crossville/Whitson Fld,35.95099,-85.08142,METAR|TAF
KCTB,Cut Bank Muni,48.60356,-112.37663,METAR|TAF
KCTD,Continental Div,41.72,-107.78,METAR
KCTH,Eugene Island Blk 338,28.196,-91.667,METAR
KCTJ,Carrollton/W Georgia Rgnl,33.63126,-85.15382,METAR
KCTY,Cross City Arpt,29.63345,-83.10553,METAR
KCTZ,Clinton/Sampson Cnty,34.97523,-78.36275,METAR
KCUB,Columbia/Downtown Arpt,33.97197,-80.99385,METAR|TAF
KCUH,Cushing Muni,35.949,-96.768,METAR
KCUL,Carmi Muni,38.08873,-88.12122,METAR
KCUT,Custer Cnty Arpt,43.7331,-103.61511,METAR
KCVB,Castroville Muni,29.34304,-98.84969,METAR
KCVC,Covington Muni,33.63122,-83.8482,METAR
KCVG,Cincinnati Intl,39.04444,-84.67242,METAR|TAF
KCVH,Hollister Muni,36.89195,-121.41049,METAR
KCVN,Clovis Muni,34.42272,-103.08025,METAR
KCVO,Corvallis Muni,44.50126,-123.29304,METAR
KCVS,Clovis/Cannon AFB,34.381,-103.322,METAR|TAF
KCVW,Cameron,29.778,-93.302,METAR
KCVX,Charlevoix Muni,45.30395,-85.26892,METAR
KCWA,Mosinee/C Wisconsin Arpt,44.77947,-89.67102,METAR|TAF
KCWC,Wichita Falls/Kickapoo Arpt,33.86295,-98.49144,METAR
KCWF,Chenault Intl,30.22163,-93.1467,METAR
KCWI,Clinton Muni,41.8295,-90.3328,METAR
KCWN,Cheyenne Mountain,38.748,-104.847,METAR
KCWV,Claxton/Evans Cnty,32.193,-81.873,METAR
KCXE,Chase City Muni,36.79226,-78.50272,METAR
KCXL,Calexico Intl,32.667,-115.517,METAR
KCXO,Conroe/Executive Arpt,30.36108,-95.41758,METAR|TAF
KCXP,Carson City Arpt,39.19054,-119.73186,METAR|TAF
KCXU,Camilla/Mitchell Cnty,31.21415,-84.23585,METAR
KCXW,Conway/Cantrell Fld,35.02173,-92.55059,METAR
KCXY,Harrisburg/Capital City Arpt,40.21844,-76.8552,METAR
KCYD,Mississippi Canyon Blk 807,28.1694,-89.2228,METAR
KCYO,Circleville/Pickaway Cnty,39.516,-82.982,METAR
KCYS,Cheyenne Rgnl,41.15788,-104.80813,METAR|TAF
KCZK,Cascade Locks State Arpt,45.676,-121.879,METAR
KCZL,Calhoun/Tom David Fld,34.45,-84.936,METAR
KCZT,Carrizo Springs Arpt,28.52044,-99.81918,METAR
KCZZ,Campo,32.626,-116.468,METAR
KDAA,Fort Belvoir/Davison,38.714,-77.178,METAR|TAF
KDAB,Daytona Beach Intl,29.17351,-81.07186,METAR|TAF
KDAG,Barstow/Daggett Cnty,34.85371,-116.787,METAR|TAF
KDAL,Dallas/Love Fld,32.83836,-96.83584,METAR|TAF
KDAN,Danville Rgnl,36.57286,-79.33499,METAR|TAF
KDAW,Rochester/Skyhaven Arpt,43.27937,-70.92426,METAR
KDAY,Dayton/Cox Intl,39.90637,-84.21853,METAR|TAF
KDBN,Dublin/Barron Arpt,32.56322,-82.98554,METAR
KDBQ,Dubuque Rgnl,42.39836,-90.70915,METAR|TAF
KDCA,Washington/Reagan-National Arpt,38.8472,-77.03453,METAR|TAF
KDCM,Chester Muni,34.79076,-81.1987,METAR
KDCU,Decatur/Pryor Fld,34.65799,-86.94343,METAR
KDCY,Washington/Daviess Cnty,38.69532,-87.13142,METAR
KDDC,Dodge City Arpt,37.77106,-99.96917,METAR|TAF
KDDH,Bennington/Morse State Arpt,42.89351,-73.24876,METAR
KDEC,Decatur Arpt,39.83079,-88.87194,METAR|TAF
KDED,Deland Muni,29.075,-81.286,METAR
KDEH,Decorah Muni,43.27549,-91.74332,METAR
KDEN,Denver Intl,39.84657,-104.65623,METAR|TAF
KDEQ,De Queen/Helms Arpt,34.04799,-94.40156,METAR
KDET,Detroit/C Young Arpt,42.40725,-83.00898,METAR|TAF
KDEW,Deer Park Arpt,47.97416,-117.42921,METAR
KDFI,Defiance Mem Arpt,41.33571,-84.42849,METAR
KDFW,Dallas-Ft Worth Intl,32.89744,-97.02195,METAR|TAF
KDGW,Douglas/Converse Cnty,42.79599,-105.38004,METAR
KDHN,Dothan Rgnl,31.31768,-85.44323,METAR|TAF
KDHS,Dead Horse,44.22,-106.1,METAR
KDHT,Dalhart Muni,36.02516,-102.54875,METAR|TAF
KDIJ,Driggs/Reed Mem,43.74499,-111.09127,METAR|TAF
KDIK,Dickinson/Roosevelt,46.79968,-102.79714,METAR|TAF
KDKB,DeKalb/Taylor Muni,41.93385,-88.70658,METAR
KDKK,Dunkirk/Chautauqua Cnty,42.4932,-79.27623,METAR
KDKR,Crockett/Houston Cnty,31.3097,-95.40391,METAR
KDKX,Knoxville/Downtown Arpt,35.96576,-83.8717,METAR
KDLF,Laughlin AFB,29.36656,-100.78467,METAR|TAF
KDLH,Duluth Intl Arpt,46.84346,-92.1866,METAR|TAF
KDLL,Baraboo-Dells Arpt,43.52364,-89.77364,METAR
KDLN,Dillon Arpt,45.2584,-112.55455,METAR
KDLO,Delano Muni,35.74491,-119.23871,METAR
KDLP,West Delta 27A,29.1214,-89.5472,METAR
KDLS,The Dalles Muni,45.61901,-121.16571,METAR|TAF
KDLZ,Delaware Muni,40.281,-83.114,METAR
KDMA,Tucson/Davis AFB,32.165,-110.887,METAR|TAF
KDMH,Baltimore/Downtown,39.281,-76.611,METAR
KDMN,Deming Muni,32.25924,-107.72055,METAR|TAF
KDMO,Sedalia Mem,38.71198,-93.17468,METAR
KDMW,Westminster/Carroll Cnty Rgnl,39.61,-77.007,METAR
KDNA,Santa Teresa/Dona Cnty,31.87496,-106.69383,METAR
KDNK,Ft Polk Airstrip,31.116,-93.154,METAR
KDNL,Augusta/Daniel Fld,33.4668,-82.03847,METAR|TAF
KDNN,Dalton Muni,34.72699,-84.87331,METAR
KDNS,Denison Muni,41.98423,-95.38003,METAR
KDNV,Danville/Vermillion Rgnl,40.20316,-87.58972,METAR
KDOV,Dover AFB,39.13,-75.465,METAR|TAF
KDPA,Dupage Cnty Arpt,41.89641,-88.25119,METAR|TAF
KDPG,Dugway Prvg Grounds,40.187,-112.934,METAR
KDPL,Kenansville/Duplin Arpt,34.99941,-77.97994,METAR
KDQH,Douglas Muni,31.47385,-82.86091,METAR
KDRA,Mercury/Desert Rock,36.621,-116.029,METAR|TAF
KDRC,Deer Creek,42.83,-105.86,METAR
KDRI,Deridder/Beauregard Rgnl,30.83443,-93.33585,METAR
KDRM,Drummond Island Arpt,46.009,-83.743,METAR
KDRO,Durango/La Plata Cnty,37.14311,-107.76025,METAR|TAF
KDRP,Colt/Delta Rgnl,35.1213,-90.82458,METAR
KDRT,Del Rio Intl,29.37839,-100.92703,METAR|TAF
KDSF,Mississippi Canyon 650,28.3426,-88.2649,METAR
KDSM,Des Moines Intl,41.53395,-93.65312,METAR|TAF
KDSV,Dansville Muni,42.56985,-77.71425,METAR
KDTA,Delta Muni,39.38787,-112.50409,METAR
KDTL,Detroit Lakes Arpt,46.82862,-95.88573,METAR
KDTN,Shreveport/Downtown Arpt,32.54293,-93.74498,METAR|TAF
KDTO,Denton Muni,33.20884,-97.19923,METAR
KDTS,Destin Arpt,30.39333,-86.46739,METAR
KDTW,Detroit/Metro Wayne Cnty,42.23112,-83.33122,METAR|TAF
KDUA,Durant/Eaker Fld,33.94273,-96.39671,METAR|TAF
KDUB,Dubois Muni,43.54854,-109.68387,METAR
KDUC,Duncan/Halliburton Fld,34.47779,-97.96163,METAR
KDUG,Douglas/Bisbee Intl,31.47254,-109.60223,METAR|TAF
KDUH,Toledo/Suburban Arpt,41.73751,-83.64934,METAR
KDUJ,Du Bois Rgnl,41.17947,-78.89326,METAR|TAF
KDUX,Dumas/Moore Cnty,35.8608,-102.00948,METAR
KDVK,Danville/Powell Fld,37.57641,-84.76406,METAR
KDVL,Devils Lake Rgnl,48.11358,-98.90338,METAR|TAF
KDVN,Davenport Muni,41.61333,-90.59483,METAR
KDVO,Novato/Gnoss Fld,38.14174,-122.55467,METAR
KDVP,Slayton Muni,43.99055,-95.78102,METAR
KDVT,Phoenix/Deer Valley Arpt,33.69022,-112.06618,METAR|TAF
KDWA,Davis/Yolo Cnty,38.5803,-121.85429,METAR
KDWH,Houston/Hooks Mem,30.068,-95.55627,METAR|TAF
KDWU,Ashland Rgnl,38.55602,-82.73751,METAR|TAF
KDWX,Dixon Arpt,41.03701,-107.49982,METAR
KDXR,Danbury Muni,41.37215,-73.48337,METAR
KDXX,Madison/Lac Qui Parle Cnty,44.98386,-96.1789,METAR
KDYA,Demopolis Muni,32.46413,-87.95043,METAR
KDYB,Summerville Arpt,33.062,-80.28,METAR
KDYL,Doylestown Arpt,40.33016,-75.12285,METAR
KDYR,Dyersburg Rgnl,35.99568,-89.40574,METAR
KDYS,Abilene/Dyess AFB,32.406,-99.85,METAR|TAF
KDYT,Duluth/Sky Harbor Arpt,46.72307,-92.04382,METAR
KDZB,Marble Falls/Horseshoe Bay Arpt,30.52098,-98.3574,METAR
KDZJ,Blairsville Arpt,34.85518,-84.00143,METAR
KEAN,Wheatland/Phifer Fld,42.05627,-104.93858,METAR
KEAR,Kearney Rgnl,40.71927,-99.00862,METAR|TAF
KEAT,Wenatchee/Pangborn Mem,47.39748,-120.20126,METAR|TAF
KEAU,Eau Claire/Chippewa Valley Rgnl,44.86653,-91.48809,METAR|TAF
KEBA,Elberton/Patz Fld,34.09574,-82.81209,METAR
KEBG,Edinburg/S Texas Intl,26.44332,-98.12549,METAR
KEBS,Webster City Muni,42.43716,-93.87249,METAR
KECG,Elizabeth City Rgnl,36.25715,-76.17161,METAR|TAF
KECP,Panama City/NW Florida Beaches Intl,30.34869,-85.78835,METAR|TAF
KECS,Newcastle/Mondell Arpt,43.88451,-104.31203,METAR
KECU,Rocksprings/Edwards Cnty,29.94801,-100.17356,METAR
KEDC,Austin/Executive Arpt,30.39263,-97.56215,METAR
KEDE,Edenton/Northeast Rgnl,36.02859,-76.56679,METAR
KEDJ,Bellefontaine Rgnl,40.37136,-83.81418,METAR
KEDN,Enterprise Muni,31.299,-85.9,METAR
KEDU,Davis/University Arpt,38.53005,-121.78826,METAR
KEDW,Edwards AFB,34.908,-117.874,METAR|TAF
KEED,Needles Arpt,34.76784,-114.61845,METAR|TAF
KEEN,Keene/Hopkins Arpt,42.89802,-72.26951,METAR
KEEO,Meeker Arpt,40.04437,-107.88836,METAR
KEET,Alabaster/Shelby Cnty,33.17835,-86.78177,METAR|TAF
KEFC,Belle Fourche Muni,44.734,-103.861,METAR
KEFD,Houston/Ellington Arpt,29.606,-95.16,METAR|TAF
KEFK,Newport/Northeast Kingdom Intl,44.8886,-72.22956,METAR|TAF
KEFT,Monroe Muni,42.61959,-89.59311,METAR
KEGE,Eagle Cnty Rgnl,39.64482,-106.91759,METAR|TAF
KEGI,Eglin AFB/Duke Fld,30.653,-86.525,METAR|TAF
KEGT,Wellington Muni,37.32513,-97.39008,METAR
KEGV,Eagle River/Union Arpt,45.93091,-89.267,METAR
KEHA,Elkhart/Morton Cnty,37.00115,-101.88019,METAR
KEHC,East Cameron,28.429,-92.878,METAR
KEHO,Shelby/Cleveland Cnty,35.25565,-81.59859,METAR
KEHR,Henderson City Arpt,37.80656,-87.6824,METAR
KEHY,Elk Mountain,41.725,-106.459,METAR
KEIK,Erie Muni,40.01168,-105.05034,METAR
KEIR,Eugene Isl 215,28.634,-91.489,METAR
KEKA,Eureka/Murray Fld,40.803,-124.113,METAR
KEKE,Eugene Island 251A,28.4971,-91.5702,METAR
KEKM,Elkhart Muni,41.72218,-86.00004,METAR
KEKN,Elkins Arpt,38.8899,-79.85544,METAR|TAF
KEKO,Elko Rgnl,40.82402,-115.78634,METAR|TAF
KEKQ,Monticello/Wayne Cnty,36.85764,-84.85624,METAR
KEKS,Ennis/Big Sky Arpt,45.276,-111.65,METAR|TAF
KEKX,Elizabethtown/Addington Fld,37.6924,-85.92041,METAR
KEKY,Bessemer Arpt,33.314,-86.925,METAR
KELA,Eagle Lake Arpt,29.60197,-96.3239,METAR
KELD,El Dorado/S Arkansas Rgnl,33.22072,-92.81405,METAR|TAF
KELK,Elk City Rgnl,35.42613,-99.39263,METAR
KELM,Elmira-Corning Rgnl,42.16009,-76.88996,METAR|TAF
KELN,Ellensburg/Bowers Fld,47.03376,-120.53135,METAR
KELO,Ely Muni,47.82871,-91.83711,METAR
KELP,El Paso Intl,31.81233,-106.37737,METAR|TAF
KELY,Ely/Yelland Fld,39.29538,-114.84661,METAR|TAF
KELZ,Wellsville/Tarantine Fld,42.10774,-77.98423,METAR
KEMK,East Breaks 165,27.8186,-94.3228,METAR
KEMM,Kemmerer Muni,41.82236,-110.55546,METAR
KEMP,Emporia Muni,38.32907,-96.19452,METAR
KEMT,El Monte Arpt,34.08825,-118.03424,METAR
KEMV,Emporia Muni,36.68582,-77.48497,METAR
KEND,Enid/Vance AFB,36.338,-97.919,METAR|TAF
KENL,Centralia Muni,38.50953,-89.08996,METAR
KENV,Wendover Arpt,40.72112,-114.03119,METAR|TAF
KENW,Kenosha Rgnl,42.59529,-87.93833,METAR|TAF
KEOD,Fort Campbell Arpt(AAF),36.568199,-87.480797,METAR
KEOE,Newberry Muni,34.30617,-81.64134,METAR
KEOK,Keokuk Muni,40.46148,-91.42744,METAR
KEOS,Neosho/Robinson Arpt,36.808,-94.394,METAR
KEPH,Ephrata Muni,47.30777,-119.5155,METAR|TAF
KEPM,Eastport Muni,44.91138,-67.01337,METAR
KEQA,El Dorado/Thomas Mem,37.77534,-96.81451,METAR
KEQY,Charlotte-Monroe Exec,35.01469,-80.62415,METAR
KERI,Erie Intl,42.08026,-80.18237,METAR|TAF
KERV,Kerrville Muni,29.97794,-99.08725,METAR
KERY,Newberry/Luce Cnty,46.3151,-85.45682,METAR
KESC,Escanaba/Delta Cnty,45.72245,-87.08931,METAR
KESF,Alexandria/Esler Rgnl,31.3963,-92.28278,METAR|TAF
KESN,Easton Muni,38.804,-76.069,METAR
KEST,Estherville Muni,43.40085,-94.74764,METAR
KETB,West Bend Muni,43.42253,-88.13263,METAR
KETC,Tarboro/Edgecombe Arpt,35.93629,-77.54161,METAR
KETH,Wheaton Muni,45.78283,-96.54607,METAR
KETN,Eastland Muni,32.41642,-98.81129,METAR
KETO,Mississippi Canyon Blk 941,28.0336,-89.1008,METAR
KEUF,Eufaula/Weedon Fld,31.95162,-85.13123,METAR
KEUG,Eugene/Mahlon Sweet Fld,44.13313,-123.21562,METAR|TAF
KEUL,Caldwell Ind Arpt,43.64049,-116.63018,METAR|TAF
KEVB,New Smyrna Beach Muni,29.05684,-80.94908,METAR
KEVM,Eveleth Muni,47.42741,-92.49721,METAR
KEVU,Maryville/NW Missouri Rgnl,40.35243,-94.91373,METAR
KEVV,Evansville Rgnl,38.05016,-87.51466,METAR|TAF
KEVW,Evanston/Uinta Cnty,41.27268,-111.03054,METAR|TAF
KEWB,New Bedford Rgnl,41.67909,-70.95911,METAR
KEWK,Newton City Arpt,38.06206,-97.27496,METAR
KEWN,New Bern/Coastal Carolina Rgnl,35.06838,-77.04782,METAR|TAF
KEWR,Newark Intl,40.68277,-74.16924,METAR|TAF
KEXX,Lexington/Davidson Cnty,35.78045,-80.30839,METAR
KEYE,Indianapolis/Eagle Creek Arpt,39.82484,-86.29583,METAR
KEYF,Elizabethtown/Brown Fld,34.60419,-78.579,METAR
KEYW,Key West Intl,24.55706,-81.75538,METAR|TAF
KEZF,Fredericksburg/Shannon Arpt,38.26852,-77.44803,METAR
KEZM,Eastman/Heart Of Georgia Arpt,32.21363,-83.13215,METAR
KEZP,E Cameron 321A,28.2198,-92.7944,METAR
KEZS,Shawano Muni,44.78705,-88.56395,METAR
KEZZ,Cameron Arpt,39.72896,-94.27848,METAR
KFAF,Fort Eustis/Felker AAF,37.134,-76.61,METAR|TAF
KFAM,Farmington Rgnl,37.76306,-90.42917,METAR
KFAR,Fargo/Hector Intl,46.92424,-96.81188,METAR|TAF
KFAT,Fresno/Yosemite Intl,36.77998,-119.72019,METAR|TAF
KFAY,Fayetteville Rgnl,34.98953,-78.88005,METAR|TAF
KFBG,Fort Bragg/Simmons AAF,35.131,-78.932,METAR|TAF
KFBL,Faribault Muni,44.32984,-93.31188,METAR
KFBR,Fort Bridger Arpt,41.39409,-110.40596,METAR
KFCA,Kalispell/Glacier Park Intl,48.3,-114.27,TAF
KFCH,Fresno/Chandler Exec,36.73385,-119.82036,METAR
KFCI,Richmond/Chesterfield Cnty,37.407,-77.522,METAR
KFCM,Eden Prairie/Flying,44.83215,-93.47049,METAR|TAF
KFCS,Fort Carson/Butts AAF,38.67563,-104.75102,METAR|TAF
KFDK,Frederick Muni,39.41766,-77.36956,METAR
KFDR,Frederick Rgnl,34.35307,-98.98763,METAR
KFDW,Winnsboro/Fairfield Cnty,34.31511,-81.1119,METAR
KFDY,Findlay Arpt,41.01368,-83.66812,METAR|TAF
KFEP,Freeport/Albertus Arpt,42.24751,-89.58104,METAR
KFET,Fremont Muni,41.44892,-96.52367,METAR
KFEW,Warren AFB,41.141,-104.869,METAR
KFFA,First Flight Airport,36.01651,-75.67393,METAR
KFFC,Peachtree City/Falcon Fld,33.35428,-84.56892,METAR
KFFL,Fairfield Muni,41.05208,-91.98342,METAR
KFFM,Fergus Falls/Mickelson Fld,46.28654,-96.15342,METAR
KFFO,Wright Patterson AFB,39.837,-84.035,METAR|TAF
KFFT,Frankfort/Capital City Arpt,38.18463,-84.90391,METAR
KFFX,Fremont Muni,43.44171,-85.99361,METAR
KFFZ,Mesa/Falcon Fld,33.46587,-111.72123,METAR
KFGN,Flag Island,49.318,-94.902,METAR
KFGX,Flemingsburg Arpt,38.53831,-83.74667,METAR
KFHB,Fernandina Beach Muni,30.61306,-81.46233,METAR
KFHM,Los Angeles Downtown,34.0677,-118.2417,METAR
KFHR,Friday Harbor Arpt,48.51997,-123.02642,METAR
KFHU,Fort Huachuca/Libby AAF,31.586,-110.348,METAR|TAF
KFIG,Clearfield/Lawrence Arpt,41.04647,-78.41118,METAR
KFIN,Palm Coast/Flagler Exec,29.467,-81.207,METAR
KFIR,First Divide,41.29,-110.77,METAR
KFIT,Fitchburg Muni,42.55494,-71.75699,METAR
KFKA,Preston/Fillmore Cnty,43.677,-92.174,METAR
KFKL,Franklin/Lamberton Fld,41.38055,-79.86029,METAR|TAF
KFKN,Franklin/Rose Arpt,36.69837,-76.90316,METAR
KFKR,Frankfort Muni,40.27479,-86.56438,METAR
KFKS,Frankfort/Dow Mem,44.62464,-86.19847,METAR
KFLD,Fond Du Lac Cnty Arpt,43.7695,-88.49074,METAR
KFLG,Flagstaff/Pulliam Arpt,35.14428,-111.66636,METAR|TAF
KFLL,Ft Lauderdale-Hollywood Intl,26.07872,-80.16223,METAR|TAF
KFLO,Florence Rgnl,34.18772,-79.73078,METAR|TAF
KFLP,Flippin/Marion Cnty,36.29247,-92.5851,METAR
KFLV,Ft Leavenworth/Sherman AAF,39.369,-94.913,METAR
KFLY,Meadow Lake Arpt,38.94392,-104.5684,METAR
KFME,Fort Meade/Tipton Fld,39.086,-76.757,METAR
KFMH,Otis ANGB,41.66082,-70.52207,METAR|TAF
KFMM,Fort Morgan Muni,40.33148,-103.80702,METAR
KFMN,Farmington/Four Corners Rgnl,36.74355,-108.22931,METAR|TAF
KFMY,Fort Myers/Page Fld,26.58396,-81.86146,METAR|TAF
KFNB,Falls City/Brenner Fld,40.07912,-95.58929,METAR
KFNL,Fort Collins/N Colorado Rgnl,40.44272,-105.00972,METAR
KFNT,Flint/Bishop Intl,42.96685,-83.74996,METAR|TAF
KFOA,Flora Muni,38.66726,-88.45269,METAR
KFOD,Fort Dodge Rgnl,42.549,-94.182,METAR|TAF
KFOE,Topeka/Forbes Fld,38.9414,-95.65125,METAR|TAF
KFOK,Westhampton/Gabreski Arpt,40.85055,-72.61929,METAR
KFOM,Fillmore Muni,38.96181,-112.35997,METAR
KFOT,Fortuna/Rohnerville Arpt,40.5529,-124.13365,METAR
KFOZ,Bigfork Muni,47.78317,-93.6533,METAR
KFPK,Charotte/Beach Fld,42.57644,-84.81246,METAR
KFPR,Ft Pierce/Treasure Coast Intl,27.49815,-80.37629,METAR|TAF
KFPY,Perry-Foley Arpt,30.07188,-83.57311,METAR
KFQD,Rutherfordton/Marchman Fld,35.43,-81.936,METAR
KFRG,Farmingdale/Republic Arpt,40.73442,-73.41637,METAR
KFRH,French Lick Muni,38.5034,-86.64416,METAR
KFRI,Ft Riley/Marshall Fld,39.05682,-96.76169,METAR|TAF
KFRM,Fairmont Muni,43.64552,-94.41685,METAR
KFRR,Front Royal/Warren Cnty,38.9169,-78.24874,METAR
KFSD,Sioux Falls/Foss Fld,43.57751,-96.75387,METAR|TAF
KFSE,Fosston Muni,47.589,-95.773,METAR
KFSI,Fort Sill/Post AAF,34.64574,-98.40398,METAR|TAF
KFSK,Fort Scott Muni,37.79598,-94.76763,METAR
KFSM,Fort Smith Rgnl,35.33347,-94.36526,METAR|TAF
KFSO,Highgate/Franklin Cnty,44.94112,-73.09968,METAR
KFST,Fort Stockton/Pecos Cnty,30.91193,-102.91714,METAR|TAF
KFSW,Fort Madison Muni,40.66151,-91.32674,METAR
KFTG,Denver/Front Range Arpt,39.795,-104.54,METAR
KFTK,Fort Knox/Godman AAF,37.907,-85.973,METAR|TAF
KFTN,Faith Ranch Arpt,28.21113,-100.0236,METAR
KFTW,Fort Worth/Meacham Intl,32.82478,-97.36403,METAR|TAF
KFTY,Atlanta/Fulton Cnty,33.77759,-84.52465,METAR|TAF
KFUL,Fullerton Muni,33.87154,-117.98561,METAR
KFVE,Frenchville/N Aroostook Rgnl,47.2852,-68.30716,METAR|TAF
KFVX,Farmville Muni,37.36299,-78.43721,METAR
KFWA,Fort Wayne Intl,40.97247,-85.20635,METAR|TAF
KFWB,Branson/West Muni,36.69326,-93.40491,METAR
KFWC,Fairfield Muni,38.37959,-88.41349,METAR
KFWN,Sussex Arpt,41.19926,-74.62591,METAR
KFWS,Fort Worth/Spinks Arpt,32.558,-97.308,METAR
KFWZ,South Pass,42.512,-108.776,METAR
KFXE,Ft Lauderdale Exec,26.19904,-80.17763,METAR|TAF
KFXY,Forest City Muni,43.23232,-93.62369,METAR
KFYE,Somerville/Fayette Cnty,35.20611,-89.39289,METAR
KFYG,Washington Rgnl,38.58774,-90.99151,METAR
KFYJ,West Point/Middle Peninsula Arpt,37.52239,-76.76629,METAR
KFYM,Fayetteville Muni,35.06029,-86.56558,METAR
KFYV,Fayetteville/Drake Fld,36.01026,-94.1624,METAR|TAF
KFZG,Fitzgerald Muni,31.68401,-83.27116,METAR
KFZY,Fulton/Oswego Cnty,43.35037,-76.38315,METAR
KGAD,Gadsden/NE Alabama Rgnl,33.96862,-86.09171,METAR
KGAF,Grafton/Hutson Fld,48.40813,-97.36939,METAR
KGAG,Gage Arpt,36.29659,-99.76865,METAR|TAF
KGAI,Gaithersburg/Montgomery Cnty,39.16956,-77.1653,METAR
KGAO,Galliano/Miller Arpt,29.43519,-90.2599,METAR
KGBD,Great Bend Muni,38.3405,-98.85915,METAR|TAF
KGBG,Galesburg Muni,40.9329,-90.43339,METAR
KGBK,Garden Banks 783,27.2039,-92.2025,METAR
KGCC,Gillette/Campbell Cnty,44.33983,-105.54159,METAR|TAF
KGCD,John Day/Grant Cnty,44.40289,-118.96717,METAR
KGCK,Garden City Rgnl,37.92208,-100.723,METAR|TAF
KGCM,Claremore Rgnl,36.29182,-95.48251,METAR
KGCN,Grand Canyon Park Arpt,35.94583,-112.15539,METAR|TAF
KGCY,Greeneville/Greene Cnty,36.19237,-82.81345,METAR
KGDA,Marion/Crittenden Cnty,37.33437,-88.10954,METAR
KGDB,Granite Falls Muni,44.7521,-95.5591,METAR
KGDJ,Granbury Muni,32.44688,-97.81705,METAR
KGDK,Xenia/Jackson Rgnl,39.69352,-83.98958,METAR
KGDP,Guadalupe Pass,31.83274,-104.80899,METAR
KGDV,Glendive/Dawson Arpt,47.14005,-104.81272,METAR|TAF
KGED,Georgetown/Sussex Cnty,38.68976,-75.36247,METAR
KGEG,Spokane Intl,47.62169,-117.52796,METAR|TAF
KGEU,Glendale Muni,33.528,-112.293,METAR
KGEV,Jefferson/Ashe Cnty,36.43124,-81.42056,METAR
KGEY,Greybull/South Big Horn Arpt,44.51735,-108.0752,METAR
KGEZ,Shelbyville Muni,39.58545,-85.7998,METAR
KGFA,Malmstrom AFB,47.505,-111.187,METAR|TAF
KGFK,Grand Forks Intl,47.94282,-97.18293,METAR|TAF
KGFL,Glens Falls/Warren Cnty,43.33849,-73.61023,METAR|TAF
KGGE,Georgetown Cnty,33.31376,-79.31871,METAR
KGGF,Grant Muni,40.871,-101.734,METAR
KGGG,Longview/Gregg Cnty,32.39094,-94.71396,METAR|TAF
KGGI,Grinnell Rgnl,41.70974,-92.73321,METAR
KGGP,Logansport/Cass Cnty,40.71271,-86.36735,METAR
KGGW,Glasgow Intl Arpt,48.21416,-106.62139,METAR|TAF
KGHB,Garden Banks 172,27.8403,-91.9878,METAR
KGHG,Marshfield Muni,42.09607,-70.67692,METAR
KGHW,Glenwood Muni,45.64563,-95.31875,METAR
KGIC,Grangeville/Idaho Cnty,45.9411,-116.13256,METAR
KGIF,Winter Haven Rgnl,28.06137,-81.75684,METAR
KGJT,Grand Junction Rgnl,39.13437,-108.5408,METAR|TAF
KGKJ,Meadville Arpt,41.62584,-80.21231,METAR
KGKT,Gatlinburg-Pigeon Forge Arpt,35.85679,-83.53333,METAR
KGKY,Arlington Muni,32.65829,-97.0951,METAR|TAF
KGLD,Goodland/Renner Fld,39.36729,-101.69322,METAR|TAF
KGLE,Gainesville Muni,33.65253,-97.19805,METAR
KGLH,Greenville/Mid Delta Arpt,33.47723,-90.98467,METAR|TAF
KGLR,Gaylord Rgnl,45.01656,-84.68943,METAR
KGLS,Galveston/Scholes Intl,29.27037,-94.86422,METAR|TAF
KGLW,Glasgow Muni,37.03368,-85.95235,METAR
KGLX,Mississippi Canyon 724,28.2347,-88.9843,METAR
KGLY,Clinton Mem,38.35719,-93.67741,METAR
KGMJ,Grove Muni,36.60698,-94.73688,METAR
KGMU,Greenville/Downtown Arpt,34.84872,-82.35005,METAR|TAF
KGNA,Grand Marais Bay,47.745,-90.346,METAR
KGNB,Granby/Grand Cnty,40.09038,-105.91132,METAR
KGNC,Seminole/Gaines Cnty,32.678,-102.65,METAR
KGNF,Grenada Muni,33.83791,-89.80747,METAR
KGNG,Gooding Muni,42.91551,-114.76546,METAR
KGNR,Greenville Muni,45.46486,-69.55425,METAR
KGNT,Grants-Milan Muni,35.16529,-107.90213,METAR
KGNV,Gainesville Rgnl,29.6917,-82.27602,METAR|TAF
KGOK,Guthrie-Edmond Rgnl,35.85167,-97.41422,METAR
KGON,Groton-New London Arpt,41.32791,-72.04892,METAR|TAF
KGOO,Grass Valley/Nevada Cnty,39.224,-121.003,METAR
KGOP,Gatesville Muni,31.42077,-97.79512,METAR
KGOV,Grayling,44.681,-84.727,METAR
KGPC,Greencastle/Putnam Cnty,39.635,-86.816,METAR
KGPH,Mosby/Midwest Air Center,39.32478,-94.30819,METAR
KGPI,Kalispell/Glacier Park Intl,48.30407,-114.26425,METAR|TAF
KGPM,Grand Prairie Muni,32.69279,-97.04846,METAR
KGPT,Gulfport-Biloxi Intl,30.41209,-89.08093,METAR|TAF
KGPZ,Grand Rapids/Itasca Cnty,47.20294,-93.50706,METAR
KGRB,Green Bay/Straubel Intl,44.47959,-88.13704,METAR|TAF
KGRD,Greenwood Cnty,34.25395,-82.15264,METAR
KGRE,Greenville Arpt,38.832,-89.374,METAR
KGRF,Fort Lewis/Gray AAF,47.079,-122.58,METAR|TAF
KGRI,Grand Island Rgnl,40.96146,-98.31303,METAR|TAF
KGRK,Killeen-Ft Hood Rgnl,31.07789,-97.83228,METAR|TAF
KGRM,Grand Marais/Cook Cnty,47.838,-90.385,METAR
KGRN,Gordon Muni,42.80393,-102.18102,METAR
KGRR,Grand Rapids Intl,42.8821,-85.52298,METAR|TAF
KGRY,Green Canyon 338,27.6247,-90.4411,METAR
KGSB,Goldsboro/Johnson AFB,35.34455,-77.94583,METAR|TAF
KGSH,Goshen Muni,41.52652,-85.78717,METAR
KGSO,Greensboro Intl,36.0969,-79.94316,METAR|TAF
KGSP,Greenville-Spartanburg Intl,34.88423,-82.22093,METAR|TAF
KGTB,Ft Drum/Wheeler AAF,44.06175,-75.72182,METAR|TAF
KGTF,Great Falls Intl,47.47327,-111.3828,METAR|TAF
KGTR,Golden Triangle Arpt,33.456,-88.593,METAR|TAF
KGTU,Georgetown Muni,30.68088,-97.67667,METAR
KGUC,Gunnison Arpt,38.53225,-106.94185,METAR|TAF
KGUL,Gurden Banks 668,27.3039,-93.5383,METAR
KGUN,Gunbarrel,41.44,-104.35,METAR
KGUP,Gallup Muni,35.50856,-108.79317,METAR|TAF
KGUR,Guernsey Arpt,42.261,-104.732,METAR|TAF
KGUS,Peru/Grissom ARB,40.6375,-86.1631,METAR|TAF
KGUY,Guymon Muni,36.68186,-101.50515,METAR|TAF
KGVE,Gordonsville Muni,38.15693,-78.16561,METAR
KGVL,Gainesville/Gilmer Mem,34.27209,-83.83045,METAR
KGVQ,Batavia/Genesee Cnty,43.02981,-78.16651,METAR
KGVT,Greenville/Majors Arpt,33.06688,-96.06143,METAR
KGVW,Galveston 209B,29.1303,-94.5466,METAR
KGVX,Galveston 424,28.577,-94.976,METAR
KGWB,Auburn/De Kalb Cnty,41.30611,-85.05855,METAR
KGWO,Greenwood/Leflore Arpt,33.49611,-90.08945,METAR|TAF
KGWR,Gwinner Muni,46.21846,-97.6396,METAR
KGWW,Goldsboro/Wayne Muni,35.46373,-77.96035,METAR
KGXA,Gray Butte Fld,34.565,-117.669,METAR
KGXF,Gila Bend,32.885,-112.721,METAR
KGXY,Greeley/Weld Cnty Arpt,40.43447,-104.62964,METAR
KGYB,Giddings/Lee Cnty,30.17144,-96.97847,METAR
KGYF,Alaminos Canyon Blk 857,26.1292,-94.8981,METAR
KGYH,Greenville/Donaldson Fld,34.763,-82.375,METAR
KGYI,Dennison/N Texas Rgnl,33.72307,-96.67144,METAR
KGYL,Glencoe Muni,44.75881,-94.09053,METAR
KGYR,Phoenix/Goodyear Muni,33.428,-112.368,METAR
KGYY,Gary Intl,41.61209,-87.4091,METAR|TAF
KGZH,Evergreen/Middleton Fld,31.41912,-87.04843,METAR
KGZL,Stigler Rgnl,35.29134,-95.09556,METAR
KGZN,Cisco/Simmons Mem,32.36816,-99.02596,METAR
KGZS,Pulaski/Abernathy Fld,35.15325,-87.05431,METAR
KHAE,Hannibal Rgnl,39.72624,-91.44252,METAR
KHAF,Half Moon Bay Arpt,37.51359,-122.49959,METAR|TAF
KHAI,Three Rivers Muni,41.95911,-85.59327,METAR
KHAO,Hamilton/Butler Cnty,39.3612,-84.52061,METAR
KHBB,Hobbs/Indust Arpk,32.765,-103.212,METAR
KHBE,Atterbury/Himsel Fld,39.33674,-86.02788,METAR
KHBG,Hattiesburg/Chain Muni,31.2648,-89.25608,METAR|TAF
KHBI,Asheboro Muni,35.65271,-79.8942,METAR
KHBR,Hobart Muni,34.98908,-99.05281,METAR|TAF
KHBV,Hebbronville/Hogg Cnty,27.35159,-98.74154,METAR
KHCD,Hutchinson/Butler Fld,44.85967,-94.38554,METAR
KHCO,Hallock Muni,48.75243,-96.93759,METAR
KHCR,Heber City Muni,40.47743,-111.43293,METAR|TAF
KHDC,Hammond/Northshore Rgnl,30.52368,-90.41765,METAR|TAF
KHDE,Holdrege/Brewster Fld,40.44962,-99.33626,METAR
KHDL,Headland Muni,31.36414,-85.3112,METAR
KHDN,Hayden/Yampa Valley Arpt,40.48419,-107.22961,METAR|TAF
KHDO,Hondo Muni,29.36014,-99.17422,METAR
KHEF,Manassas Rgnl,38.72403,-77.51746,METAR
KHEG,Jacksonville/Herlong Arpt,30.27706,-81.80873,METAR
KHEI,Hettinger Muni,46.0108,-102.65179,METAR
KHEQ,Holyoke Arpt,40.57155,-102.27676,METAR
KHEY,Hanchey,31.348,-85.655,METAR
KHEZ,Natchez/Adams Cnty,31.61589,-91.29726,METAR|TAF
KHFD,Hartford/Brainard Arpt,41.7352,-72.65115,METAR
KHFF,Mackall,35.04238,-79.4973,METAR
KHFJ,Monett Muni,36.91046,-94.0099,METAR
KHFY,Greenwood Muni,39.628,-86.088,METAR
KHGR,Hagerstown Rgnl,39.70619,-77.73041,METAR
KHGT,Hunter-Ligget/Tusi,35.994,-121.237,METAR
KHHF,Canadian/Hemphill Cnty,35.89292,-100.40462,METAR
KHHG,Huntington Muni,40.85428,-85.45433,METAR
KHHR,Hawthorne Muni,33.92352,-118.33291,METAR
KHHV,Alaminos Canyon 25,26.9392,-94.6886,METAR
KHHW,Hugo/Stamper Muni,34.03082,-95.54012,METAR
KHIB,Hibbing/Chisholm Arpt,47.3804,-92.83248,METAR|TAF
KHIE,Mt Washington Rgnl,44.36594,-71.55217,METAR|TAF
KHIF,Ogden/Hill AFB,41.111,-111.962,METAR|TAF
KHII,Lake Havasu City Arpt,34.56591,-114.35222,METAR
KHIO,Portland/Hillsboro Arpt,45.54761,-122.95572,METAR|TAF
KHJH,Hebron Muni,40.14934,-97.5872,METAR
KHJO,Hanford Muni,36.31142,-119.62318,METAR
KHKA,Blytheville Muni,35.93778,-89.83318,METAR
KHKS,Jackson/Hawkins Fld,32.33755,-90.22142,METAR|TAF
KHKY,Hickory Rgnl,35.74203,-81.38223,METAR|TAF
KHLB,Batesville Arpt,39.34629,-85.2602,METAR
KHLC,Hill City Muni,39.37412,-99.82987,METAR
KHLD,Hiland,43.09,-107.32,METAR
KHLG,Wheeling/Ohio Cnty,40.16994,-80.64406,METAR|TAF
KHLN,Helena Rgnl,46.60446,-111.98918,METAR|TAF
KHLR,Killeen/Ft Hood AAF,31.13611,-97.71492,METAR
KHLX,Hillsville/Twin Cnty,36.76374,-80.82113,METAR
KHME,MIL,-99.99,-99.99,METAR
KHMN,Holloman AFB,32.852,-106.108,METAR|TAF
KHMP,Hampton/Henry Cnty,33.39158,-84.33123,METAR
KHMS,Hanford,46.57,-119.6,METAR
KHMT,Hemet/Ryan Arpt,33.73032,-117.02722,METAR
KHMZ,Bedford Arpt,40.08633,-78.51674,METAR
KHNB,Huntingburg Arpt,38.25048,-86.94726,METAR|TAF
KHND,Henderson Exec,35.96575,-115.13433,METAR|TAF
KHNR,Harlan Muni,41.58415,-95.3358,METAR
KHNZ,Oxford-Henderson Arpt,36.36352,-78.52889,METAR
KHOB,Hobbs Arpt,32.67971,-103.22223,METAR|TAF
KHOE,Homerville Arpt,31.05613,-82.77263,METAR
KHON,Huron Rgnl,44.37917,-98.22274,METAR|TAF
KHOP,Fort Campbell,36.672,-87.495,METAR|TAF
KHOT,Hot Springs Mem,34.47549,-93.10412,METAR|TAF
KHOU,Houston/Hobby Arpt,29.64582,-95.28214,METAR|TAF
KHPN,White Plains/Westchester Cnty,41.06236,-73.70455,METAR|TAF
KHPT,Hampton Muni,42.71754,-93.22441,METAR
KHQG,Hugoton Muni,37.16469,-101.3714,METAR
KHQI,High Island 376,27.9619,-93.6708,METAR
KHQM,Hoquiam/Bowerman Arpt,46.97288,-123.93079,METAR|TAF
KHQU,Thomson/McDuffie Cnty,33.52786,-82.518,METAR
KHQZ,Mesquite Metro,32.75138,-96.52906,METAR
KHRF,Hamilton/Ravalli Cnty,46.25755,-114.12743,METAR|TAF
KHRI,Hermiston Muni,45.82589,-119.26121,METAR
KHRJ,Erwin/Harnett Rgnl,35.37941,-78.73564,METAR
KHRL,Harlingen/Valley Intl,26.2303,-97.65565,METAR|TAF
KHRO,Harrison/Boone Cnty,36.26728,-93.15658,METAR|TAF
KHRT,Ft Walton Beach/Hurlburt Fld,30.428,-86.69,METAR|TAF
KHRX,Hereford Muni,34.86277,-102.31998,METAR
KHSA,Bay St Louis/Stennis Intl,30.3765,-89.45538,METAR|TAF
KHSB,Harrisburg/Raleigh Arpt,37.8128,-88.54486,METAR
KHSD,Oklahoma City/Sundance Arpt,35.60184,-97.7093,METAR
KHSE,Hatteras/Mitchell Fld,35.23238,-75.6223,METAR
KHSG,Thermopolis/Hot Springs Cnty,43.71778,-108.38507,METAR
KHSI,Hastings Muni,40.60022,-98.42638,METAR
KHSP,Hot Springs/Ingalls Fld,37.95306,-79.8285,METAR
KHSR,Hot Springs Muni,43.368,-103.388,METAR
KHST,Homestead AFB,25.49,-80.379,METAR|TAF
KHSV,Huntsville Intl,34.64407,-86.78615,METAR|TAF
KHTH,Hawthorne Muni,38.54482,-118.63136,METAR
KHTL,Houghton Lake/Blodgett Mem,44.35904,-84.6739,METAR
KHTO,East Hampton Arpt,40.96,-72.251,METAR
KHTS,Huntington/Ferguson Fld,38.36531,-82.55479,METAR|TAF
KHUA,Huntsville/Redstone AAF,34.67597,-86.68545,METAR|TAF
KHUF,Terre Haute/Hulman Fld,39.4429,-87.32206,METAR|TAF
KHUL,Houlton Intl,46.11846,-67.79289,METAR|TAF
KHUM,Houma/Terrebonne Arpt,29.56338,-90.66286,METAR|TAF
KHUT,Hutchinson Muni,38.06825,-97.86075,METAR|TAF
KHVE,Hanksville Arpt,38.41798,-110.70408,METAR
KHVN,New Haven/Tweed Arpt,41.259,-72.88912,METAR
KHVR,Havre/City Arpt,48.54254,-109.76438,METAR|TAF
KHVS,Hartsville Rgnl,34.40654,-80.11979,METAR
KHWD,Hayward Exec,37.65886,-122.12116,METAR
KHWO,Hollywood/North Perry Arpt,25.99956,-80.24119,METAR|TAF
KHWV,Brookhaven Arpt,40.82122,-72.86741,METAR
KHWY,Warrenton/Fauquier Arpt,38.58764,-77.71503,METAR
KHXD,Hilton Head Arpt,32.22626,-80.69488,METAR
KHYA,Hyannis/Barnstable Muni,41.6719,-70.26974,METAR|TAF
KHYI,San Marcos Muni,29.89584,-97.86644,METAR|TAF
KHYR,Hayward Muni,46.03027,-91.44265,METAR|TAF
KHYS,Hays Rgnl,38.8392,-99.27424,METAR|TAF
KHYW,Conway/Horry Cnty,33.82555,-79.12587,METAR
KHYX,Saginaw Cnty Arpt,43.43187,-83.86481,METAR
KHZD,Huntingdon/Carroll Cnty,36.08895,-88.4654,METAR
KHZE,Hazen/Mercer Cnty,47.28799,-101.57705,METAR
KHZL,Hazleton Muni,40.98446,-75.99006,METAR
KHZR,New Roads/False River Rgnl,30.718,-91.48,METAR
KHZX,McGregor/Iverson Arpt,46.61893,-93.31281,METAR
KHZY,Ashtabula/NE Ohio Rgnl,41.77941,-80.69683,METAR
KIAB,McConnell AFB,37.622,-97.268,METAR|TAF
KIAD,Washington/Dulles Intl,38.93485,-77.44728,METAR|TAF
KIAG,Niagara Falls Intl,43.1083,-78.93818,METAR|TAF
KIAH,Houston/Bush Intl,29.98438,-95.36072,METAR|TAF
KIBM,Kimball Muni,41.18937,-103.67084,METAR
KICL,Clarinda/Schenck Fld,40.72418,-95.02225,METAR
KICR,Winner/Wiley Fld,43.39096,-99.84623,METAR
KICT,Wichita/Eisenhower Arpt,37.64752,-97.43,METAR|TAF
KIDA,Idaho Falls Rgnl,43.52042,-112.06755,METAR|TAF
KIDI,Indiana/Stewart Arpt,40.63373,-79.10358,METAR
KIDL,Indianola Muni,33.486,-90.679,METAR
KIDP,Independence Muni,37.15662,-95.77919,METAR
KIDV,I-25 Divide,43.94,-106.64,METAR
KIEN,Pine Ridge Strip,43.02615,-102.52004,METAR
KIER,Natchitoches Rgnl,31.73605,-93.10027,METAR
KIFA,Iowa Falls Muni,42.46913,-93.26511,METAR
KIFP,Bullhead City Intl,35.14871,-114.561067,METAR|TAF
KIGC,Charleston AFB,32.9,-80.05,TAF
KIGM,Kingman Arpt,35.25746,-113.93406,METAR
KIGQ,Chicago/Lansing Muni,41.54125,-87.52823,METAR
KIIB,Independence Muni,42.45443,-91.95039,METAR
KIIY,Washington/Wilkes Cnty,33.77969,-82.81351,METAR
KIJD,Willimantic/Windham Arpt,41.74248,-72.18246,METAR
KIJX,Jacksonville Muni,39.77401,-90.24186,METAR
KIKA,Inyan Kara,44.29,-104.62,METAR
KIKG,Kingsville/Kleberg Cnty,27.5464,-98.02924,METAR
KIKK,Kankakee Arpt,41.0687,-87.85371,METAR
KIKR,Kirtland AFB/Aux Fld,34.95,-106.57,TAF
KIKT,Mississippi Canyon 474,28.5208,-88.2889,METAR
KIKV,Ankeny Rgnl,41.68783,-93.56951,METAR
KIKW,Midland/Barstow Fld,43.66429,-84.26127,METAR
KILE,Killeen/Skylark Fld,31.08396,-97.68854,METAR
KILG,Wilmington/New Castle Arpt,39.67443,-75.60566,METAR|TAF
KILM,Wilmington Intl,34.26678,-77.89986,METAR|TAF
KILN,Wilmington Arpt,39.43084,-83.777,METAR|TAF
KIML,Imperial Muni,40.51063,-101.62432,METAR
KIMM,Immokalee Rgnl,26.43208,-81.40726,METAR
KIMS,Madison Muni,38.75151,-85.46893,METAR
KIMT,Iron Mountain/Ford Arpt,45.8134,-88.11292,METAR
KIND,Indianapolis Intl,39.72516,-86.28161,METAR|TAF
KINF,Inverness Arpt,28.80625,-82.31896,METAR
KINJ,Hillsboro Muni,32.08435,-97.09586,METAR
KINK,Wink/Winkler Cnty,31.7801,-103.20172,METAR|TAF
KINL,International Falls/Einarson Fld,48.55943,-93.39554,METAR|TAF
KINS,Indian Springs/Creech AFB,36.586,-115.69,METAR|TAF
KINT,Winston-Salem/Reynolds Arpt,36.13347,-80.22441,METAR|TAF
KINW,Winslow/Lindberg Rgnl,35.02795,-110.72206,METAR|TAF
KIOB,Mount Sterling/Montgomery Cnty,38.05745,-83.9829,METAR|TAF
KIOW,Iowa City Muni,41.6394,-91.54455,METAR
KIPJ,Lincolnton/Lincoln Cnty,35.48607,-81.15638,METAR
KIPL,Imperial Cnty Arpt,32.83464,-115.57658,METAR|TAF
KIPN,Independence Hu,28.085,-87.986,METAR
KIPT,Williamsport Rgnl,41.24296,-76.92173,METAR|TAF
KIRK,Kirksville Rgnl,40.09661,-92.54694,METAR
KIRS,Sturgis/Kirsh Muni,41.81536,-85.43762,METAR
KISM,Kissimmee Muni,28.29237,-81.43712,METAR|TAF
KISN,Williston/Sloulin Fld,48.174,-103.637,TAF
KISO,Kinston Rgnl,35.32397,-77.61867,METAR|TAF
KISP,Islip/Macarthur Arpt,40.79389,-73.10183,METAR|TAF
KISQ,Manistique/Schoolcraft Cnty,45.97288,-86.17281,METAR
KISW,Wisconsin Rapids/S Wood Cnty,44.35905,-89.83695,METAR
KITH,Ithaca/Tompkins Rgnl,42.49306,-76.45693,METAR|TAF
KITR,Burlington/Kit Carson Cnty,39.24149,-102.28191,METAR
KIUA,Canandaigua Arpt,42.90579,-77.32269,METAR
KIWA,Phoenix/Mesa Gateway Arpt,33.30082,-111.64372,METAR|TAF
KIWD,Ironwood/Iron Cnty,46.53214,-90.12603,METAR|TAF
KIWI,Wiscasset Arpt,43.96387,-69.71139,METAR
KIWS,Houston/West Houston Arpt,29.818,-95.672,METAR
KIXA,Halifax/Northampton Rgnl,36.33098,-77.63328,METAR
KIXD,Olathe/New Century Arpt,38.82213,-94.89024,METAR|TAF
KIYA,Abbeville/Crusta Mem,29.97604,-92.08263,METAR
KIYK,Inyokern Cnty,35.659,-117.83,METAR
KIZA,Santa Ynez Arpt,34.60595,-120.07612,METAR
KIZG,Fryeburg/Eastern Slopes Rgnl,43.98992,-70.95005,METAR
KJAC,Jackson Hole Arpt,43.61294,-110.73663,METAR|TAF
KJAN,Jackson/Evers Intl,32.31981,-90.07777,METAR|TAF
KJAQ,Jackson/Westover Fld,38.37424,-120.79432,METAR
KJAS,Jasper/Bell Fld,30.89039,-94.03318,METAR
KJAU,Jacksboro/Campbell Cnty,36.33513,-84.16351,METAR
KJAX,Jacksonville Intl,30.49529,-81.69373,METAR|TAF
KJBR,Jonesboro Muni,35.83567,-90.64422,METAR|TAF
KJCA,Jefferson/Jackson Cnty,34.1739,-83.5583,METAR
KJCT,Junction/Kimble Cnty,30.51046,-99.7665,METAR|TAF
KJDD,Mineola/Wood Cnty,32.7403,-95.49446,METAR
KJDN,Jordan Arpt,47.32591,-106.94877,METAR
KJEF,Jefferson City Mem,38.59453,-92.15671,METAR|TAF
KJER,Jerome Cnty Arpt,42.72736,-114.45469,METAR|TAF
KJES,Jesup/Wayne Cnty,31.55211,-81.88962,METAR
KJFK,New York/JF Kennedy Intl,40.63916,-73.76394,METAR|TAF
KJFX,Jasper/Walker Cnty,33.90076,-87.30922,METAR
KJFZ,Tazewell Cnty,37.06344,-81.79687,METAR
KJGG,Williamsburg-Jamestown Arpt,37.24,-76.718,METAR
KJHN,Johnson City/Stanton Cnty,37.57823,-101.73046,METAR
KJHW,Jamestown/Chautauqua Cnty,42.15344,-79.25415,METAR|TAF
KJKA,Gulf Shores/Edwards Arpt,30.291,-87.661,METAR|TAF
KJKJ,Moorhead Muni,46.84038,-96.65448,METAR
KJKL,Jackson/Carroll Arpt,37.59133,-83.3137,METAR|TAF
KJLN,Joplin Rgnl,37.15222,-94.49525,METAR|TAF
KJMR,Mora Muni,45.88854,-93.269,METAR
KJMS,Jamestown Rgnl,46.92587,-98.6704,METAR|TAF
KJNW,Newport,44.58,-124.07,METAR
KJNX,Smithfield/Johnston Rgnl,35.5369,-78.3934,METAR
KJOT,Joliet Rgnl,41.51755,-88.17904,METAR
KJPD,Ten Sleep,44.15,-107.17,METAR
KJPX,East Hampton Arpt,40.96053,-72.25107,METAR
KJQF,Concord Rgnl,35.38961,-80.70736,METAR
KJRB,New York/Downtown,40.701,-74.009,METAR
KJRO,Jackson/Rhodes Arpt,38.98609,-82.57556,METAR
KJSL,Gulf of Mexino,26.2367,-91.2567,METAR
KJSO,Jacksonvil0e/Cherokee Cnty,31.86896,-95.21453,METAR
KJST,Johnstown/Murtha Arpt,40.3149,-78.83075,METAR|TAF
KJSV,Sallisaw Muni,35.4381,-94.8012,METAR
KJSY,Joseph/State Arpt,45.35561,-117.25408,METAR
KJTC,Springerville Muni,34.12918,-109.30904,METAR
KJVL,Janesville/S Wisconsin Rgnl,42.62134,-89.04187,METAR|TAF
KJVW,Raymond/Williams Arpt,32.30695,-90.41196,METAR
KJVY,Jeffersonville/Clark Rgnl,38.36922,-85.73661,METAR
KJWG,Watonga Rgnl,35.863,-98.423,METAR
KJWN,Nashville/Tune Arpt,36.18519,-86.88333,METAR
KJWX,Fort Ritchie,39.734,-77.43,METAR
KJWY,Midlothian/Mid-Way Rgnl,32.456,-96.914,METAR
KJXI,Gilmer/Stephens Fld,32.70364,-94.94709,METAR
KJXN,Jackson Cnty,42.25896,-84.4589,METAR|TAF
KJYG,St James Muni,43.98551,-94.5527,METAR
KJYL,Sylvania/Plantation Arpk,32.6459,-81.58942,METAR
KJYM,Hillsdale Muni,41.9197,-84.5853,METAR
KJYO,Leesburg Exec,39.08264,-77.56055,METAR
KJYR,York Muni,40.89417,-97.6258,METAR
KJZI,Charleston Exec,32.70246,-80.00582,METAR|TAF
KJZP,Jasper/Pickens Cnty,34.45415,-84.45972,METAR
KKLS,Kelso/Longview Arpt,46.118,-122.898,METAR
KKNB,Kanab Muni,37.00783,-112.5303,METAR
KLAA,Lamar Muni,38.07177,-102.68747,METAR
KLAF,Lafayette/Purdue Univ Arpt,40.41236,-86.94737,METAR|TAF
KLAL,Lakeland/Linder Intl,27.9866,-82.01928,METAR|TAF
KLAM,Los Alamos Arpt,35.87892,-106.26206,METAR
KLAN,Lansing/Capital City Arpt,42.77611,-84.59973,METAR|TAF
KLAR,Laramie Rgnl,41.31651,-105.67288,METAR|TAF
KLAS,Las Vegas/Reid Intl,36.07188,-115.16343,METAR|TAF
KLAW,Lawton-Fort Sill Rgnl,34.55771,-98.41721,METAR|TAF
KLAX,Los Angeles Intl,33.93817,-118.3866,METAR|TAF
KLBB,Lubbock Intl Arpt,33.66578,-101.8233,METAR|TAF
KLBE,Latrobe/Palmer Rgnl,40.27674,-79.40392,METAR|TAF
KLBF,N Platte/Lee Bird Fld,41.122,-100.66895,METAR|TAF
KLBL,Liberal/Mid America Rgnl,37.03746,-100.95745,METAR|TAF
KLBO,Lebanon/Jones Arpt,37.64494,-92.65436,METAR
KLBR,Clarksville/Trissell Fld,33.59533,-95.06534,METAR
KLBT,Lumberton Muni,34.60817,-79.05899,METAR|TAF
KLBX,Angleton/Texas Gulf Coast Rgnl,29.11537,-95.46324,METAR|TAF
KLCG,Wayne Muni,42.24229,-96.98302,METAR
KLCH,Lake Charles Rgnl,30.12551,-93.2277,METAR|TAF
KLCI,Laconia Muni,43.57183,-71.42536,METAR
KLCK,Columbus/Rickenbacker Intl,39.83,-82.919,METAR|TAF
KLCQ,Lake City/Gateway Arpt,30.18384,-82.56839,METAR
KLDJ,Linden Arpt,40.61622,-74.24507,METAR
KLDM,Ludington/Mason Cnty,43.96143,-86.41069,METAR
KLEB,Lebanon Muni,43.62707,-72.30537,METAR|TAF
KLEE,Leesburg Muni,28.82142,-81.80064,METAR|TAF
KLEM,Lemmon Muni,45.92,-102.104,METAR
KLEW,Auburn-Lewiston Muni,44.04445,-70.28527,METAR
KLEX,Lexington/Blue Grass Arpt,38.03391,-84.61138,METAR|TAF
KLFI,Langley AFB,37.088,-76.349,METAR|TAF
KLFK,Lufkin/Angelina Cnty,31.2359,-94.75465,METAR|TAF
KLFT,Lafayette Rgnl,30.19859,-91.98957,METAR|TAF
KLGA,New York/La Guardia Arpt,40.77945,-73.88027,METAR|TAF
KLGB,Long Beach Arpt,33.81177,-118.14717,METAR|TAF
KLGC,La Grange/Callaway Arpt,33.0093,-85.07173,METAR
KLGD,La Grande/Union Cnty,45.29063,-118.00884,METAR
KLGF,Laguna,32.868,-114.393,METAR
KLGU,Logan/Cache Arpt,41.7865,-111.85188,METAR|TAF
KLHB,Hearne Muni,30.8693,-96.62071,METAR
KLHM,Lincoln Rgnl,38.91485,-121.35159,METAR
KLHQ,Lancaster/Fairfield Cnty,39.75725,-82.66332,METAR
KLHV,Lock Haven/Piper Arpt,41.136,-77.421,METAR
KLHW,Ft Stewart/Mid Coast Rgnl,31.88721,-81.56246,METAR
KLHX,La Junta Muni,38.04949,-103.51336,METAR
KLHZ,Louisburg/Franklin Cnty,36.02289,-78.33408,METAR
KLIC,Limon Muni,39.27331,-103.66736,METAR
KLIT,Little Rock/Clinton Natl,34.72726,-92.23582,METAR|TAF
KLJF,Litchfield Muni,45.09485,-94.50836,METAR
KLKR,Lancaster Cnty,34.72659,-80.85316,METAR
KLKU,Louisa/Freeman Fld,38.00851,-77.9681,METAR
KLKV,Lakeview/Lake Cnty,42.15379,-120.40273,METAR
KLLJ,Challis Arpt,44.523,-114.21611,METAR
KLLN,Levelland Muni,33.55601,-102.37514,METAR
KLLQ,Monticello/Ellis Fld,33.63602,-91.7555,METAR|TAF
KLLR,Little River Arpt,39.2621,-123.7525,METAR
KLMO,Longmont/Brand Arpt,40.16117,-105.16046,METAR
KLMT,Klamath Falls Intl,42.14702,-121.72553,METAR|TAF
KLNA,Lantana/Palm Beach Cnty,26.5925,-80.08484,METAR|TAF
KLNC,Lancaster Arpt,32.58323,-96.72093,METAR
KLND,Lander/Hunt Fld,42.81536,-108.72603,METAR|TAF
KLNK,Lincoln Arpt,40.84781,-96.76468,METAR|TAF
KLNL,Land OLakes Arpt,46.15145,-89.2108,METAR
KLNN,Willoughby/Lake Cnty Exec,41.68392,-81.38962,METAR
KLNP,Wise/Lonesome Pine Arpt,36.98842,-82.52404,METAR
KLNQ,Boothville/Petr,29.353,-89.439,METAR
KLNR,Lone Rock/Tri Cnty Rgnl,43.21106,-90.18739,METAR
KLNS,Lancaster Arpt,40.12059,-76.29445,METAR|TAF
KLOL,Lovelock/Derby Fld,40.06845,-118.57017,METAR|TAF
KLOM,Philadelphia/Wings Field Arpt,40.13757,-75.26843,METAR
KLOR,Ft Rucker/Lowe,31.36,-85.749,METAR
KLOT,Romeoville/Lewis Univ Arpt,41.60308,-88.10167,METAR
KLOU,Louisville/Bowman Fld,38.23021,-85.66294,METAR
KLOZ,London-Corbin Arpt,37.08958,-84.06881,METAR|TAF
KLPC,Lompoc Arpt,34.66465,-120.46423,METAR
KLPR,Elyria/Lorain Cnty,41.34628,-82.17885,METAR
KLQK,Pickens Cnty,34.80686,-82.70469,METAR
KLQR,Larned/Pawnee Cnty,38.20838,-99.08684,METAR
KLRD,Laredo Intl,27.55103,-99.46143,METAR|TAF
KLRF,Little Rock AFB,34.92,-92.131,METAR|TAF
KLRJ,Le Mars Muni,42.77714,-96.19497,METAR
KLRO,Mt Pleasant Rgnl,32.8982,-79.77958,METAR
KLRU,Las Cruces Intl,32.28842,-106.91312,METAR|TAF
KLRY,Harrisonville/Smith,38.60739,-94.34527,METAR
KLSB,Lordsburg Muni,32.33403,-108.69554,METAR
KLSE,La Crosse Muni,43.87922,-91.25301,METAR|TAF
KLSF,Fort Benning/Lawson AAF,32.3239,-84.98264,METAR|TAF
KLSK,Lusk Muni,42.75443,-104.40933,METAR
KLSV,Nellis AFB,36.236,-115.034,METAR|TAF
KLTS,Altus AFB,34.666,-99.27,METAR|TAF
KLUA,Luray Caverns Arpt,38.667,-78.501,METAR
KLUD,Decatur Muni,33.25684,-97.58256,METAR
KLUF,Phoenix/Luke AFB,33.538,-112.38,METAR|TAF
KLUG,Lewisburg/Ellington Arpt,35.50821,-86.80549,METAR
KLUK,Cincinnati/Lunken Fld,39.10601,-84.41608,METAR|TAF
KLUL,Laurel/Hesler-Noble Fld,31.66819,-89.17051,METAR
KLUM,Menomenie Muni,44.89362,-91.86655,METAR
KLUV,Lamesa Muni,32.74813,-101.91274,METAR
KLUX,Laurens Cnty,34.508,-81.949,METAR
KLVJ,Houston/Pearland Rgnl,29.51924,-95.2423,METAR|TAF
KLVK,Livermore Muni,37.69309,-121.81489,METAR|TAF
KLVL,Lawrenceville Muni,36.77234,-77.79251,METAR
KLVM,Livingston/Mission Fld,45.69837,-110.44154,METAR|TAF
KLVN,Lakeville/Airlake Arpt,44.6252,-93.22728,METAR|TAF
KLVS,Las Vegas Muni,35.65582,-105.13853,METAR|TAF
KLWA,South Haven Rgnl,42.34762,-86.2578,METAR
KLWB,Lewisburg/Greenbrier Valley Arpt,37.8633,-80.3923,METAR|TAF
KLWC,Lawrence Muni,39.00778,-95.2115,METAR
KLWD,Lamoni Muni,40.63064,-93.9005,METAR
KLWM,Lawrence Muni,42.71248,-71.12559,METAR
KLWS,Lewiston/Nez Perce Cnty,46.37458,-117.01531,METAR|TAF
KLWT,Lewistown Muni,47.05443,-109.45655,METAR|TAF
KLWV,Lawrenceville-Vincennes Intl,38.76045,-87.59903,METAR
KLXL,Little Falls/Morrison Cnty,45.95094,-94.34407,METAR
KLXN,Lexington/Kelly Fld,40.79146,-99.77503,METAR
KLXT,Lee's Summit Muni,38.95766,-94.37117,METAR
KLXV,Leadville/Lake Cnty,39.22803,-106.31625,METAR
KLXY,Mexia/Limestone Cnty,31.64462,-96.51218,METAR
KLYH,Lynchburg/Glenn Fld,37.32126,-79.20649,METAR|TAF
KLYO,Lyons/Rice Cnty,38.34299,-98.2266,METAR
KLYV,Luverne Muni,43.62166,-96.21395,METAR
KLZU,Lawrenceville/Gwinnett Cnty,33.9828,-83.95851,METAR
KLZZ,Lampasas Arpt,31.10591,-98.19748,METAR
KMAE,Madera Muni,36.98506,-120.11067,METAR
KMAF,Midland Intl,31.94754,-102.20858,METAR|TAF
KMAI,Marianna Muni,30.83696,-85.18351,METAR
KMAN,Nampa Muni,43.58198,-116.52106,METAR
KMAO,Marion Cnty Arpt,34.18515,-79.3341,METAR
KMAW,Malden Rgnl,36.5945,-89.98654,METAR
KMBG,Mobridge Muni,45.543,-100.404,METAR|TAF
KMBL,Manistee/Blacker Arpt,44.27139,-86.23775,METAR|TAF
KMBO,Madison/Campbell Fld,32.43846,-90.10144,METAR
KMBS,Saginaw Intl,43.5281,-84.08132,METAR|TAF
KMBT,Murfreesboro Muni,35.87668,-86.37926,METAR
KMBY,Moberly/Bradley Arpt,39.46397,-92.42438,METAR
KMCB,McComb/Lewis Fld,31.18227,-90.47207,METAR|TAF
KMCC,McClellan AFB,38.678,-121.403,METAR|TAF
KMCD,Mackinac Isl Arpt,45.866,-84.634,METAR
KMCE,Merced/Macready Fld,37.28597,-120.5179,METAR|TAF
KMCF,Tampa/MacDill AFB,27.85976,-82.51325,METAR|TAF
KMCI,Kansas City Intl,39.29747,-94.73087,METAR|TAF
KMCJ,Houston/Rice Mem Hospital,29.7139,-95.3967,METAR
KMCK,McCook Muni,40.204,-100.59038,METAR|TAF
KMCN,Macon/Middle Georgia Rgnl,32.68887,-83.65294,METAR|TAF
KMCO,Orlando Intl,28.41822,-81.32413,METAR|TAF
KMCW,Mason City Muni,43.15426,-93.3262,METAR|TAF
KMCX,Monticello/White Cnty,40.7127,-86.7649,METAR
KMDD,Midland Airpark,32.03587,-102.09951,METAR
KMDH,Murphysboro/S Illinois Arpt,37.7833,-89.24532,METAR
KMDJ,Mississippi Can,28.643,-89.794,METAR
KMDQ,Huntsville/Sharp Fld,34.866,-86.559,METAR
KMDS,Madison Muni,44.01406,-97.08167,METAR
KMDT,Harrisburg Intl,40.1962,-76.7725,METAR|TAF
KMDW,Chicago/Midway Intl,41.78412,-87.75515,METAR|TAF
KMDZ,Medford/Taylor Cnty,45.10131,-90.30638,METAR
KMEB,Laurinberg/Maxton Arpt,34.79132,-79.36829,METAR
KMEG,Memphis WFO,35.056,-89.986,METAR
KMEH,Meacham,45.512,-118.425,METAR
KMEI,Meridian/Key Fld,32.33482,-88.75071,METAR|TAF
KMEM,Memphis Intl,35.05639,-89.98641,METAR|TAF
KMER,Castle AFB,37.392,-120.577,METAR
KMEV,Minden-Tahoe Arpt,38.99627,-119.75002,METAR|TAF
KMEZ,Mena Intermountain Muni,34.54137,-94.19183,METAR
KMFD,Mansfield/Lahm Rgnl,40.8204,-82.51767,METAR|TAF
KMFE,McAllen/Miller Intl,26.17911,-98.2445,METAR|TAF
KMFI,Marshfield Muni,44.63792,-90.18754,METAR
KMFR,Medford/Rogue Valley Intl,42.37503,-122.87702,METAR|TAF
KMFV,Melfa/Accomack Cnty,37.646,-75.763,METAR
KMGC,Michigan City Muni,41.70478,-86.81833,METAR
KMGE,Marietta/Dobbins AFB,33.91892,-84.52665,METAR|TAF
KMGG,Maple Lake Muni,45.23539,-93.9896,METAR
KMGJ,Montgomery/Orange Cnty,41.50905,-74.26455,METAR
KMGM,Montgomery Rgnl,32.2997,-86.40743,METAR|TAF
KMGN,Harbor Springs Arpt,45.42412,-84.91299,METAR
KMGR,Moultrie Muni,31.08351,-83.8035,METAR
KMGW,Morgantown Muni,39.6498,-79.92064,METAR|TAF
KMGY,Dayton/Wright Brothers Arpt,39.59179,-84.22628,METAR
KMHE,Mitchell Muni,43.77425,-98.03839,METAR
KMHK,Manhattan Rgnl,39.13463,-96.67889,METAR|TAF
KMHL,Marshall Muni,39.09301,-93.20238,METAR
KMHP,Metter Muni,32.374,-82.079,METAR
KMHR,Sacramento/Mather Fld,38.55995,-121.28401,METAR|TAF
KMHS,Mount Shasta,41.31493,-122.31711,METAR
KMHT,Manchester Rgnl,42.92454,-71.43765,METAR|TAF
KMHV,Mojave Arpt,35.06264,-118.15723,METAR
KMIA,Miami Intl,25.78806,-80.31692,METAR|TAF
KMIB,Minot AFB,48.40623,-101.3413,METAR|TAF
KMIC,Minneapolis/Crystal Arpt,45.0623,-93.35108,METAR
KMIE,Muncie/Johnson Fld,40.23451,-85.39356,METAR
KMIO,Miami Muni,36.91284,-94.88932,METAR
KMIS,Main Pass 140B,29.296,-88.842,METAR
KMIU,Mustang Island,27.29,-96.74,METAR
KMIV,Millville Muni,39.36623,-75.07778,METAR|TAF
KMIW,Marshalltown Muni,42.11061,-92.91634,METAR
KMJD,Picayune Muni,30.49402,-89.65348,METAR
KMJQ,Jackson Muni,43.64958,-94.98846,METAR
KMJX,Toms River/Miller Arpt,39.92348,-74.29703,METAR
KMKA,Miller Muni,44.52367,-98.95538,METAR
KMKC,Kansas City/Wheeler Downtown Arpt,39.12791,-94.58919,METAR|TAF
KMKE,Milwaukee/Mitchell Intl,42.95489,-87.9045,METAR|TAF
KMKG,Muskegon Cnty Arpt,43.17107,-86.23685,METAR|TAF
KMKJ,Marion/Mountain Empire Arpt,36.89443,-81.34486,METAR
KMKL,Jackson/McKellar Rgnl,35.59332,-88.91697,METAR|TAF
KMKN,Comanche Cnty,31.92403,-98.59776,METAR
KMKO,Muskogee/Davis Fld,35.65765,-95.36584,METAR
KMKQ,Green Canyon 433,27.5197,-90.0981,METAR
KMKS,Moncks Corner/Berkeley Cnty,33.18739,-80.03626,METAR
KMKT,Mankato Rgnl,44.21845,-93.91786,METAR|TAF
KMKV,Marksville Muni,31.09349,-92.07231,METAR
KMKY,Marco Island Arpt,25.999,-81.674,METAR
KMLB,Melbourne Intl,28.09969,-80.63559,METAR|TAF
KMLC,McAlester Rgnl,34.88237,-95.78154,METAR|TAF
KMLD,Malad City Arpt,42.17,-112.289,METAR
KMLE,Omaha/Millard Arpt,41.1981,-96.11305,METAR
KMLF,Milford Muni,38.42251,-113.01089,METAR
KMLI,Moline/Quad City Intl,41.44816,-90.52365,METAR|TAF
KMLJ,Milledgeville/Baldwin Cnty,33.153,-83.242,METAR
KMLP,Mullan Pass,47.4548,-115.67109,METAR
KMLS,Miles City/Wiley Fld,46.42648,-105.88336,METAR|TAF
KMLT,Millinocket Muni,45.64776,-68.69245,METAR
KMLU,Monroe Rgnl,32.51552,-92.02995,METAR|TAF
KMMH,Mammoth/Yosemite Arpt,37.62529,-118.83841,METAR|TAF
KMMI,Athens/McMinn Cnty,35.39519,-84.56116,METAR
KMMK,Meriden/Markham Muni,41.50968,-72.82781,METAR
KMML,Marshall Muni,44.4504,-95.82149,METAR
KMMT,Columbia/McEntire JNGB,33.922,-80.802,METAR|TAF
KMMU,Morristown Muni,40.79893,-74.41636,METAR
KMMV,McMinnville Muni,45.19571,-123.13378,METAR
KMNE,Minden/Webster Arpt,32.64329,-93.29716,METAR
KMNH,Mountain Pass Arpt,39.22316,-104.64226,METAR
KMNI,Manning/Cooper Rgnl,33.58821,-80.20591,METAR
KMNM,Menominee/Twin Cnty,45.126,-87.639,METAR
KMNN,Marion Muni,40.61576,-83.06731,METAR
KMNV,Madisonville/Monroe Cnty,35.54295,-84.38078,METAR
KMNZ,Hamilton Muni,31.66971,-98.14624,METAR
KMOB,Mobile Rgnl,30.68819,-88.24595,METAR|TAF
KMOD,Modesto/Sham Fld,37.62544,-120.95492,METAR|TAF
KMOP,Mount Pleasant Muni,43.62288,-84.743,METAR
KMOR,Morristown/Moore Arpt,36.17457,-83.38533,METAR
KMOT,Minot Intl,48.25205,-101.26895,METAR|TAF
KMOX,Morris Muni,45.56774,-95.96594,METAR
KMPO,Mount Pocono Muni,41.13684,-75.37706,METAR
KMPR,McPherson Arpt,38.34912,-97.68827,METAR
KMPV,Montpelier/Knapp Arpt,44.20502,-72.56545,METAR|TAF
KMPZ,Mount Pleasant Muni,40.94526,-91.51224,METAR
KMQB,Macomb Muni,40.51763,-90.6481,METAR
KMQE,Milton/Blue Hills Observatory,42.212,-71.114,METAR
KMQI,Manteo/Dare Cnty,35.91881,-75.69887,METAR
KMQJ,Indianapolis Rgnl,39.84017,-85.89404,METAR
KMQS,Coatesville/Chester Cnty,39.9773,-75.86046,METAR
KMQW,McRae-Helena/Telfair-Wheeler Arpt,32.0942,-82.88202,METAR
KMQY,Smyrna Arpt,36.0029,-86.51437,METAR|TAF
KMRB,Martinsburg/E West Virginia Rgnl,39.40374,-77.97499,METAR|TAF
KMRC,Columbia/Maury Cnty,35.55787,-87.17778,METAR
KMRF,Marfa Muni,30.37065,-104.01173,METAR
KMRH,Beaufort/Smith Fld,34.73258,-76.65659,METAR
KMRJ,Mineral Point/Iowa Cnty,42.88752,-90.23151,METAR
KMRN,Morganton/Foothills Rgnl,35.81917,-81.6097,METAR
KMRT,Marysville/Union Cnty,40.22372,-83.34745,METAR
KMRY,Monterey Rgnl,36.59041,-121.84881,METAR|TAF
KMSL,Muscle Shoals/NW Alabama Rgnl,34.74388,-87.59971,METAR|TAF
KMSN,Madison/Dane Cnty Rgnl,43.14068,-89.34523,METAR|TAF
KMSO,Missoula Intl,46.92076,-114.09376,METAR|TAF
KMSP,Minneapolis-St Paul Intl,44.88523,-93.23132,METAR|TAF
KMSS,Massena Intl,44.93343,-74.84836,METAR|TAF
KMSV,Monticello/Sullivan Cnty,41.70561,-74.80039,METAR
KMSY,New Orleans/Armstrong Intl,29.99739,-90.27773,METAR|TAF
KMTC,Selfridge ANGB,42.60452,-82.83534,METAR|TAF
KMTH,Marathon Arpt,24.72625,-81.04772,METAR|TAF
KMTJ,Montrose Rgnl,38.50538,-107.89813,METAR|TAF
KMTN,Baltimore/Martin State Arpt,39.32145,-76.40653,METAR|TAF
KMTO,Mattoon/Coles Cnty,39.47439,-88.27237,METAR
KMTP,Montauk Arpt,41.07304,-71.92352,METAR
KMTV,Martinsville/Blue Ridge Arpt,36.6272,-80.01337,METAR
KMTW,Manitowoc Muni,44.13218,-87.68186,METAR|TAF
KMUI,Fort Indiantown Gap/Muir AAF,40.43807,-76.56432,METAR|TAF
KMUL,Moultrie/Spence Arpt,31.137,-83.704,METAR
KMUO,Mountain Home AFB,43.03,-115.859,METAR|TAF
KMUT,Muscatine Muni,41.36703,-91.14059,METAR
KMVE,Montevideo/Chippewa Cnty,44.96748,-95.71158,METAR
KMVH,N Bar Ranch Arpt,46.838,-108.936,METAR
KMVL,Morrisville-Stowe State Arpt,44.5328,-72.61523,METAR
KMVN,Mount Vernon Arpt,38.32841,-88.85295,METAR|TAF
KMVY,Marthas Vineyard Arpt,41.39297,-70.61591,METAR
KMWA,Marion Rgnl,37.75439,-89.01181,METAR
KMWC,Milwaukee/Timmerman Arpt,43.10954,-88.03432,METAR
KMWH,Moses Lake/Grant Cnty,47.19295,-119.31459,METAR|TAF
KMWK,Mt Airy/Surry Cnty,36.45676,-80.55485,METAR
KMWL,Mineral Wells Arpt,32.78155,-98.06022,METAR
KMWM,Windom Muni,43.90998,-95.10728,METAR
KMWN,Mount Washington,44.271,-71.304,METAR
KMWO,Middletown/Hook Fld,39.53238,-84.39735,METAR
KMWS,Mount Wilson,34.226,-118.057,METAR
KMWT,Mount Ida,34.54665,-93.57794,METAR
KMXF,Maxwell AFB,32.38768,-86.37236,METAR|TAF
KMXO,Monticello Rgnl,42.22032,-91.16044,METAR
KMYF,San Diego/Montgomery Arpt,32.81453,-117.13747,METAR
KMYJ,Mexico Mem,39.15612,-91.81292,METAR
KMYL,McCall Muni,44.89426,-116.09977,METAR|TAF
KMYP,Monarch Pass,38.49716,-106.32001,METAR
KMYR,Myrtle Beach Intl,33.6769,-78.93248,METAR|TAF
KMYT,Innovator,28.221,-89.615,METAR
KMYV,Marysville/Yuba Cnty,39.10204,-121.56883,METAR
KMYZ,Marysville Muni,39.85442,-96.62789,METAR
KMZG,Mustang Island,27.7269,-96.1911,METAR
KMZH,Moose Lake/Carlton C,46.41631,-92.80493,METAR
KMZJ,Marana/Pinal Aprk,32.51473,-111.33464,METAR
KMZM,Main Pass Blk 69P,26.9608,-89.0303,METAR
KMZZ,Marion Muni,40.48634,-85.68589,METAR
KNAK,Annapolis/Naval Academy,38.99128,-76.48909,METAR
KNBC,Beaufort,32.477,-80.722,METAR|TAF
KNBE,Dallas,32.73,-96.97,METAR
KNBG,New Orleans,29.837,-90.024,METAR|TAF
KNBT,Piney Island/Bomb Rng,35.022,-76.463,METAR
KNCA,New River MCAS,34.70624,-77.44064,METAR|TAF
KNDZ,Milton/Whiting-S,30.69728,-87.02072,METAR
KNEL,Lakehurst,40.037,-74.326,METAR
KNEN,Whitehouse Naval,30.349,-81.867,METAR
KNEW,New Orleans/Lakefront Arpt,30.04935,-90.02898,METAR|TAF
KNFE,Fentress,36.701,-76.129,METAR
KNFG,Camp Pendleton,33.304,-117.355,METAR|TAF
KNFL,Fallon,39.417,-118.705,METAR|TAF
KNFW,Fort Worth/Carswell NAS,32.781,-97.436,METAR|TAF
KNGP,Corpus Christi/Truax Fld NAS,27.688,-97.292,METAR|TAF
KNGU,Norfolk NAS,36.937,-76.281,METAR|TAF
KNGZ,Alameda/Alameda NAS,37.78,-122.32,METAR
KNHK,Patuxent River NAS,38.284,-76.408,METAR|TAF
KNHZ,Brunswick,43.9,-69.93,TAF
KNID,China Lake,35.688,-117.69,METAR|TAF
KNIP,Jacksonville,30.23464,-81.67463,METAR|TAF
KNJK,El Centro,32.823,-115.668,METAR|TAF
KNJM,Swansboro/Bogue Fld,34.694,-77.029,METAR|TAF
KNJW,Meridian Range B,32.792,-88.832,METAR
KNKT,Cherry Point MCAS,34.897,-76.881,METAR|TAF
KNKX,Miramar,32.865,-117.137,METAR|TAF
KNLC,Lemoore,36.30243,-119.93972,METAR|TAF
KNMM,Meridian/MCCain,32.546,-88.543,METAR|TAF
KNMT,McMullen Target Site,28.236,-98.724,METAR
KNOG,Orange Grove,27.895,-98.043,METAR
KNOW,Port Angeles,48.13943,-123.40334,METAR
KNOZ,Yuma Aux Afld,32.55,-114.512,METAR
KNPA,Pensacola,30.356,-87.323,METAR|TAF
KNQA,Millington Rgnl,35.36188,-89.86121,METAR
KNQI,Kingsville,27.507,-97.81,METAR|TAF
KNQX,Key West,24.58008,-81.68293,METAR|TAF
KNRB,Mayport,30.396,-81.423,METAR|TAF
KNRN,Norton Muni,39.84966,-99.89147,METAR
KNRS,Imperial Beach,32.563,-117.11094,METAR
KNSE,Milton/Whiting N,30.728,-87.022,METAR|TAF
KNSI,San Nicholas Island Arpt,33.23375,-119.4559,METAR
KNTD,Pt Mugu,34.124,-119.123,METAR|TAF
KNTU,Oceana,36.8209,-76.0277,METAR|TAF
KNUC,San Clemente,33.022,-118.583,METAR|TAF
KNUI,St Inigoes/Webster Fld,38.152,-76.432,METAR
KNUQ,Moffett Fed Airfld,37.4059,-122.04906,METAR
KNUW,Whidbey Island,48.355,-122.664,METAR|TAF
KNVD,Nevada Muni,37.85237,-94.30678,METAR
KNWL,Waldron Field,27.63116,-97.30977,METAR
KNXF,Camp Pendleton/Red B,33.287,-117.456,METAR
KNXP,Twentynine Palms/Self Arpt,34.29398,-116.1472,METAR|TAF
KNYC,New York/Central Park,40.779,-73.9692,METAR
KNYG,Quantico,38.503,-77.301,METAR|TAF
KNYL,Yuma,32.66001,-114.60777,METAR|TAF
KNZC,Cecil Field,30.23,-81.88,METAR
KNZW,South Weymouth,42.15,-70.93,METAR
KNZY,San Diego/North Island NAS,32.69217,-117.20983,METAR|TAF
KOAJ,Jacksonville/Ellis Arpt,34.8251,-77.61887,METAR|TAF
KOAK,Oakland Intl,37.71779,-122.23299,METAR|TAF
KOAR,Marina Muni,36.68151,-121.75736,METAR
KOBE,Okeechobee Cnty Arpt,27.26627,-80.84866,METAR
KOCF,Ocala Rgnl,29.16364,-82.221,METAR
KOCH,Nacogdoches Rgnl,31.58089,-94.70807,METAR
KOCQ,Oconto/Blake Mem,44.87488,-87.90841,METAR
KOCW,Washington/Warren Arpt,35.57028,-77.05004,METAR
KODO,Odessa/Schlemeyer Fld,31.92498,-102.38741,METAR
KODX,Ord/Sharp Fld,41.62341,-98.94887,METAR
KOEB,Coldwater/Branch Cnty,41.93081,-85.05436,METAR
KOEL,Oakley Muni,39.11386,-100.81895,METAR
KOEO,Osceola/Simenstad Muni,45.31083,-92.6948,METAR
KOFF,Bellevue/Offutt AFB,41.122,-95.91,METAR|TAF
KOFK,Norfolk/Stefan Mem,41.97988,-97.43351,METAR|TAF
KOFP,Richmond/Hanover Cnty,37.70927,-77.43485,METAR
KOGA,Ogalla/Searle Fld,41.11639,-101.76787,METAR
KOGB,Orangeburg Muni,33.46374,-80.85345,METAR|TAF
KOGD,Ogden/Hinckley Arpt,41.19406,-112.01682,METAR|TAF
KOGS,Ogdensburg Intl,44.67996,-75.46415,METAR
KOIC,Norwich/Eaton Arpt,42.56424,-75.52692,METAR
KOIN,Oberlin Muni,39.82981,-100.53771,METAR
KOJA,Weatherford/Stafford Arpt,35.54836,-98.67018,METAR
KOJC,Olathe/Johnson Cnty,38.84996,-94.73949,METAR
KOKB,Oceanside Muni,33.21946,-117.34961,METAR
KOKC,Oklahoma City/Will Rogers Intl,35.3843,-97.60033,METAR|TAF
KOKK,Kokomo Muni,40.5304,-86.05504,METAR
KOKM,Okmulgee Rgnl,35.67133,-95.95139,METAR
KOKV,Winchester Rgnl,39.14056,-78.13908,METAR
KOKZ,Sandersville/Kaolin Fld,32.96512,-82.8387,METAR
KOLD,Old Town/Dewitt Fld,44.954,-68.679,METAR
KOLE,Olean/Cattaraugus Cnty,42.2429,-78.37212,METAR
KOLF,Wolf Point/Clayton Arpt,48.09418,-105.57836,METAR|TAF
KOLG,Solon Springs Muni,46.31533,-91.81827,METAR
KOLM,Olympia Rgnl,46.97371,-122.90494,METAR|TAF
KOLS,Nogales Intl,31.42077,-110.84655,METAR|TAF
KOLU,Columbus Muni,41.44718,-97.33914,METAR
KOLV,Olive Branch Arpt,34.98077,-89.78507,METAR
KOLY,Olney/Noble Arpt,38.72133,-88.17993,METAR
KOLZ,Oelwein Muni,42.68314,-91.97599,METAR
KOMA,Omaha/Eppley Fld,41.31186,-95.90185,METAR|TAF
KOMH,Orange Cnty Arpt,38.24866,-78.0454,METAR
KOMK,Omak Arpt,48.46114,-119.52091,METAR
KOMN,Ormond Beach Muni,29.30093,-81.11098,METAR
KONA,Winona Muni,44.076,-91.707,METAR
KONL,O'Neill Muni,42.46912,-98.69033,METAR
KONM,Socorro Muni,34.02631,-106.90371,METAR
KONO,Ontario Muni,44.01425,-117.00813,METAR|TAF
KONP,Newport Muni,44.58245,-124.05745,METAR|TAF
KONT,Ontario Intl,34.05314,-117.57689,METAR|TAF
KONX,Currituck Cnty,36.399,-76.014,METAR
KONZ,Grosse Isle Muni,42.09914,-83.16105,METAR
KOOA,Oskaloosa Muni,41.22729,-92.4919,METAR
KOPF,Miami/Opa Locka Arpt,25.91017,-80.28283,METAR|TAF
KOPL,Opelousas/St Landry,30.56426,-92.10208,METAR
KOPM,N Padre Isl 975,26.833,-96.94,METAR
KOPN,Thomaston/Upson Cnty,32.95396,-84.25945,METAR
KOQN,West Chester/Brandywine Rgnl,39.98893,-75.58028,METAR
KOQT,Oak Ridge,36.023,-84.2336,METAR
KOQU,N Kingston/Quonset Arpt,41.59946,-71.41112,METAR
KORB,Orr Rgnl,48.01706,-92.85378,METAR
KORD,Chicago/O'Hare Intl,41.96017,-87.93161,METAR|TAF
KORE,Orange Muni,42.56998,-72.28696,METAR
KORF,Norfolk Intl,36.90371,-76.19266,METAR|TAF
KORG,Orange/Orange Cnty,30.06804,-93.8043,METAR
KORH,Worcester Muni,42.27056,-71.87312,METAR|TAF
KORK,N Little Rock Muni,34.83298,-92.25573,METAR
KORL,Orlando/Executive,28.54653,-81.33545,METAR
KORS,Eastsound/Orcas Island Arpt,48.70806,-122.90916,METAR
KOSA,Mount Pleasant Rgnl,33.09363,-94.96007,METAR
KOSC,Wurtsmith,44.453,-83.396,METAR
KOSH,Oshkosh/Wittman Rgnl,43.96695,-88.5582,METAR|TAF
KOSU,Columbus/Ohio State Univ Arpt,40.07844,-83.07824,METAR
KOTG,Worthington Muni,43.6525,-95.57585,METAR
KOTH,North Bend/SW Oregon Rgnl,43.41945,-124.24377,METAR|TAF
KOTM,Ottumwa Rgnl,41.10079,-92.44453,METAR|TAF
KOUN,Norman/Univ Oklahoma Arpt,35.24359,-97.47133,METAR|TAF
KOVE,Oroville Muni,39.4943,-121.6225,METAR
KOVL,Olivia Rgnl,44.77919,-95.03037,METAR
KOVS,Boscobel Arpt,43.15614,-90.67754,METAR
KOWA,Owatonna/Degner Rgnl,44.11908,-93.2569,METAR
KOWB,Owensboro/Daviess Cnty,37.72967,-87.16825,METAR|TAF
KOWD,Norwood Mem,42.19123,-71.17325,METAR
KOWI,Ottawa Muni,38.54091,-95.25421,METAR
KOWP,Sand Springs/Pogue Mem,36.17212,-96.15362,METAR
KOWX,Ottawa/Putnam Cnty,41.03415,-83.98624,METAR
KOXB,Ocean City Muni,38.30912,-75.12336,METAR
KOXC,Oxford Arpt,41.47414,-73.13533,METAR
KOXD,Oxford/Miami Univ Arpt,39.50467,-84.78379,METAR
KOXI,Knox/Starke Cnty,41.32754,-86.665,METAR
KOXR,Oxnard Arpt,34.20008,-119.20416,METAR|TAF
KOXV,Knoxville Muni,41.29843,-93.1114,METAR
KOYE,South Timbalier Blk 52,28.8669,-90.4911,METAR
KOYM,St Marys Muni,41.41179,-78.51314,METAR
KOZA,Ozona Muni,30.73123,-101.20332,METAR
KOZR,Ozark/Cairns AAF,31.27673,-85.7105,METAR|TAF
KOZS,Camdenton Mem,37.97448,-92.68969,METAR
KOZW,Howell/Hardy Arpt,42.63266,-83.98542,METAR
KPAE,Everett/Paine Fld,47.92323,-122.28308,METAR|TAF
KPAH,Paducah/Barkley Rgnl,37.06523,-88.77932,METAR|TAF
KPAM,Tyndall AFB,30.071,-85.577,METAR|TAF
KPAN,Payson Arpt,34.25513,-111.33792,METAR
KPAO,Palo Alto Arpt,37.458,-122.112,METAR
KPAT,Pathfinder Hill,42.56,-106.85,METAR
KPBF,Pine Bluff/Grider Fld,34.17981,-91.93444,METAR|TAF
KPBG,Plattsburgh Intl,44.63922,-73.46313,METAR|TAF
KPBH,Phillips/Price Cnty,45.70637,-90.40517,METAR
KPBI,Palm Beach Intl,26.68511,-80.09918,METAR|TAF
KPBM,South Timbalier Blk 232,28.3839,-90.201,METAR
KPBX,Pikeville/Pike Cnty,37.55871,-82.56741,METAR
KPCD,Perryville Muni,37.8749,-89.8582,METAR
KPCM,Plant City Arpt,28.00129,-82.15933,METAR
KPCW,Port Clinton/Erie-Ottawa Arpt,41.51878,-82.86918,METAR
KPCZ,Waupaca Muni,44.33424,-89.02028,METAR
KPDC,Prairie Du Chien Muni,43.01937,-91.12118,METAR
KPDK,Atlanta/Dekalb-Peachtree Arpt,33.87835,-84.29801,METAR|TAF
KPDT,Pendleton/E Oregon Rgnl,45.69751,-118.83445,METAR|TAF
KPDX,Portland Intl,45.59578,-122.60917,METAR|TAF
KPEA,Pella Muni,41.39895,-92.94312,METAR
KPEO,Penn Yan Arpt,42.64405,-77.05284,METAR
KPEQ,Pecos Muni,31.38205,-103.51174,METAR|TAF
KPEX,Paynesville Muni,45.37246,-94.73876,METAR
KPEZ,Pleasanton Muni,28.9561,-98.5184,METAR
KPGA,Page Muni,36.92111,-111.44874,METAR|TAF
KPGD,Punta Gorda Arpt,26.91847,-81.9939,METAR|TAF
KPGL,Pascagoula / Ja,30.4,-88.48,METAR
KPGV,Greenville/Pitt Arpt,35.6374,-77.38507,METAR|TAF
KPHD,New Philadelphia/Clever Fld,40.47031,-81.42176,METAR
KPHF,Newport News/Williamsburg Intl,37.13216,-76.494,METAR|TAF
KPHG,Phillipsburg Muni,39.73433,-99.31786,METAR
KPHL,Philadelphia Intl,39.87328,-75.22682,METAR|TAF
KPHN,Port Huron/St Clair Cnty,42.9103,-82.53317,METAR
KPHP,Philip Muni,44.05099,-101.60138,METAR
KPHT,Paris/Henry Cnty,36.33218,-88.38706,METAR
KPHX,Phoenix/Sky Harbor Intl,33.42779,-112.00366,METAR|TAF
KPIA,Peoria Intl,40.66747,-89.68418,METAR|TAF
KPIB,Hattiesburg/Laurel Rgnl,31.47268,-89.33835,METAR|TAF
KPIE,St Petersburg-Clearwater Intl,27.91256,-82.68555,METAR|TAF
KPIH,Pocatello Rgnl,42.91969,-112.57233,METAR|TAF
KPIL,Port Isabel/Cameron Cnty,26.15966,-97.33784,METAR
KPIM,Pine Mountain/Harris Cnty,32.84206,-84.87656,METAR
KPIN,Piney Creek,44.53,-106.82,METAR
KPIR,Pierre Muni,44.38191,-100.28643,METAR|TAF
KPIT,Pittsburgh Intl,40.48139,-80.2083,METAR|TAF
KPJC,Zelienople Muni,40.80093,-80.1624,METAR
KPKB,Parkersburg/Mid Ohio Valley Rgnl,39.33948,-81.4438,METAR|TAF
KPKD,Park Rapids/Konshok Fld,46.89713,-95.06948,METAR
KPKV,Port Lavaca/Calhoun Cnty,28.64988,-96.67987,METAR
KPLD,Portland Muni,40.45318,-84.9848,METAR
KPLN,Pellston Rgnl,45.56441,-84.7929,METAR|TAF
KPLR,Pell City/St Clair Cnty,33.56079,-86.2463,METAR
KPLU,Tacoma/Pierce Cnty,47.10048,-122.28526,METAR
KPMD,Palmdale Rgnl,34.62945,-118.08309,METAR|TAF
KPMH,Portsmouth Rgnl,38.8387,-82.84935,METAR
KPMP,Pompano Beach Arpt,26.24636,-80.11104,METAR
KPMU,Panola Cnty,34.36555,-89.89045,METAR
KPMV,Plattsmouth Muni,40.94459,-95.91241,METAR
KPNA,Pinedale/Wentz Fld,42.79289,-109.80514,METAR|TAF
KPNC,Ponca City Rgnl,36.73689,-97.10236,METAR|TAF
KPNE,Philadelphia/NE Arpt,40.07893,-75.01334,METAR|TAF
KPNM,Princeton Arpt,45.556,-93.608,METAR
KPNS,Pensacola Intl,30.47797,-87.18686,METAR|TAF
KPNT,Pontiac Muni,40.92328,-88.62129,METAR
KPOB,Pope AAF,35.175,-79.008,METAR|TAF
KPOC,La Verne/Brackett Fld,34.09283,-117.77946,METAR
KPOE,Fort Polk AAF,31.047,-93.194,METAR|TAF
KPOF,Poplar Bluff Muni,36.76973,-90.32241,METAR
KPOU,Poughkeepsie/Hudson Valley Rgnl,41.62574,-73.88155,METAR|TAF
KPOV,Ravenna/Portage Cnty,41.20903,-81.2479,METAR
KPOY,Powell Muni,44.86412,-108.79,METAR
KPPA,Pampa/Lefors Fld,35.61391,-100.99725,METAR
KPPF,Parsons/Tri City Arpt,37.32814,-95.50445,METAR
KPPO,La Porte Muni,41.57049,-86.73334,METAR
KPPQ,Pittsfield/Penstone Muni,39.63911,-90.78184,METAR
KPQI,Presque Isle Intl,46.697,-68.054,METAR|TAF
KPQL,Pascagoula/Lott Intl,30.46305,-88.53156,METAR
KPQN,Pipestone Muni,43.98538,-96.29765,METAR
KPRB,Paso Robles Muni,35.66935,-120.62916,METAR|TAF
KPRC,Prescott/Love Fld,34.64914,-112.42233,METAR|TAF
KPRG,Paris/Edgar Cnty,39.69817,-87.66694,METAR
KPRN,Greenville/Crenshaw Mem,31.84674,-86.6141,METAR
KPRO,Perry Muni,41.8278,-94.16375,METAR
KPRS,Presidio/Lely Intl,29.63459,-104.35848,METAR
KPRX,Paris/Cox Fld,33.63595,-95.45145,METAR
KPSB,Philipsburg/Mid State Arpt,40.887,-78.083,METAR
KPSC,Pasco/Tri Cities Arpt,46.2695,-119.11817,METAR|TAF
KPSF,Pittsfield Muni,42.42685,-73.28906,METAR|TAF
KPSK,Dublin/New River Valley Arpt,37.13366,-80.67892,METAR
KPSM,Portsmouth Intl,43.06769,-70.81266,METAR|TAF
KPSN,Palestine Muni,31.77841,-95.70478,METAR
KPSO,Pagosa Springs/Stevens Fld,37.29095,-107.05568,METAR
KPSP,Palm Springs Intl,33.82216,-116.50432,METAR|TAF
KPSX,Palacios Muni,28.7248,-96.25353,METAR
KPTB,Petersburg/Dinwiddie Cnty,37.18033,-77.50807,METAR
KPTD,Potsdam Muni,44.67571,-74.94689,METAR
KPTK,Pontiac/Oakland Intl,42.66315,-83.410018,METAR|TAF
KPTN,Patterson/Williams Mem,29.71003,-91.33811,METAR
KPTS,Pittsburg/Atkinson Muni,37.45118,-94.73223,METAR
KPTT,Pratt Rgnl,37.70688,-98.74531,METAR
KPTV,Porterville Muni,36.02735,-119.06294,METAR
KPTW,Pottstown/Heritage Fld,40.23802,-75.55486,METAR
KPUB,Pueblo Mem Arpt,38.28868,-104.5057,METAR|TAF
KPUC,Price/Buck Fld,39.60886,-110.75547,METAR
KPUJ,Dallas/Paulding Cnty,33.90846,-84.93687,METAR
KPUM,Pumpkin Vine,41.05,-105.46,METAR
KPUW,Pullman/Moscow Rgnl,46.74377,-117.11582,METAR|TAF
KPVB,Platteville Muni,42.69092,-90.44129,METAR
KPVC,Provincetown Muni,42.07433,-70.21827,METAR
KPVD,Providence/Green Mem,41.72252,-71.4325,METAR|TAF
KPVE,Lexington/Beech River Rgnl,35.6592,-88.19292,METAR
KPVF,Placerville Arpt,38.72221,-120.75702,METAR
KPVG,Portsmouth/Hampton Roads Exec,36.78241,-76.45198,METAR
KPVJ,Pauls Valley Muni,34.70412,-97.22114,METAR
KPVU,Provo Muni,40.22403,-111.72524,METAR|TAF
KPVW,Plainview/Hale Cnty,34.169,-101.723,METAR|TAF
KPWA,Oklahoma City/Wiley Post Arpt,35.54113,-97.64724,METAR
KPWC,Pine River Rgnl,46.72658,-94.38486,METAR
KPWD,Plentywood/Sher-Wood Arpt,48.79116,-104.52532,METAR
KPWG,Mc Gregor Exec,31.4891,-97.3202,METAR
KPWK,Chicago Exec,42.12076,-87.9048,METAR
KPWM,Portland Intl,43.64244,-70.30441,METAR|TAF
KPWT,Bremerton Arpt,47.49416,-122.7594,METAR|TAF
KPXE,Perry/Houston Cnty,32.5072,-83.76565,METAR
KPYM,Plymouth Muni,41.90852,-70.72784,METAR
KPYX,Perryton/Ochiltree Cnty,36.41032,-100.7514,METAR
KPZQ,Rogers City/Presque Isle Arpt,45.4085,-83.81197,METAR
KPZZ,Ship Shoal 241,28.4344,-91.0344,METAR
KQVT,MIL,-99.99,-99.99,METAR
KQWK,MIL,-99.99,-99.99,METAR
KRAC,Racine/Batten Intl,42.75857,-87.8178,METAR
KRAL,Riverside Muni,33.95283,-117.43523,METAR
KRAP,Rapid City Rgnl,44.04583,-103.05444,METAR|TAF
KRAS,Port Aransas/Mustang Beach Arpt,27.80835,-97.08532,METAR
KRAW,Warsaw Muni,38.34844,-93.34357,METAR
KRBD,Dallas/Executive Arpt,32.67818,-96.86772,METAR
KRBG,Roseburg Rgnl,43.23366,-123.35776,METAR|TAF
KRBL,Red Bluff Muni,40.15187,-122.25478,METAR|TAF
KRBO,Robstown/Nueces Cnty,27.77807,-97.68782,METAR
KRBW,Walterboro/Lowcountry Rgnl,32.921,-80.64,METAR
KRCA,Ellsworth AFB,44.155,-103.118,METAR|TAF
KRCE,Yukon/Page Muni,35.49706,-97.82554,METAR
KRCM,Warrensburg Arpt,38.78548,-93.80577,METAR
KRCR,Rochester/Fulton Cnty,41.06506,-86.18641,METAR
KRCV,Del Norte Muni,37.70918,-106.35493,METAR
KRCX,Ladysmith/Rusk Cnty,45.49345,-90.99851,METAR
KRCZ,Rockingham/Richmond Cnty,34.89547,-79.75756,METAR
KRDD,Redding Muni,40.51461,-122.29771,METAR|TAF
KRDG,Reading/Spaatz Fld,40.37344,-75.95925,METAR|TAF
KRDK,Red Oak Muni,41.01073,-95.26222,METAR
KRDM,Redmond Muni,44.25581,-121.14072,METAR|TAF
KRDR,Grand Forks AFB,47.9477,-97.40288,METAR|TAF
KRDU,Raleigh-Durham Intl,35.89228,-78.78196,METAR|TAF
KREE,Lubbock/Reese Aprk,33.595,-102.042,METAR
KREG,Gonzales/Louisiana Rgnl,30.17559,-90.93974,METAR
KREO,Rome/State Arpt,42.59017,-117.86457,METAR
KRFD,Rockford Intl,42.19149,-89.0876,METAR|TAF
KRFI,Henderson/Rusk Cnty,32.14415,-94.85388,METAR
KRGA,Richmond/Central Kentucky Rgnl,37.63053,-84.32902,METAR|TAF
KRGK,Red Wing Rgnl,44.59265,-92.48439,METAR|TAF
KRHI,Rhinelander/Oneida Cnty,45.63147,-89.48223,METAR|TAF
KRHP,Andrews/W Carolina Rgnl,35.19393,-83.86182,METAR
KRHV,San Jose/Reid-Hillview Arpt,37.3331,-121.81998,METAR
KRIC,Richmond Intl,37.51152,-77.32337,METAR|TAF
KRID,Richmond Muni,39.75791,-84.83594,METAR
KRIL,Rifle/Garfield Cnty,39.52792,-107.71967,METAR|TAF
KRIM,Rim,43.11,-110.32,METAR
KRIV,Riverside/March ARB,33.878,-117.244,METAR|TAF
KRIW,Riverton Rgnl,43.06218,-108.44705,METAR|TAF
KRKD,Rockland/Knox Cnty,44.06111,-69.10137,METAR|TAF
KRKP,Rockport/Aransas Cnty,28.08366,-97.04669,METAR
KRKR,Poteau/Kerr Arpt,35.01868,-94.62017,METAR
KRKS,Rock Springs/SW Wyoming Rgnl,41.59466,-109.0529,METAR|TAF
KRKW,Rockwood Muni,35.922,-84.689,METAR
KRLD,Richland Arpt,46.30859,-119.30581,METAR
KRME,Rome/Griffiss Intl,43.22417,-75.39563,METAR|TAF
KRMG,Rome/Russell Arpt,34.34834,-85.16157,METAR
KRMN,Stafford Rgnl,38.39413,-77.45235,METAR
KRMY,Marshall/Brooks Fld,42.25238,-84.95259,METAR
KRNC,McMinnville/Warren Cnty,35.69914,-85.84019,METAR
KRND,Randolph AFB,29.537,-98.268,METAR|TAF
KRNH,New Richmond Muni,45.14764,-92.53352,METAR|TAF
KRNM,Ramona Arpt,33.03798,-116.91597,METAR
KRNO,Reno/Tahoe Intl,39.50768,-119.76828,METAR|TAF
KRNP,Owosso Community Arpt,42.99368,-84.1347,METAR
KRNT,Renton Muni,47.49512,-122.21443,METAR
KRNV,Cleveland Muni,33.76197,-90.75904,METAR
KROA,Roanoke Rgnl,37.31719,-79.97369,METAR|TAF
KROC,Rochester Intl Arpt,43.11723,-77.67539,METAR|TAF
KROG,Rogers Muni/Carter Fld,36.3749,-94.10777,METAR|TAF
KROS,Rush City Rgnl,45.69624,-92.95427,METAR
KROW,Roswell/Ind Arpt,33.30736,-104.50817,METAR|TAF
KROX,Roseau/Billberg Fld,48.85601,-95.69487,METAR
KRPD,Rice Lake Rgnl,45.41861,-91.7764,METAR
KRPE,Sabine Pass,29.7,-93.95,METAR
KRPH,Graham Muni,33.10955,-98.55374,METAR
KRPJ,Rochelle/Kontz Fld,41.89058,-89.08175,METAR
KRPX,Roundup Arpt,46.475,-108.542,METAR
KRQB,Big Rapids/Roben Hood Arpt,43.722,-85.498,METAR
KRQE,Window Rock Arpt,35.65708,-109.06028,METAR
KRQO,El Reno Rgnl,35.47092,-98.00605,METAR
KRRK,Rooster Rock,45.54,-122.23,METAR
KRRL,Merrill Muni,45.19846,-89.71002,METAR
KRRT,Warroad Intl,48.93181,-95.34049,METAR
KRSL,Russell Muni,38.87252,-98.80931,METAR|TAF
KRSN,Ruston Rgnl,32.5159,-92.58991,METAR
KRSP,Camp David,39.646,-77.468,METAR
KRST,Rochester Intl,43.90399,-92.49208,METAR|TAF
KRSV,Robinson Muni,39.0136,-87.64844,METAR
KRSW,Ft Myers/SW Florida Intl,26.53805,-81.75672,METAR|TAF
KRTN,Raton/Crews Fld,36.74178,-104.50764,METAR
KRTS,Reno/Stead Arpt,39.66579,-119.87306,METAR
KRUE,Russellville Rgnl,35.25732,-93.09499,METAR
KRUG,Rugby Muni,48.389,-100.025,METAR
KRUQ,Salisbury/Rowan Cnty,35.64415,-80.52357,METAR
KRUT,Rutland/S Vermont Rgnl,43.52997,-72.95165,METAR|TAF
KRVF,Twin Bridges Arpt,45.534,-112.303,METAR
KRVJ,Reidsville/Smith Fld,32.059,-82.153,METAR
KRVL,Reedsville/Mifflin Cnty,40.67677,-77.62507,METAR
KRVS,Tulsa/Jones Arpt,36.04243,-95.99015,METAR|TAF
KRWF,Redwood Falls Muni,44.54827,-95.08042,METAR|TAF
KRWI,Rocky Mount/Wilson Rgnl,35.85022,-77.8951,METAR|TAF
KRWL,Rawlins Muni,41.80647,-107.1952,METAR|TAF
KRWV,Caldwell Muni,30.51615,-96.7051,METAR
KRXE,Rexburg/Madison Cnty,43.83212,-111.80752,METAR
KRYM,Camp Ripley/Miller AAF,46.08784,-94.35299,METAR
KRYN,Tucson/Ryan Fld,32.14176,-111.17666,METAR
KRYT,Fountain Dale,39.734,-77.43,METAR
KRYV,Watertown Muni,43.17018,-88.72505,METAR
KRYW,Lago Vista/Allen Arpt,30.498,-97.969,METAR
KRYY,Marietta/Cobb Cnty,34.01459,-84.5964,METAR|TAF
KRZL,Rensselaer/Jasper Cnty,40.94877,-87.1851,METAR
KRZN,Siren/Burnett Cnty,45.82293,-92.37059,METAR
KRZR,Cleveland Rgnl,35.20704,-84.80045,METAR
KRZT,Chillicothe/Ross Cnty,39.44023,-83.0209,METAR
KSAA,Saratoga/Shively Fld,41.447,-106.815,METAR
KSAC,Sacramento Exec,38.50658,-121.49604,METAR|TAF
KSAD,Safford Rgnl,32.85654,-109.63602,METAR
KSAF,Santa Fe Cnty Muni,35.61096,-106.09573,METAR|TAF
KSAN,San Diego Intl Arpt,32.73645,-117.19727,METAR|TAF
KSAR,Sparta/Hunter Fld,38.14625,-89.70247,METAR
KSAT,San Antonio Intl,29.54429,-98.48394,METAR|TAF
KSAV,Savannah Intl,32.13133,-81.2023,METAR|TAF
KSAW,Marquette/Sawyer Intl,46.341,-87.395,METAR|TAF
KSAZ,Staples Muni,46.37846,-94.80165,METAR
KSBA,Santa Barbara Muni,34.42411,-119.84249,METAR|TAF
KSBD,San Bernardino Intl,34.09,-117.247,METAR|TAF
KSBM,Sheboygan Cnty Mem,43.77479,-87.84902,METAR|TAF
KSBN,South Bend Rgnl,41.70722,-86.31629,METAR|TAF
KSBO,Swainsboro/E Georgia Rgnl,32.61109,-82.37019,METAR
KSBP,San Luis Obispo/San Luis Cnty,35.23815,-120.64405,METAR|TAF
KSBS,Steamboat Springs/Adams Fld,40.5153,-106.86767,METAR
KSBX,Shelby/Toole Cnty Arpt,48.541,-111.871,METAR
KSBY,Salisbury/Ocean City,38.3409,-75.51324,METAR|TAF
KSCD,Sylacauga Muni,33.17322,-86.29329,METAR
KSCF,South Marsh 286,29.116,-91.871,METAR
KSCH,Schenectady Cnty,42.84988,-73.93011,METAR
KSCK,Stockton Metro,37.88998,-121.22639,METAR|TAF
KSCR,Siler City Muni,35.70582,-79.50514,METAR
KSCX,Oneida/Scott Muni,36.4553,-84.584,METAR
KSDA,Shenandoah Muni,40.75329,-95.4112,METAR
KSDB,Sandberg,34.7433,-118.7252,METAR
KSDC,Williamson-Sodus Arpt,43.23553,-77.12006,METAR
KSDF,Louisville Intl,38.17739,-85.73075,METAR|TAF
KSDL,Scottsdale Muni,33.61235,-111.92317,METAR|TAF
KSDM,San Diego/Brown Fld,32.57583,-116.99392,METAR
KSDY,Sidney/Richland Muni,47.70291,-104.19512,METAR|TAF
KSEA,Seattle-Tacoma Intl,47.44467,-122.31442,METAR|TAF
KSEE,San Diego/Gillespie Fld,32.82733,-116.97374,METAR
KSEF,Sebring Rgnl,27.45529,-81.34151,METAR
KSEG,Selinsgrove/Penn Valley Arpt,40.81929,-76.86583,METAR
KSEM,Selma/Craig Fld,32.33672,-86.98364,METAR
KSEP,Stephenville/Clark Rgnl,32.21503,-98.17933,METAR
KSEQ,Seguin/Randolph AUX,29.566,-97.908,METAR
KSET,St Charles/Smartt Arpt,38.93044,-90.43291,METAR
KSEZ,Sedona Arpt,34.84674,-111.78842,METAR|TAF
KSFB,Sanford Intl,28.77952,-81.24355,METAR|TAF
KSFF,Spokane/Felts Fld,47.68575,-117.32142,METAR|TAF
KSFM,Sanford Rgnl,43.38756,-70.71539,METAR
KSFO,San Francisco Intl,37.61961,-122.36561,METAR|TAF
KSFQ,Suffolk Muni,36.68255,-76.60132,METAR
KSFY,Savanna/Tri-Township Arpt,42.04544,-90.11011,METAR
KSFZ,Pawtucket/N Central State Arpt,41.91682,-71.49239,METAR
KSGE,Sage,41.79,-110.51,METAR
KSGF,Springfield Muni,37.23982,-93.38995,METAR|TAF
KSGH,Springfield Muni,39.83581,-83.84425,METAR
KSGJ,St Augustine Arpt,29.9592,-81.34105,METAR|TAF
KSGR,Houston/Sugar Land Rgnl,29.61971,-95.65748,METAR|TAF
KSGS,South St Paul Muni,44.86005,-93.03205,METAR
KSGT,Stuttgart Muni,34.59983,-91.57633,METAR
KSGU,Saint George Muni,37.04441,-113.50342,METAR|TAF
KSHC,Shute Creek,41.93,-109.97,METAR
KSHD,Staunton/Shenandoah Valley Rgnl,38.26014,-78.90133,METAR
KSHL,Sheldon Muni,43.20821,-95.83537,METAR
KSHM,Schriever AFB,38.8,-104.52,METAR
KSHN,Shelton/Sanderson Fld,47.23843,-123.14151,METAR
KSHP,Sheppard AFB,33.967,-98.483,TAF
KSHR,Sheridan Cnty Arpt,44.76031,-106.97413,METAR|TAF
KSHV,Shreveport Rgnl,32.44729,-93.82439,METAR|TAF
KSIB,Sibley Peak,42.44,-105.03,METAR
KSIF,Eden/Shiloh Arpt,36.44075,-79.85437,METAR
KSIK,Sikeston Arpt,36.90274,-89.55775,METAR
KSIY,Montague/Siskiyou Cnty,41.77373,-122.46826,METAR
KSJC,San Jose Intl Arpt,37.35938,-121.92444,METAR|TAF
KSJN,St Johns Ind Arpt,34.51839,-109.38006,METAR
KSJS,Prestonburg/Big Sandy Rgnl,37.74891,-82.64134,METAR|TAF
KSJT,San Angelo/Mathis Fld,31.35171,-100.49477,METAR|TAF
KSJX,Beaver Island Arpt,45.69285,-85.56624,METAR
KSKA,Spokane/Fairchild AFB,47.612,-117.679,METAR|TAF
KSKF,Lackland AFB/Kelly Fld,29.392,-98.581,METAR|TAF
KSKL,Skyline,41.13,-106.57,METAR
KSKX,Taos Rgnl,36.45837,-105.67519,METAR
KSLB,Storm Lake Muni,42.59724,-95.23992,METAR
KSLC,Salt Lake City Intl,40.7707,-111.96503,METAR|TAF
KSLE,Salem Muni,44.90489,-123.00104,METAR|TAF
KSLG,Siloam Springs/Smith Fld,36.19414,-94.488,METAR
KSLH,Cheboygan Cnty Arpt,45.6523,-84.52021,METAR
KSLI,Los Alamitos AAF,33.796,-118.042,METAR|TAF
KSLK,Saranac Lake/Adirondack Rgnl,44.3928,-74.20286,METAR|TAF
KSLN,Salina Rgnl,38.77999,-97.64456,METAR|TAF
KSLO,Salem/Leckrone Arpt,38.64462,-88.96121,METAR
KSLR,Sulphur Springs Muni,33.16149,-95.61888,METAR
KSMD,Fort Wayne/Smith Fld,41.14397,-85.14916,METAR
KSME,Somerset/Lake Cumberland Rgnl,37.05286,-84.6141,METAR|TAF
KSMF,Sacramento Intl,38.70069,-121.59479,METAR|TAF
KSMN,Salmon/Lemhi Cnty,45.12828,-113.88329,METAR|TAF
KSMO,Santa Monica Muni,34.02099,-118.44713,METAR|TAF
KSMP,Stampede Pass,47.27643,-121.33826,METAR
KSMQ,Somerville/Somerset Arpt,40.62407,-74.669,METAR
KSMS,Sumter Muni,34.0003,-80.35819,METAR
KSMX,Santa Maria/Hancock Fld,34.89403,-120.45216,METAR|TAF
KSNA,Santa Ana/Wayne Arpt,33.67976,-117.86745,METAR|TAF
KSNC,Chester Arpt,41.383,-72.506,METAR
KSNH,Savannah/Hardin Cnty,35.17311,-88.21456,METAR
KSNK,Snyder/Winston Fld,32.69168,-100.95052,METAR
KSNL,Shawnee Rgnl,35.36109,-96.94452,METAR
KSNS,Salinas Muni,36.66352,-121.60929,METAR|TAF
KSNT,Stanley/Sawtooth Ranger Stn,44.17079,-114.92686,METAR
KSNY,Sidney/Carr Fld,41.09928,-102.98641,METAR|TAF
KSOA,Sonora Muni,30.58531,-100.65062,METAR|TAF
KSOP,Southern Pines/Moore Cnty,35.23708,-79.39212,METAR
KSOW,Show Low Muni,34.26862,-110.00194,METAR
KSPA,Spartanburg/Downtown Arpt,34.91057,-81.9589,METAR
KSPB,Scappoose Ind Arpk,45.76907,-122.86367,METAR
KSPD,Springfield/Comanche Nat Grassland,37.28344,-102.61378,METAR
KSPF,Spearfish/Clyde Fld,44.48114,-103.78794,METAR
KSPG,St Petersburg/Whitted Arpt,27.76846,-82.62569,METAR
KSPI,Springfield/Lincoln Capital Arpt,39.8453,-89.684,METAR|TAF
KSPK,Spanish Fork Muni,40.14966,-111.677,METAR
KSPL,South Padre Isl,26.072,-97.163,METAR
KSPR,Ship Shoal 178,28.599,-91.206,METAR
KSPS,Wichita Falls Rgnl,33.97855,-98.49297,METAR|TAF
KSPW,Spencer Muni,43.16823,-95.21011,METAR
KSQE,Ship Shoals 354,28.083,-90.819,METAR
KSQI,Sterling-Rock Falls Arpt,41.74321,-89.66547,METAR
KSQL,San Carlos Arpt,37.51192,-122.24829,METAR
KSRB,Sparta/Upper Cumberland Rgnl,36.05287,-85.53598,METAR|TAF
KSRC,Searcy Muni,35.21343,-91.73926,METAR
KSRE,Seminole Muni,35.271,-96.675,METAR
KSRQ,Sarasota-Bradenton Intl,27.40147,-82.55965,METAR|TAF
KSRR,Ruidoso Rgnl,33.46674,-105.52781,METAR
KSSC,Shaw AFB,33.978,-80.466,METAR|TAF
KSSF,San Antonio/Stinson Muni,29.33896,-98.47198,METAR|TAF
KSSI,Brunswick/McKinnon St Simons Arpt,31.15271,-81.39052,METAR|TAF
KSSM,Sault Ste Marie,46.47,-84.37,METAR
KSSU,White Sulphur S,37.77,-80.33,METAR
KSTC,St Cloud Rgnl,45.54415,-94.05165,METAR|TAF
KSTE,Stevens Point Muni,44.54374,-89.53469,METAR
KSTF,Starkville/Bryan Arpt,33.43257,-88.8506,METAR
KSTJ,St Joseph/Rosecrans Mem,39.76829,-94.90953,METAR|TAF
KSTK,Sterling Muni,40.61332,-103.26109,METAR
KSTL,St Louis/Lambert Intl,38.75245,-90.37341,METAR|TAF
KSTP,Saint Paul/Downtown Arpt,44.93235,-93.05586,METAR|TAF
KSTS,Santa Rosa/Schulz Arpt,38.5037,-122.811,METAR|TAF
KSTZ,South Timbalier,28.16,-90.67,METAR
KSUA,Stuart/Witham Fld,27.18154,-80.22522,METAR|TAF
KSUE,Sturgeon Bay/Door Cnty,44.847,-87.425,METAR
KSUN,Hailey/Friedman Mem,43.49691,-114.29235,METAR|TAF
KSUO,Rosebud/Sioux Tribal Arpt,43.259,-100.862,METAR
KSUS,St Louis/Spirit of St Louis Arpt,38.65753,-90.65575,METAR|TAF
KSUT,Southport/Cape Fear Rgnl,33.9292,-78.07223,METAR
KSUU,Fairfield/Travis AFB,38.25,-121.938,METAR|TAF
KSUW,Superior/Bong Arpt,46.68332,-92.09256,METAR
KSUX,Sioux City/Day Fld,42.39169,-96.37948,METAR|TAF
KSUZ,Benton/Saline Cnty,34.5862,-92.4802,METAR
KSVC,Silver City/Grant Cnty,32.63097,-108.14659,METAR
KSVE,Susanville Muni,40.37599,-120.57422,METAR
KSVH,Statesville Muni,35.76352,-80.94729,METAR
KSVN,Savannah/Hunter AAF,32.011,-81.131,METAR|TAF
KSVR,Salt Lake City/South Valley Rgnl,40.61961,-111.99019,METAR
KSWF,Newburgh/Stewart Intl,41.50447,-74.09988,METAR|TAF
KSWO,Stillwater Muni,36.16238,-97.0832,METAR|TAF
KSWW,Sweetwater/Avenger Fld,32.46883,-100.46686,METAR
KSXK,Maurice/Sioux Cnty Rgnl,42.98946,-96.16451,METAR
KSXS,Schell AFP,31.364,-85.846,METAR
KSXT,Sexton Summit,42.6,-123.366,METAR
KSXU,Santa Rosa/Route 66 Arpt,34.9355,-104.63661,METAR
KSYF,St Francis/Cheyenne Cnty,39.75832,-101.79273,METAR
KSYI,Shelbyville/Bomar Fld,35.5594,-86.4406,METAR
KSYM,Morehead-Rowan Cnty,38.21989,-83.58352,METAR|TAF
KSYN,Stanton Arpt,44.474,-93.014,METAR
KSYR,Syracuse/Hancock Intl,43.1111,-76.10384,METAR|TAF
KSZL,Whiteman AFB,38.736,-93.55,METAR|TAF
KSZT,Sandpoint Arpt,48.2945,-116.56747,METAR
KSZY,Selmer/Sibley Arpt,35.20644,-88.50119,METAR
KTAD,Trinidad/Stokes Arpt,37.26178,-104.33185,METAR
KTAH,Green Canyon Blk 641,27.326,-90.7142,METAR
KTAN,Taunton Muni,41.87562,-71.02083,METAR
KTAZ,Taylorville Muni,39.53504,-89.32941,METAR
KTBN,Waynesville-St Robert Rgnl,37.74447,-92.14471,METAR|TAF
KTBR,Statesboro Muni,32.48,-81.738,METAR
KTBX,Thermopolis/Boysen Pk,43.46441,-108.23816,METAR
KTCC,Tucumcari Muni,35.18052,-103.60144,METAR|TAF
KTCL,Tuscaloosa Rgnl,33.21216,-87.61555,METAR|TAF
KTCM,Tacoma/McChord AFB,47.149,-122.475,METAR|TAF
KTCS,Truth or Consequence Muni,33.23686,-107.26848,METAR|TAF
KTCY,Tracy Muni,37.69194,-121.44417,METAR
KTDF,Roxboro/Person Cnty,36.28405,-78.98842,METAR
KTDO,Toledo/Lewis Cnty,46.476,-122.816,METAR
KTDR,Tyndall/Drone,30.038,-85.528,METAR
KTDZ,Toledo Executive Arpt,41.56327,-83.47671,METAR
KTEB,Teterboro Arpt,40.85898,-74.05617,METAR|TAF
KTEW,Mason/Jewett Fld,42.56356,-84.42225,METAR
KTEX,Telluride Rgnl,37.954,-107.909,METAR|TAF
KTFP,Ingleside Rgnl,27.91318,-97.21321,METAR
KTGI,Tangier Island Arpt,37.82786,-75.99643,METAR
KTHA,Tullahoma Rgnl,35.38039,-86.24187,METAR
KTHM,Thompson Falls Arpt,47.574,-115.282,METAR
KTHV,York Arpt,39.91942,-76.87685,METAR
KTIF,Thedford/Thomas Cnty,41.96458,-100.56868,METAR
KTIK,Tinker AFB,35.415,-97.386,METAR|TAF
KTIP,Rantoul/Chanute AFB,40.291,-88.146,METAR
KTIW,Tacoma Narrows Arpt,47.26744,-122.57624,METAR
KTIX,Titusville/Space Coast Rgnl,28.508,-80.798,METAR|TAF
KTKC,Tracy Muni,44.25,-95.612,METAR
KTKI,McKinney Muni,33.18283,-96.58989,METAR
KTKV,Tomahawk Rgnl,45.469,-89.805,METAR
KTKX,Kennett Arpt,36.22256,-90.0367,METAR
KTLH,Tallahassee Intl,30.39354,-84.35135,METAR|TAF
KTMA,Tifton/Myers Arpt,31.42293,-83.48592,METAR
KTMB,Miami Exec Arpt,25.64227,-80.43468,METAR|TAF
KTME,Houston/Executive Arpt,29.806,-95.903,METAR
KTMH,Twenty Mile Hil,43.12,-106.34,METAR
KTMK,Tillamook Arpt,45.42096,-123.81441,METAR
KTMT,Austin Arpt,39.46434,-117.19716,METAR
KTNB,Boone/Watauga Med Cntr,36.1988,-81.6515,METAR
KTNU,Newton Muni,41.67011,-93.01904,METAR
KTOA,Torrance Muni,33.803,-118.336,METAR
KTOB,Dodge Center Arpt,44.02024,-92.82951,METAR
KTOC,Toccoa/Lefourneau Fld,34.58797,-83.2974,METAR
KTOI,Troy Muni,31.85742,-86.01026,METAR|TAF
KTOL,Toledo/Express Arpt,41.58705,-83.80538,METAR|TAF
KTOP,Topeka/Billard Muni,39.07245,-95.62602,METAR|TAF
KTOR,Torrington Muni,42.06132,-104.15847,METAR
KTPA,Tampa Intl Arpt,27.96332,-82.53999,METAR|TAF
KTPF,Tampa/Knight Arpt,27.91525,-82.45177,METAR
KTPH,Tonopah Arpt,38.05049,-117.09063,METAR|TAF
KTPL,Temple/Miller Rgnl,31.157,-97.40937,METAR
KTQE,Tekamah Muni,41.76304,-96.17974,METAR
KTQH,Tahlequah Muni,35.93037,-95.00255,METAR
KTQK,Scott City Muni,38.47822,-100.88223,METAR
KTQS,Vandenberg SFB/South,34.63296,-120.61747,METAR
KTQV,Durham/Duke Child Hosp,36.007,-78.937,METAR
KTRI,Bristol/Tri-Cities Arpt,36.47966,-82.3989,METAR|TAF
KTRK,Truckee/Tahoe Arpt,39.31544,-120.13712,METAR|TAF
KTRL,Terrell Muni,32.71312,-96.26875,METAR
KTRM,Thermal Arpt,33.63166,-116.16411,METAR|TAF
KTSP,Tehachapi Muni,35.13867,-118.44235,METAR
KTTA,Sanford/Lee Cnty,35.57624,-79.10351,METAR
KTTD,Portland/Troutdale Arpt,45.55098,-122.40984,METAR|TAF
KTTF,Monroe/Custer Arpt,41.9371,-83.43324,METAR
KTTN,Trenton/Mercer Arpt,40.27681,-74.81587,METAR|TAF
KTTS,NASA Shuttle Landing Arpt,28.59875,-80.68155,METAR|TAF
KTUL,Tulsa Intl Arpt,36.19854,-95.87825,METAR|TAF
KTUP,Tupelo Rgnl,34.26224,-88.77127,METAR|TAF
KTUS,Tucson Intl Arpt,32.13153,-110.95637,METAR|TAF
KTVC,Traverse City/Cherry Capital Arpt,44.73903,-85.56942,METAR|TAF
KTVF,Thief River Rgnl,48.05967,-96.17875,METAR|TAF
KTVI,Thomasville Rgnl,30.9026,-83.88264,METAR
KTVK,Centerville Muni,40.6832,-92.89837,METAR
KTVL,Lake Tahoe Arpt,38.89838,-119.99618,METAR|TAF
KTVR,Vicksburg/Tallulah Rgnl,32.34806,-91.02994,METAR
KTVY,Tooele Valley Arpt,40.6127,-112.35365,METAR
KTWF,Twin Falls/Joslin Fld,42.47848,-114.47745,METAR|TAF
KTWM,Two Harbors/Helgeson Arpt,47.0192,-91.7447,METAR
KTWT,Sturgis Muni,37.54318,-87.95679,METAR
KTXK,Texarkana Rgnl,33.45605,-93.98776,METAR|TAF
KTXW,Weslaco/Mid Valley Arpt,26.18239,-97.97423,METAR
KTYL,Taylor Arpt,34.4577,-110.11181,METAR
KTYQ,Indianapolis Exec,40.03453,-86.24881,METAR
KTYR,Tyler/Pounds Fld,32.3587,-95.404,METAR|TAF
KTYS,Knoxville/Tyson Arpt,35.81799,-83.98572,METAR|TAF
KTZR,Columbus/Bolton Fld,39.89878,-83.1357,METAR
KTZV,Tompkinsville/Monroe Cnty,36.72985,-85.65283,METAR
KUAO,Aurora State Arpt,45.24656,-122.77095,METAR|TAF
KUBE,Cumberland Muni,45.50458,-91.97797,METAR
KUCA,Utica/Oneida Cnty,43.144,-75.384,TAF
KUCP,New Castle Muni,41.02282,-80.41532,METAR
KUCY,Union City/Everett-Stewart Rgnl,36.3778,-88.98776,METAR
KUDG,Darlington Cnty,34.44738,-79.89017,METAR
KUES,Waukesha Cnty,43.04249,-88.24652,METAR|TAF
KUGN,Waukegan Rgnl,42.42546,-87.8634,METAR
KUIL,Quillayute State Arpt,47.93695,-124.55757,METAR
KUIN,Quincy/Baldwin Fld,39.9371,-91.19661,METAR|TAF
KUKF,Wilkesboro/Wilkes Cnty,36.21881,-81.10017,METAR
KUKI,Ukiah Muni,39.12781,-123.20015,METAR|TAF
KUKL,Burlington/Coffey Cnty,38.30412,-95.72171,METAR
KUKT,Quakertown Arpt,40.43681,-75.38019,METAR
KULM,New Ulm Muni,44.32275,-94.50245,METAR
KULS,Ulysses Arpt,37.60366,-101.37697,METAR
KUMP,Indianapolis Metro,39.93604,-86.04783,METAR
KUNI,Albany/Ohio Univ Arpt,39.21288,-82.22044,METAR
KUNO,West Plains Rgnl,36.87913,-91.90521,METAR
KUNR,Rapid City,44.073,-103.21,METAR
KUNU,Juneau/Dodge Cnty,43.42847,-88.70171,METAR
KUNV,State College/Univ Park Arpt,40.85339,-77.84006,METAR|TAF
KUOX,Oxford/University Arpt,34.38513,-89.54355,METAR
KUSE,Wauseon/Fulton Cnty,41.61182,-84.1275,METAR
KUTA,Tunica Muni,34.6766,-90.344,METAR
KUTS,Huntsville Muni,30.74433,-95.58658,METAR|TAF
KUUU,Newport State Arpt,41.52992,-71.28331,METAR
KUUV,Sullivan Rgnl,38.23352,-91.16094,METAR
KUVA,Uvalde/Garner Fld,29.21349,-99.743,METAR
KUWL,New Castle/Henry Cnty,39.87517,-85.33134,METAR
KUXL,Sulphur/Southland Fld,30.13502,-93.37671,METAR
KUYF,London/Madison Cnty,39.93123,-83.46496,METAR
KUZA,Rock Hill/Bryant Fld,34.9836,-81.05622,METAR
KVAD,Valdosta/Moody AFB,30.979,-83.192,METAR|TAF
KVAF,East Breaks 643,27.3536,-94.6253,METAR
KVAY,Mount Holly/S Jersey Rgnl,39.94075,-74.84074,METAR
KVBG,Vandenberg AFB,34.733,-120.583,METAR|TAF
KVBS,Sabine Pass 13B,29.478,-93.638,METAR
KVBT,Bentonville Muni,36.3444,-94.22113,METAR
KVBW,Bridgewater Arpt,38.366,-78.968,METAR
KVCB,Vacaville/Nut Tree Arpt,38.37752,-121.95854,METAR
KVCT,Victoria Rgnl,28.86245,-96.93009,METAR|TAF
KVCV,Victorville/S California Arpt,34.59326,-117.38926,METAR
KVDF,Tampa/Executive Arpt,28.0198,-82.3415,METAR
KVDI,Vidalia Rgnl,32.19329,-82.36419,METAR
KVEL,Vernal Rgnl,40.44293,-109.51277,METAR|TAF
KVER,Boonville/Vertel Mem,38.9496,-92.68416,METAR
KVES,Versailles/Darke Cnty,40.20558,-84.53457,METAR
KVGC,Hamilton Muni,42.84439,-75.56369,METAR
KVGN,Vandenberg SFB/North,34.84945,-120.59957,METAR
KVGT,Las Vegas/North Arpt,36.21205,-115.19396,METAR|TAF
KVHN,Van Horn/Culberson Cnty,31.06023,-104.78315,METAR
KVIH,Vichy/Rolla Arpt,38.13178,-91.76468,METAR
KVIS,Visalia Muni,36.31347,-119.38836,METAR|TAF
KVJI,Abingdon/Virginia Highlands Arpt,36.68715,-82.03701,METAR
KVKS,Vicksburg Arpt,32.23591,-90.92694,METAR
KVKY,Main Pass 289c,29.248,-88.441,METAR
KVLA,Vandalia Muni,38.98878,-89.16569,METAR
KVLD,Valdosta Rgnl,30.77629,-83.27393,METAR|TAF
KVLL,Oakland-Troy Arpt,42.543,-83.178,METAR
KVMR,Vermillion/Davidson Fld,42.765,-96.93,METAR
KVNC,Venice Muni,27.0728,-82.43998,METAR
KVNP,Vermillion 26,29.47,-92.37,METAR
KVNW,Van Wert Cnty Arpt,40.86333,-84.61304,METAR
KVNY,Van Nuys Arpt,34.21214,-118.49145,METAR|TAF
KVOA,Viosca Knoll 786A,29.2289,-87.7808,METAR
KVOK,Camp Douglas/Volk Fld,43.938,-90.253,METAR|TAF
KVPC,Cartersville Arpt,34.11585,-84.85071,METAR
KVPS,Valparaiso/Eglin AFB,30.483,-86.526,METAR|TAF
KVPZ,Valparaiso/Port Cnty,41.45348,-86.998,METAR
KVQQ,Jacksonville/Cecil Arpt,30.20353,-81.87254,METAR|TAF
KVQT,Vermillion 331,28.27,-92.264,METAR
KVRB,Vero Beach Muni,27.6553,-80.41424,METAR|TAF
KVSF,Springfield/Hartness State Arpt,43.34212,-72.52131,METAR
KVSH,New Orleans/Superdome,29.952,-90.083,METAR
KVTA,Newark/Heath Arpt,40.02635,-82.46347,METAR
KVTI,Vinton/Veterans Mem,42.21761,-92.02485,METAR
KVTN,Valentine/Miller Fld,42.85854,-100.55141,METAR|TAF
KVTP,La Veta Pass,37.512,-105.171,METAR
KVUJ,Albemarle/Stanly Cnty,35.41733,-80.15085,METAR
KVUO,Vancouver/Pearson Fld,45.62102,-122.65421,METAR
KVVG,The Villages,28.97,-81.97,METAR
KVVS,Connellsville/Hardy Arpt,39.95815,-79.65749,METAR
KVVV,Ortonville Muni,45.29935,-96.42557,METAR
KVWU,Waskish Muni,48.15017,-94.51205,METAR
KVYS,Peru/Illinois Valley Rgnl,41.35175,-89.14963,METAR
KWAL,Wallops Island Facility Arpt,37.93717,-75.46623,METAR
KWBF,Walker Ridge 29,26.9305,-90.5069,METAR
KWDG,Enid/Woodring Arpt,36.37806,-97.78884,METAR
KWDR,Winder/Barrow Cnty,33.981,-83.667,METAR
KWEY,West Yellowstone,44.65,-111.1,METAR
KWHP,Los Angeles/Whiteman Arpt,34.25964,-118.41455,METAR
KWJF,Lancaster/Fox Arfld,34.74121,-118.21255,METAR|TAF
KWLD,Winfield/Strother Fld,37.16493,-97.03495,METAR
KWMC,Winnemucca Muni,40.90178,-117.80811,METAR|TAF
KWRB,Warner Robins AFB,32.639,-83.593,METAR|TAF
KWRI,McGuire AFB,40.016,-74.591,METAR|TAF
KWRL,Worland Muni,43.96538,-107.95017,METAR|TAF
KWST,Westerly State Arpt,41.35093,-71.80553,METAR
KWTR,Whitaker,41.42,-104.87,METAR
KWVI,Watsonville Muni,36.93937,-121.79,METAR
KWVL,Waterville/Lafleur Arpt,44.53009,-69.67528,METAR
KWWD,Wildwood/Cape May Cnty,39.01081,-74.9079,METAR
KWWR,Woodward Arpt,36.43743,-99.52337,METAR|TAF
KWYS,West Yellowstone Arpt,44.68111,-111.1245,METAR|TAF
KXBP,Bridgeport Muni,33.17289,-97.8268,METAR
KXFL,Palm Coast/Flagler C,29.468,-81.207,METAR
KXIH,High Is 179a,29.18,-94.521,METAR
KXLL,Allentown/Queen City,40.57044,-75.48939,METAR
KXMR,Cape Kennedy AF Skid,28.46739,-80.55889,METAR
KXNA,Fayetteville/NW Arkansas Rgnl,36.28975,-94.31152,METAR|TAF
KXNI,Zuni Reserv Arpt,35.058,-108.9413,METAR
KXNO,North/Aux Arfd,33.612,-81.07,METAR
KXNX,Gallatin/Sumner Cnty,36.37455,-86.41002,METAR
KXPY,Port Fourchon,29.113,-90.195,METAR
KXSA,Tappahannock/Essex Cnty,37.86064,-76.90159,METAR
KXVG,Longville Muni,46.99416,-94.20601,METAR
KXVW,Vandenberg Rang,34.72,-120.57,METAR
KXWA,Williston/Basin Intl,48.25421,-103.74688,METAR|TAF
KYIP,Detroit/Willow Run Arpt,42.24196,-83.52139,METAR|TAF
KYKM,Yakima/McAllister Fld,46.56398,-120.53489,METAR|TAF
KYKN,Yankton/Gurney Muni,42.91415,-97.38072,METAR
KYNG,Youngstown-Warren Rgnl,41.25477,-80.6736,METAR|TAF
KYUM,Yuma Intl,32.66,-114.608,METAR|TAF
KZER,Pottsville/Schuylkill Cnty,40.70716,-76.371,METAR
KZPH,Zephyrhills Muni,28.22683,-82.15643,METAR
KZZV,Zanesville Muni,39.9461,-81.89315,METAR|TAF
LAKU,Kukes Arpt,42.034,20.416,METAR|TAF
LATI,Tirana Intl,41.419,19.716,METAR|TAF
LBBG,Burgas Arpt,42.569,27.514,METAR|TAF
LBGO,Gorna Orechovista Arpt,43.151,25.713,METAR|TAF
LBIA,Bezmer,42.456,26.352,METAR
LBPD,Plovdiv Arpt,42.064,24.86,METAR|TAF
LBPG,Graf Ignatievo,42.289,24.714,METAR|TAF
LBPL,Dola Mitropoliya,43.453,24.504,METAR
LBRS,Rousse/Ruse Arpt,43.692,26.051,METAR
LBSF,Sofia Intl,42.694,23.414,METAR|TAF
LBWB,Balchik,43.425,28.175,METAR
LBWN,Varna Intl,43.232,27.825,METAR|TAF
LCEN,Ercan Arpt,35.155,33.496,METAR|TAF
LCLK,Larnaca Intl,34.874,33.617,METAR|TAF
LCNC,Nicosia/Athalassa,35.141,33.396,METAR|TAF
LCPH,Paphos Intl,34.715,32.479,METAR|TAF
LCRA,Akrotiri Arpt,34.59,32.988,METAR|TAF
LDDD,Zagreb/Maksimir,45.806,16.044,METAR
LDDU,Dubrovnik Arpt,42.56,18.269,METAR|TAF
LDLO,Losinj Isl Arpt,44.569,14.394,METAR|TAF
LDOS,Osijek Arpt,45.463,18.81,METAR|TAF
LDPL,Pula Arpt,44.894,13.922,METAR|TAF
LDRI,Rijeka Arpt,45.218,14.573,METAR|TAF
LDSB,Brac/Bol Arpt,43.286,16.68,METAR|TAF
LDSP,Split Arpt,43.539,16.301,METAR|TAF
LDZA,Zagreb/Tuđman Intl,45.729,16.054,METAR|TAF
LDZD,Zadar Arpt,44.108,15.347,METAR|TAF
LEAB,Albacete Arpt,38.952,-1.863,METAR|TAF
LEAG,Algeciras,36.129,-5.441,METAR|TAF
LEAL,Alicante Arpt,38.282,-0.558,METAR|TAF
LEAM,Almería Arpt,36.846,-2.357,METAR|TAF
LEAO,Ciudad Real,38.953,-3.741,METAR|TAF
LEAS,Aviles/Asturias Arpt,43.567,-6.044,METAR|TAF
LEBA,Córdoba Arpt,37.842,-4.849,METAR|TAF
LEBB,Bilbao Arpt,43.298,-2.906,METAR|TAF
LEBG,Burgos Arpt,42.356,-3.622,METAR|TAF
LEBL,Barcelona/Prat Arpt,41.293,2.07,METAR|TAF
LEBR,Bardenas,42.2,-1.43,METAR|TAF
LEBT,Valencia/Betera,39.58,-0.45,METAR
LEBZ,Badajoz Arpt,38.883,-6.814,METAR|TAF
LECH,Castellón Arpt,40.211,0.067,METAR|TAF
LECO,A Coruña Arpt,43.307,-8.372,METAR|TAF
LECV,Madrid-Colmenar,40.696,-3.765,METAR|TAF
LEDA,Lleida-Alguaire Arpt,41.734,0.538,METAR|TAF
LEEC,Sevilla/El Copero,37.313,-5.999,METAR|TAF
LEGA,Granada/Armilla,37.136,-3.633,METAR|TAF
LEGE,Gerona/Costa Brava Arpt,41.911,2.763,METAR|TAF
LEGR,Granada/Lorca Arpt,37.19,-3.789,METAR|TAF
LEGT,Madrid/Getafe Arpt,40.299,-3.723,METAR|TAF
LEHC,Huesca/Pirineos Arpt,42.082,-0.324,METAR|TAF
LEHI,Hinojosa Del Duque,38.511,-5.11,METAR
LEIB,Ibiza Arpt,38.876,1.384,METAR|TAF
LEJR,Jerez Arpt,36.751,-6.056,METAR|TAF
LELC,San Javier Arpt,37.775,-0.812,METAR|TAF
LELL,Sabadell Arpt,41.521,2.105,METAR|TAF
LELN,León Arpt,42.588,-5.651,METAR|TAF
LELO,Logrono Arpt,42.452,-2.331,METAR|TAF
LEMD,Madrid/Barajas Arpt,40.466,-3.555,METAR|TAF
LEMG,Málaga Arpt,36.666,-4.482,METAR|TAF
LEMH,Mahon/Menorca Arpt,39.855,4.216,METAR|TAF
LEMI,Murcia Intl,37.803,-1.125,METAR|TAF
LEMO,Morón,37.175,-5.616,METAR|TAF
LEPA,Palma De Mallorca Arpr,39.561,2.737,METAR|TAF
LEPP,Pamplona Arpt,42.777,-1.65,METAR|TAF
LERI,Alcantarilla,37.958,-1.229,METAR|TAF
LERL,Cuidad Real Arpt,38.862,-3.993,METAR|TAF
LERS,Reus Arpt,41.15,1.179,METAR|TAF
LERT,Rota),36.645,-6.349,METAR|TAF
LESA,Salamanca Arpt,40.96,-5.498,METAR|TAF
LESB,Mallorca/Son Bonet Arpt,39.599,2.703,METAR
LESO,San Sebastian Arpt,43.361,-1.787,METAR|TAF
LEST,Santiago Arpt,42.888,-8.411,METAR|TAF
LESU,La Seu Arpt,42.337,1.406,METAR|TAF
LETL,Teruel Arpt,40.404,-1.218,METAR|TAF
LETO,Torrejon,40.489,-3.451,METAR|TAF
LEVC,Valencia Arpt,39.489,-0.482,METAR|TAF
LEVD,Valladolid Arpt,41.706,-4.852,METAR|TAF
LEVS,Madrid/Vientos Arpt,40.371,-3.785,METAR|TAF
LEVT,Vitoria Arpt,42.872,-2.733,METAR|TAF
LEVX,Vigo/Peinador Arpt,42.239,-8.624,METAR|TAF
LEXJ,Santander/Ballesteros Arpt,43.429,-3.831,METAR|TAF
LEZA,Zaragoza ),41.667,-1.05,METAR
LEZG,Zaragoza Arpt,41.661,-1.004,METAR|TAF
LEZL,Seville/San Pablo Arpt,37.418,-5.893,METAR|TAF
LFAC,Calais Arpt,50.962,1.955,METAR
LFAQ,Albert/Picardie Arpt,49.972,2.704,METAR|TAF
LFAT,Le Touquet Arpt,50.515,1.623,METAR|TAF
LFBA,Agen/La Garenne Arpt,44.176,0.593,METAR|TAF
LFBC,Cazaux Pond,44.533,-1.125,METAR|TAF
LFBD,Bordeaux/Mérignac Arpt,44.831,-0.691,METAR|TAF
LFBE,Bergerac/Perigord Arpt,44.826,0.516,METAR|TAF
LFBF,Toulouse/Francazai Arpt,43.546,1.367,METAR
LFBG,Cognac/Parvaud Arpt,45.665,-0.316,METAR|TAF
LFBH,La Rochelle–Île de Ré,46.178,-1.193,METAR|TAF
LFBI,Poitiers/Biard Arpt,46.584,0.309,METAR|TAF
LFBK,Montlucon/Gueret Arpt,46.226,2.36,METAR
LFBL,Limoges/Bellegarde Arpt,45.863,1.179,METAR|TAF
LFBM,Mont-de-Marsan Arpt,43.912,-0.507,METAR|TAF
LFBN,Niort/Souche,46.316,-0.4,METAR
LFBO,Toulouse/Blagnac Arpt,43.621,1.379,METAR|TAF
LFBP,Pau/Uzein Arpt,43.385,-0.416,METAR|TAF
LFBS,Biscarosse Arpt,44.368,-1.132,METAR
LFBT,Tarbes/Ossun Arpt,43.189,0,METAR|TAF
LFBU,Angouleme/Champniers,45.728,0.22,METAR|TAF
LFBV,Brive/La Roche,45.148,1.474,METAR
LFBX,Perigueux/Bassillac,45.196,0.815,METAR
LFBY,Dax/Seyresse Arpt,43.69,-1.07,METAR|TAF
LFBZ,Biarritz/Parme Arpt,43.469,-1.534,METAR|TAF
LFCG,St Girons/Antichan Arpt,43.009,1.104,METAR
LFCI,Albi/Le Sequestre,43.914,2.113,METAR
LFCK,Castres/Mazamet Arpt,43.556,2.289,METAR|TAF
LFCR,Rodez/Marcillac Arpt,44.41,2.483,METAR|TAF
LFDB,Montauban/Morin-Vedi,44.026,1.378,METAR
LFDH,Auch/Lamothe Arpt,43.689,0.601,METAR
LFFS,Suippes Range,49.148,4.575,METAR
LFGA,Colmar/Houssen Arpt,48.11,7.359,METAR
LFGJ,Dole/Tavaux Arpt,47.044,5.427,METAR|TAF
LFHP,Le Puy/Loudes Arpt,45.075,3.764,METAR|TAF
LFIG,Cassagnes-Begonhes Arpt,44.178,2.515,METAR
LFJL,Metz/Lorraine Arpt,48.982,6.251,METAR|TAF
LFJR,Anger/Loire Arpt,47.562,-0.317,METAR|TAF
LFKB,Bastia/Poretta Arpt,42.553,9.484,METAR|TAF
LFKC,Calvi/St Catherine Arpt,42.531,8.793,METAR|TAF
LFKF,Figari/Corse Arpt,41.501,9.098,METAR|TAF
LFKJ,Ajaccio/Oro Arpt,41.924,8.803,METAR|TAF
LFKS,Solenzara,41.924,9.406,METAR|TAF
LFLA,Auxerre,47.801,3.546,METAR
LFLB,Chambery Arpt,45.637,5.883,METAR|TAF
LFLC,Clermont-Ferrand/Auvergne Arpt,45.787,3.169,METAR|TAF
LFLD,Bourges Arpt,47.059,2.36,METAR
LFLH,Chalon Champforgeuil,46.826,4.818,METAR
LFLL,Lyon/St-Exupéry Arpt,45.726,5.078,METAR|TAF
LFLM,Mâcon/Charnay Arpt,46.295,4.795,METAR
LFLN,Saint Yan Arpt,46.412,4.025,METAR|TAF
LFLP,Annecy/Meythet Arpt,45.93,6.106,METAR|TAF
LFLQ,Montelimar/Ancone Arpt,44.581,4.733,METAR
LFLS,Grenoble/Alpes–Isère Arpt,45.363,5.329,METAR|TAF
LFLU,Valence-Chabeuil Arpt,44.922,4.97,METAR
LFLV,Vichy/Charmeil Arpt,46.167,3.399,METAR|TAF
LFLW,Aurillac Arpt,44.899,2.421,METAR|TAF
LFLX,Chateauroux/Deols Arpt,46.87,1.741,METAR|TAF
LFLY,Lyon/Bron Arpt,45.726,4.938,METAR|TAF
LFMA,Aix Les Milles,43.506,5.368,METAR
LFMC,Le Luc Arpt,43.383,6.386,METAR|TAF
LFMD,Cannes/Mandelieu Arpt,43.544,6.953,METAR|TAF
LFME,Nimes/Courbessac,43.854,4.413,METAR
LFMH,St-Étienne/Bouthéon,45.533,4.293,METAR|TAF
LFMI,Istres/Le Tube,43.516,4.935,METAR|TAF
LFMK,Carcassonne/Salvaza Arpt,43.214,2.31,METAR|TAF
LFML,Marseille Arpt,43.438,5.216,METAR|TAF
LFMN,Nice/Côte d'Azur Arpt,43.658,7.216,METAR|TAF
LFMO,Orange/Caritat,44.144,4.861,METAR|TAF
LFMP,Perpignan/Rivesaltes Arpt,42.737,2.873,METAR|TAF
LFMT,Montpellier/Méditerranee Arpt,43.577,3.963,METAR|TAF
LFMU,Béziers/Cap d'Agde,43.322,3.353,METAR|TAF
LFMV,Avignon/Caumont Arpt,43.911,4.903,METAR|TAF
LFMX,St-Auban-Sur-Duranc,44.062,5.99,METAR
LFMY,Salon de Provence,43.604,5.108,METAR|TAF
LFNB,Mende/Brenoux,44.502,3.533,METAR
LFOA,Avord,47.052,2.642,METAR|TAF
LFOB,Beauvais/Tille Arpt,49.454,2.113,METAR|TAF
LFOC,Chateaudun,48.061,1.376,METAR|TAF
LFOE,Evreux/De LEure,49.025,1.222,METAR|TAF
LFOF,Alencon/Valframbert,48.446,0.11,METAR|TAF
LFOH,Le Havre/Octeville Arpt,49.533,0.091,METAR|TAF
LFOI,Abbeville,50.136,1.834,METAR
LFOJ,Orleans/Bricy,47.985,1.754,METAR|TAF
LFOK,Châlons-Vatry Arpt,48.777,4.165,METAR|TAF
LFOP,Rouen/Boos Arpt,49.383,1.182,METAR|TAF
LFOR,Chartres/Champol Arpt,48.46,1.501,METAR
LFOS,Vittefleur/St Vale,49.836,0.655,METAR
LFOT,Tours/Val de Loire Arpt,47.444,0.728,METAR|TAF
LFOV,Laval/Entrammes Arpt,48.031,-0.746,METAR
LFOW,St Quentin/Roupy Arpt,49.818,3.206,METAR
LFOZ,Orléans/St-Denis Arpt,47.897,2.163,METAR
LFPB,Paris/Le Bourge Arpt,48.967,2.428,METAR|TAF
LFPC,Creil,49.252,2.521,METAR|TAF
LFPG,Paris/De Gaulle Arpt,49.015,2.534,METAR|TAF
LFPM,Melun/Villaroche Arpt,48.611,2.68,METAR|TAF
LFPN,Toussus le Noble Arpt,48.752,2.114,METAR|TAF
LFPO,Paris/Orly Fld,48.717,2.384,METAR|TAF
LFPT,Pontoise-Cormeilles,49.097,2.041,METAR
LFPV,Villacoublay,48.77,2.205,METAR|TAF
LFPW,Paris Met Cente,48.83,2.33,METAR
LFPY,Bretigny Sur Or,48.6,2.33,METAR
LFQA,Reims/Prunay Arpt,49.21,4.155,METAR
LFQB,Troyes/Barberey Arpt,48.325,4.02,METAR|TAF
LFQG,Nevers/Fourchambault,46.998,3.113,METAR
LFQH,Chatillon-Sur-Seine,47.849,4.58,METAR
LFQI,Cambrai/Épinoy,50.218,3.153,METAR|TAF
LFQQ,Lille/Lesquin Arpt,50.562,3.089,METAR|TAF
LFQV,Charleville/Meziere,49.783,4.643,METAR
LFRA,Angers/Avrille,47.479,-0.614,METAR
LFRB,Brest/Guipavas Arpt,48.444,-4.412,METAR|TAF
LFRC,Cherbourg/Manche Arpt,49.65,-1.47,METAR|TAF
LFRD,Dinard/Pleurtuit Arpt,48.589,-2.075,METAR|TAF
LFRG,Deauville/Saint Gati,49.365,0.154,METAR|TAF
LFRH,Lorient/Bihoue Arpt,47.761,-3.44,METAR|TAF
LFRI,La Roche/Les Ajoncs,46.702,-1.379,METAR|TAF
LFRJ,Landivisiau,48.527,-4.138,METAR|TAF
LFRK,Caen/Carpiquet Arpt,49.18,-0.456,METAR|TAF
LFRL,Lanveoc/Poulmic Arpt,48.279,-4.439,METAR|TAF
LFRM,Le Mans/Arnage Arpt,47.949,0.202,METAR|TAF
LFRN,Rennes/St Jacques Arpt,48.069,-1.734,METAR|TAF
LFRO,Lannion/Servel Arpt,48.755,-3.469,METAR|TAF
LFRQ,Quimper/Pluguffan Arpt,47.975,-4.168,METAR|TAF
LFRS,Nantes/Atlantique Arpt,47.15,-1.609,METAR|TAF
LFRT,Saint Brieuc/Armor Arpt,48.536,-2.853,METAR|TAF
LFRU,Morlaix/Ploujean Arpt,48.601,-3.814,METAR
LFRV,Vannes/Meucon Arpt,47.722,-2.727,METAR
LFRZ,St Nazaire/Montoir Arpt,47.312,-2.163,METAR|TAF
LFSA,Besancon/Thise,47.249,5.989,METAR
LFSB,Basel/Euro Arpt,47.614,7.51,METAR|TAF
LFSC,Colmar/Meyenhei,47.922,7.4,METAR|TAF
LFSD,Dijon-Bourgogne Arpt,47.269,5.09,METAR|TAF
LFSF,Metz/Frescaty Arpt,49.073,6.126,METAR|TAF
LFSG,Épinal/Mirecourt Arpt,48.325,6.07,METAR
LFSI,St Dizier,48.631,4.904,METAR|TAF
LFSL,Brive/Souillac Arpt,45.04,1.486,METAR|TAF
LFSM,Montbéliard/Courcell,47.487,6.791,METAR
LFSN,Nancy/Essey Arpt,48.692,6.231,METAR|TAF
LFSO,Nancy/Ochey,48.583,5.955,METAR|TAF
LFSQ,Belfort/Fontaine,47.63,6.87,METAR
LFSR,Reims Arpt,49.306,4.051,METAR|TAF
LFST,Strasbourg/Entzheim Arpt,48.549,7.64,METAR|TAF
LFSX,Luxeuil Arpt,47.783,6.364,METAR|TAF
LFTH,Toulon/Hyères Arpt,43.094,6.146,METAR|TAF
LFTU,St-Raphael,43.417,6.736,METAR
LFTW,Nimes/Garons Arpt,43.757,4.416,METAR|TAF
LFVP,St Pierre Arpt,46.764,-56.169,METAR|TAF
LFXA,Ambérieu-en-Bugey,45.979,5.331,METAR
LFXI,Saint Christol Arpt,44.058,5.495,METAR
LFYR,Romorantin Arpt,47.32,1.688,METAR|TAF
LGAD,Andravida Arpt,37.923,21.287,METAR|TAF
LGAL,Alexandroupolis/Dimokritos Arpt,40.856,25.945,METAR|TAF
LGAT,Athens/Hellenkion,37.886,23.736,TAF
LGAV,Athens/Venizelos Intl,37.936,23.945,METAR|TAF
LGBL,Nea Anchialos Arpt,39.22,22.794,METAR|TAF
LGEL,Elefsis,38.064,23.556,METAR|TAF
LGHI,Chios Isl Arpt,38.343,26.141,METAR|TAF
LGIO,Ioannina Arpt,39.696,20.823,METAR|TAF
LGIR,Iraklion Intl,35.337,25.173,METAR|TAF
LGKC,Kythira Arpt,36.274,23.017,METAR|TAF
LGKF,Cephalonia Arpt,38.12,20.5,METAR|TAF
LGKL,Kalamata Arpt,37.068,22.026,METAR|TAF
LGKO,Kos Arpt,36.801,27.091,METAR|TAF
LGKP,Karpathos Isl Arpt,35.421,27.146,METAR|TAF
LGKR,Corfu/Kapodistinas Arpt,39.61,19.913,METAR|TAF
LGKV,Kavala Intl,40.915,24.622,METAR|TAF
LGKZ,Kozani/Filippos Arpt,40.288,21.842,METAR
LGLM,Limnos Island Arpt,39.917,25.236,METAR|TAF
LGLR,Larissa Arpt,39.65,22.465,TAF
LGMK,Mykonos Arpt,37.435,25.348,METAR|TAF
LGMT,Mitilini Arpt,39.054,26.604,METAR|TAF
LGNX,Naxos Arpt,37.081,25.369,METAR
LGPA,Paros/Kratikos Arpt,37.022,25.114,METAR
LGPZ,Preveza/Aktion Arpt,38.921,20.761,METAR|TAF
LGRP,Rhodes/Diagoras Arpt,36.405,28.086,METAR|TAF
LGRX,Araxos Arpt,38.151,21.426,METAR|TAF
LGSA,Souda Bay/Chania Intl,35.54,24.141,METAR|TAF
LGSK,Skiathos Isl Arpt,39.177,23.504,METAR|TAF
LGSM,Samos Arpt,37.69,26.912,METAR|TAF
LGSO,Syros Island Arpt,37.422,24.95,METAR
LGSR,Santorini Isl Arpt,36.399,25.479,METAR|TAF
LGST,Sitia Arpt,35.216,26.101,TAF
LGSY,Skiros Arpt,38.968,24.487,METAR|TAF
LGTG,Tanagra,38.34,23.563,TAF
LGTL,Kasteli Arpt,35.192,25.327,TAF
LGTS,Thessaloniki Intl,40.52,22.971,METAR|TAF
LGZA,Zakinthos/Salomos Arpt,37.751,20.884,METAR|TAF
LHBC,Békéscsaba Arpt,46.678,21.161,METAR
LHBP,Budapest/Liszt Intl,47.437,19.256,METAR|TAF
LHDC,Debrecen Arpt,47.489,21.615,METAR|TAF
LHKE,Kecskemét Arpt,46.917,19.749,METAR|TAF
LHNY,Nyiregyhaza Arpt,47.984,21.6916,METAR|TAF
LHPA,Pápa Arpt,47.362,17.494,METAR|TAF
LHPP,Pécs/Pogány Intl,45.991,18.241,METAR|TAF
LHPR,Győr-Pér Intl,47.627,17.808,METAR|TAF
LHSM,Sármellék/Balaton Arpt,46.689,17.161,METAR|TAF
LHSN,Szolnok,47.123,20.235,METAR|TAF
LHUD,Szeged Arpt,46.256,20.09,METAR
LIBA,Amendola,41.538,15.714,METAR|TAF
LIBC,Crotone Arpt,38.997,17.079,METAR|TAF
LIBD,Bari/Palese Arpt,41.138,16.765,METAR|TAF
LIBE,Monte Sant Angelo,41.708,15.948,METAR
LIBF,Foggia/Lisa Arpt,41.433,15.535,METAR|TAF
LIBG,Grottaglie Arpt,40.517,17.403,METAR|TAF
LIBH,Marina di Ginos,40.424,16.887,METAR
LIBN,Lecce,40.238,18.138,METAR|TAF
LIBP,Pescara/Abruzzo Arpt,42.432,14.181,METAR|TAF
LIBQ,Scuro Mountain,39.331,16.396,METAR
LIBR,Brindisi/Casale Arpt,40.658,17.951,METAR|TAF
LIBS,Campobasso,41.564,14.655,METAR
LIBT,Termoli,42.004,14.996,METAR
LIBU,Latronico,40.087,16.014,METAR
LIBV,Gioia Del Colle,40.766,16.935,METAR|TAF
LIBW,Bonifati,39.585,15.891,METAR
LIBY,Santa Maria di Leuca,39.811,18.342,METAR
LIBZ,Potenza,40.633,15.8,METAR
LICA,Lamezia Terme Arpt,38.908,16.242,METAR|TAF
LICB,Comiso Arpt,36.994,14.606,METAR|TAF
LICC,Catania/Fontanarossa Arpt,37.467,15.064,METAR|TAF
LICD,Lampedusa Island Arpt,35.498,12.618,METAR|TAF
LICE,Enna,37.568,14.28,METAR
LICF,Messina,38.2,15.549,METAR
LICG,Pantelleria Arpt,36.814,11.971,METAR|TAF
LICJ,Palermo Arpt,38.176,13.091,METAR|TAF
LICL,Gela,37.076,14.225,METAR
LICM,Calopezzati,39.55,16.8,METAR
LICO,Cozzo Spadaro,36.686,15.131,METAR
LICP,Palmero/Boccadifal,38.111,13.313,METAR
LICR,Reggio Calabria Arpt,38.072,15.654,METAR|TAF
LICT,Trapani/Birgi Arpt,37.911,12.488,METAR|TAF
LICU,Ustica,38.707,13.177,METAR
LICZ,Sigonella,37.406,14.919,METAR|TAF
LIEA,Alghero/Fertilia Arpt,40.631,8.289,METAR|TAF
LIEB,Cape Bellavista,39.931,9.713,METAR
LIEC,Cape Carbonara,39.104,9.514,METAR
LIED,Decimomannu,39.354,8.973,METAR|TAF
LIEE,Cagliari/Elmas Arpt,39.243,9.06,METAR|TAF
LIEF,Capo Frasca,39.74,8.46,METAR
LIEG,Guardiavecchia,41.217,9.4,METAR
LIEH,Capo Caccia,40.561,8.163,METAR
LIEL,Capo S Lorenzo,39.498,9.629,METAR
LIEN,Fonni,40.117,9.25,METAR
LIEO,Olbia/Costa Smeralda Arpt,40.899,9.518,METAR|TAF
LIEP,Perdasdefogu,39.675,9.443,METAR
LIMA,Torino/Aeritalia Arpt,45.086,7.603,METAR
LIMC,Milan/Malpensa Arpt,45.631,8.728,METAR|TAF
LIME,Milan/Bergamo,45.674,9.704,METAR|TAF
LIMF,Torino/Caselle Arpt,45.203,7.649,METAR|TAF
LIMG,Albenga,44.046,8.126,METAR|TAF
LIMH,Pian Rosà,45.935,7.707,METAR
LIMJ,Genoa/Colombo Arpt,44.413,8.838,METAR|TAF
LIMK,Torino/Bric Della Cr,45.033,7.731,METAR
LIML,Milan/Linate Arpt,45.461,9.263,METAR|TAF
LIMN,Cameri,45.53,8.669,METAR|TAF
LIMO,Bisbino Mountai,45.87,9.067,METAR
LIMP,Parma Arpt,44.825,10.296,METAR|TAF
LIMS,Piacenza,44.913,9.723,METAR|TAF
LIMT,Passo della Cisa,44.472,9.929,METAR
LIMU,Cape Mele,43.958,8.17,METAR
LIMV,Passo de Giovi,44.552,8.938,METAR
LIMW,Aosta Rgnl,45.735,7.351,METAR|TAF
LIMY,Monte Malanotte,44.258,7.794,METAR
LIMZ,Cuneo/Levaldigi Arpt,44.547,7.623,METAR|TAF
LIPA,Aviano,46.03,12.599,METAR|TAF
LIPB,Bolzano/Dolomiti Arpt,46.46,11.326,METAR|TAF
LIPC,Cervia,44.224,12.307,METAR|TAF
LIPD,Udine/Campoformido,46.038,13.188,METAR
LIPE,Bologna/Marconi Arpt,44.531,11.297,METAR|TAF
LIPF,Ferrara Arpt,44.814,11.61,METAR|TAF
LIPH,Treviso Arpt,45.648,12.194,METAR|TAF
LIPI,Rivolto,45.979,13.049,METAR|TAF
LIPK,Forli/Ridolfi Arpt,44.196,12.07,METAR|TAF
LIPL,Ghedi,45.432,10.268,METAR|TAF
LIPO,Brescia Arpt,45.429,10.331,METAR|TAF
LIPP,Dova Area Contr,45.4,11.87,METAR
LIPQ,Trieste Airport,45.828,13.472,METAR|TAF
LIPR,Rimini/Miramare Arpt,44.02,12.612,METAR|TAF
LIPS,Istrana,45.689,12.101,METAR|TAF
LIPT,Vicenza,45.573,11.53,METAR|TAF
LIPU,Pavdova Arpt,45.396,11.848,METAR
LIPX,Verona Arpt,45.387,10.872,METAR|TAF
LIPY,Falconara/Ancona Arpt,43.617,13.36,METAR|TAF
LIPZ,Venice/Polo Arpt,45.505,12.352,METAR|TAF
LIQB,Arezzo,43.455,11.848,METAR
LIQC,Capri Island,40.558,14.201,METAR
LIQD,Porretta Pass,44.03,10.93,METAR
LIQI,Gran Sasso Moun,42.45,13.7,METAR
LIQJ,Civitavecchia,42.033,11.833,METAR
LIQK,Capo Palinuro,40.025,15.281,METAR
LIQN,Rieti Arpt,42.427,12.85,METAR
LIQO,Mount Argentario,42.387,11.17,METAR
LIQP,Isola di Palmaria,44.067,9.816,METAR
LIQR,Radicofani,42.896,11.768,METAR
LIQV,Volterra,43.402,10.86,METAR
LIQW,Sarzana/Luni,44.088,9.987,METAR|TAF
LIQZ,Ponza Isl,40.912,12.957,METAR
LIRA,Rome/Ciampino Arpt,41.808,12.585,METAR|TAF
LIRB,Vigna Di Valle,42.08,12.211,METAR
LIRE,Pratica di Mare,41.656,12.449,METAR|TAF
LIRF,Rome/Fiumicino,41.8,12.239,METAR|TAF
LIRG,Guidonia,41.996,12.735,METAR|TAF
LIRH,Frosinone,41.646,13.3,METAR|TAF
LIRI,Pontecagnano Arpt,40.62,14.911,METAR|TAF
LIRJ,Elba Arpt,42.762,10.239,METAR
LIRK,Monte Terminillo,42.466,12.979,METAR
LIRL,Latina Arpt,41.545,12.91,METAR|TAF
LIRM,Grazzanise,41.061,14.082,METAR|TAF
LIRN,Naples Intl,40.885,14.292,METAR|TAF
LIRP,Pisa/Galilei Arpt,43.684,10.393,METAR|TAF
LIRQ,Florence/Peretola Arpt,43.81,11.205,METAR|TAF
LIRS,Grosseto,42.76,11.072,METAR|TAF
LIRT,Trevico,41.047,15.233,METAR
LIRU,Rome/Urbe,41.953,12.5,METAR|TAF
LIRV,Viterbo,42.43,12.064,METAR|TAF
LIRX,Monte Calamita,42.731,10.396,METAR
LIRZ,Perugia/Egidio Arpt,43.097,12.51,METAR|TAF
LIVC,Monte Cimone,44.194,10.7,METAR
LIVD,Dobbiaco,46.729,12.228,METAR
LIVE,Resia Pass,46.833,10.5,METAR
LIVF,Frontone,43.517,12.728,METAR
LIVM,Punta Marina,44.441,12.296,METAR
LIVO,Tarvisio,46.506,13.586,METAR
LIVP,Monte Paganella,46.143,11.038,METAR
LIVR,Rolle Pass,46.298,11.787,METAR
LIVT,Trieste,45.677,13.754,METAR
LIYW,Aviano,46.03,12.599,METAR|TAF
LJCE,Cerklje Arpt,45.899,15.523,METAR|TAF
LJLJ,Ljubljana/Pucnik Arpt,46.218,14.477,METAR|TAF
LJMB,Maribor/Rusjan Arpt,46.48,15.682,METAR|TAF
LJMS,Murska Sobota,46.63,16.175,METAR
LJPZ,Portorož Arpt,45.473,13.615,METAR|TAF
LKCS,Ceske Budejovice Arpt,48.946,14.427,TAF
LKCV,Caslav Arpt,49.94,15.382,METAR|TAF
LKKB,Prague/Kbely Arpt,50.123,14.538,METAR|TAF
LKKU,Kunovice Arpt,49.042,17.442,METAR
LKKV,Karlovy Vary Intl,50.202,12.91,METAR|TAF
LKLB,Liberec Arpt,50.77,15.024,METAR
LKLN,Plzeň-Líně Arpt,49.675,13.275,METAR
LKMT,Ostrava/Janáček Arpt,49.696,18.111,METAR|TAF
LKNA,Namest nad Oslavou Arpt,49.166,16.125,METAR|TAF
LKPD,Pardubice Arpt,50.016,15.74,METAR|TAF
LKPO,Prerov Arpt,49.424,17.406,METAR|TAF
LKPR,Prague/Havel Arpt,50.101,14.26,METAR|TAF
LKTB,Brno/Tuřany Arpt,49.151,16.694,METAR|TAF
LKVO,Vodochody Arpt,50.217,14.396,METAR
LLBG,Tel Aviv/Ben Gurion Arpt,32.011,34.887,METAR|TAF
LLBS,Beer-Sheva Arpt,31.287,34.723,METAR
LLER,Eilat/Ramone Arpt,29.722,35.012,METAR|TAF
LLET,Eilat Arpt,29.561,34.96,TAF
LLHA,Haifa Intl,32.809,35.043,METAR|TAF
LLHZ,Herzliya Arpt,32.181,34.835,TAF
LLIB,Rosh Pina Arpt,32.981,35.572,METAR|TAF
LLJR,Jerusalem/Atarot,31.867,35.217,TAF
LLOV,Ovda Arpt,29.94,34.941,METAR|TAF
LLSD,Tel Aviv/Sde-Dov Arpt,32.115,34.782,TAF
LMML,Malta Intl,35.858,14.477,METAR|TAF
LOAN,Wiener-Neustadt Ost,47.843,16.26,METAR|TAF
LOAV,Vöslau Arpt,47.965,16.259,METAR|TAF
LOIH,Dornbirn Arpt,47.385,9.701,METAR|TAF
LOWG,Graz Arpt,46.997,15.447,METAR|TAF
LOWI,Innsbruck Arpt,47.26,11.344,METAR|TAF
LOWK,Klagenfurt Arpt,46.648,14.318,METAR|TAF
LOWL,Linz Arpt,48.233,14.188,METAR|TAF
LOWS,Salzburg/Mozart Arpt,47.789,13.009,METAR|TAF
LOWW,Vienna Intl,48.117,16.582,METAR|TAF
LOWZ,Zell Am See Arpt,47.292,12.787,METAR|TAF
LOXA,Aigen Im Ennstal,47.533,14.138,METAR|TAF
LOXL,Horsching Aus,48.233,14.183,METAR
LOXN,Wiener Neustadt/West Arpt,47.832,16.231,TAF
LOXS,Schwaz,47.333,11.7,METAR
LOXT,Langenlebarn/Tulln,48.324,16.118,METAR|TAF
LOXZ,Zeltweg Arpt,47.203,14.744,METAR|TAF
LPAR,Alverca Arpt,38.887,-9.03,METAR|TAF
LPAZ,Santa Maria Island Arpt,36.971,-25.171,METAR|TAF
LPBG,Bragança Arpt,41.856,-6.706,METAR
LPBJ,Beja Arpt,38.073,-7.931,METAR|TAF
LPCS,Cascais Arpt,38.725,-9.355,METAR|TAF
LPFL,Azores/Flores Arpt,39.455,-31.131,METAR|TAF
LPFR,Faro Arpt,37.014,-7.966,METAR|TAF
LPHR,Horta Arpt,38.521,-28.714,METAR|TAF
LPLA,Lajes Acores Arpt,38.762,-27.091,METAR|TAF
LPMA,Madeira Arpt,32.698,-16.774,METAR|TAF
LPMR,Monte Real,39.831,-8.887,METAR|TAF
LPMT,Montijo,38.704,-9.036,METAR|TAF
LPOV,Ovar,40.916,-8.646,METAR|TAF
LPPD,Ponta Delgada/Paulo II Arpt,37.741,-25.698,METAR|TAF
LPPR,Porto/Cameriro Arpt,41.235,-8.684,METAR|TAF
LPPS,Porto Santo Isl Arpt,33.073,-16.35,METAR|TAF
LPPT,Lisbon Arpt,38.781,-9.136,METAR|TAF
LPST,Sintra,38.831,-9.34,METAR|TAF
LPVR,Vila Real,41.274,-7.717,METAR
LQBK,Banja Luka Intl,44.937,17.299,METAR|TAF
LQMO,Mostar Intl,43.285,17.84,METAR|TAF
LQSA,Sarajevo Intl,43.825,18.331,METAR|TAF
LQTZ,Tuzla Intl,44.461,18.728,METAR|TAF
LRAR,Arad Intl,46.176,21.264,METAR|TAF
LRBC,Bacău Intl,46.522,26.91,METAR|TAF
LRBM,Baia Mare Arpt,47.658,23.47,METAR|TAF
LRBO,Boboc AB,45.213,26.97,TAF
LRBS,Bucharest/Băneasa Intl,44.511,26.078,METAR|TAF
LRBV,Brașov-Ghimbav Intl,45.706,25.524,METAR|TAF
LRCK,Constanta/Kogălniceanu Arpt,44.362,28.488,METAR|TAF
LRCL,Cluj-Napoca Intl,46.783,23.676,METAR|TAF
LRCS,Caransebeş,45.42,22.253,METAR
LRCT,Campia Turzii,46.496,23.892,METAR|TAF
LRCV,Craiova Arpt,44.31,23.867,METAR|TAF
LRFT,Borcea Fetesti AB,44.383,27.717,TAF
LRIA,Iaşi Intl,47.164,27.627,METAR|TAF
LROD,Oradea Intl,47.036,21.896,METAR|TAF
LROP,Bucharest/Coandă Intl,44.572,26.102,METAR|TAF
LRSB,Sibiu Intl,45.789,24.091,METAR|TAF
LRSM,Satu Mare Arpt,47.703,22.886,METAR|TAF
LRSV,Suceava/Salcea Arpt,47.686,26.354,METAR|TAF
LRTC,Tulcea Arpt,45.065,28.716,METAR|TAF
LRTM,Targu Mures Arpt,46.468,24.421,METAR|TAF
LRTR,Timişoara/Traian Vuia Arpt,45.811,21.333,METAR|TAF
LRTZ,Tuzla Arpt,43.985,28.607,TAF
LSGC,Les Eplatures Arpt,47.083,6.792,METAR|TAF
LSGG,Geneva/Cointrin Arpt,46.248,6.128,METAR|TAF
LSGL,Lausanne Arpt,46.546,6.617,METAR
LSGN,Neuchatel Arpt,46.955,6.866,METAR
LSGS,Sion Arpt,46.219,7.33,METAR|TAF
LSMA,Alpnach Arpt,46.943,8.286,METAR|TAF
LSMC,Ulrichen Arpt,46.505,8.308,METAR
LSMD,Dübendorf Arpt,47.399,8.648,METAR|TAF
LSME,Emmen Arpt,47.092,8.305,METAR|TAF
LSMM,Meiringen Arpt,46.743,8.11,METAR|TAF
LSMP,Payerne Arpt,46.844,6.916,METAR|TAF
LSZA,Lugano Arpt,46.004,8.91,METAR|TAF
LSZB,Bern Arpt,46.914,7.497,METAR|TAF
LSZC,Buochs Arpt,46.972,8.392,METAR|TAF
LSZG,Grenchen Arpt,47.179,7.415,METAR|TAF
LSZH,Zürich Intl Arpt,47.48,8.536,METAR|TAF
LSZL,Locarno Arpt,46.164,8.878,METAR|TAF
LSZR,Rheineck/Altenrhein,47.485,9.561,METAR|TAF
LSZS,Samedan Arpt,46.526,9.879,METAR|TAF
LTAB,Ankara/Guvercin Lik,39.934,32.739,METAR|TAF
LTAC,Ankara/Esenboğa Intl,40.128,32.995,METAR|TAF
LTAD,Ankara/Etimesgut Arpt,39.95,32.689,METAR|TAF
LTAE,Murted ),40.079,32.566,METAR|TAF
LTAF,Adana Arpt,36.989,35.293,METAR|TAF
LTAG,Adana/Incirlik,37.002,35.426,METAR|TAF
LTAH,Afyon Arpt,38.735,30.596,METAR|TAF
LTAI,Antalya Arpt,36.9,30.798,METAR|TAF
LTAJ,Gaziantep Arpt,36.947,37.479,METAR|TAF
LTAK,Iskenderun,36.592,36.158,METAR
LTAL,Kastamonu Arpt,41.305,33.792,METAR|TAF
LTAN,Konya Arpt,37.979,32.562,METAR|TAF
LTAO,Malatya Tulga Arpt,38.354,38.254,TAF
LTAP,Merzifon Arpt,40.826,35.52,METAR|TAF
LTAQ,Samsun Arpt,41.278,36.305,METAR
LTAR,Sivas Arpt,39.798,36.894,METAR|TAF
LTAS,Zonguldak/Çaycuma Arpt,41.507,32.089,METAR|TAF
LTAT,Malatya Arpt,38.435,38.092,METAR|TAF
LTAU,Kayseri Intl,38.77,35.495,METAR|TAF
LTAV,Sivrihisar,39.453,31.369,METAR|TAF
LTAW,Tokat Arpt,40.308,36.368,METAR|TAF
LTAY,Çardak Arpt,37.785,29.701,METAR|TAF
LTAZ,Nevsehir Arpt,38.771,34.521,METAR|TAF
LTBA,Istanbul/Ataturk Intl,40.982,28.821,METAR|TAF
LTBD,Aydin/Çıldır Arpt,37.816,27.886,METAR|TAF
LTBE,Bursa Arpt,40.233,29.009,METAR
LTBF,Balikesir Arpt,39.619,27.926,METAR|TAF
LTBG,Bandirma Arpt,40.318,27.978,METAR|TAF
LTBH,Çanakkale Arpt,40.14,26.425,METAR|TAF
LTBI,Eskisehir,39.781,30.58,METAR|TAF
LTBJ,Izmir/Menderes Arpt,38.285,27.155,METAR|TAF
LTBK,Izmir/Gaziemir Arpt,38.32,27.159,TAF
LTBL,Izmir/Cigli,38.513,27.01,METAR|TAF
LTBM,Isparta,37.75,30.55,METAR
LTBN,Kutahya,39.427,30.017,TAF
LTBO,Uşak Arpt,38.68,29.483,METAR|TAF
LTBP,Yalova,40.682,29.377,TAF
LTBQ,Topel Arpt),40.735,30.083,METAR|TAF
LTBR,Bursa/Yenisehir Arpt,40.255,29.562,METAR|TAF
LTBS,Dalaman Arpt,36.713,28.793,METAR|TAF
LTBT,Akhisar Arpt,38.809,27.834,METAR|TAF
LTBU,Corlu Arpt,41.139,27.919,METAR|TAF
LTBV,Bodrum/Imisiki,37.14,27.67,TAF
LTBX,Istanbul/Samandira,40.993,29.216,TAF
LTBY,Eskisehir/Polatkan Arpt,39.81,30.519,METAR|TAF
LTBZ,Zafer Arpt,39.114,30.13,METAR|TAF
LTCA,Elazığ Arpt,38.607,39.291,METAR|TAF
LTCB,Ordu/Giresun Arpt,40.967,38.081,METAR|TAF
LTCC,Diyarbakır,37.894,40.201,METAR|TAF
LTCD,Erzincan Arpt,39.71,39.527,METAR|TAF
LTCE,Erzurum Intl,39.956,41.17,METAR|TAF
LTCF,Kars/Harakani Arpt,40.562,43.115,METAR|TAF
LTCG,Trabzon Arpt,40.995,39.782,METAR|TAF
LTCH,Şanlıurfa,37.133,38.767,METAR|TAF
LTCI,Van Arpt,38.469,43.337,METAR|TAF
LTCJ,Batman Arpt,37.93,41.117,METAR|TAF
LTCK,Muş Arpt,38.748,41.661,METAR|TAF
LTCL,Siirt Arpt,37.978,41.842,METAR|TAF
LTCM,Sinop Arpt,42.019,35.072,METAR|TAF
LTCN,Kahramanmaraş Arpt,37.539,36.953,METAR|TAF
LTCO,Ağrı Arpt,39.654,43.026,METAR|TAF
LTCP,Adiyaman Arpt,37.731,38.469,METAR|TAF
LTCR,Mardin Arpt,37.232,40.638,METAR|TAF
LTCS,Şanlıurfa GAP Arpt,37.445,38.904,METAR|TAF
LTCT,Iğdır Arpt,39.977,43.878,METAR|TAF
LTCU,Bingöl Arpt,38.861,40.593,METAR|TAF
LTCV,Sirnak Arpt,37.365,42.06,METAR|TAF
LTCW,Yüksekova Arpt,37.55,44.238,METAR|TAF
LTDA,Hatay Arpt,36.361,36.283,METAR|TAF
LTDB,Tarsus/Çukurova Intl,36.89385,35.06999,METAR|TAF
LTFA,Izmir/Kaklic,38.511,26.978,METAR|TAF
LTFB,Izmir-Selcuk/Efes Arpt,37.951,27.333,METAR|TAF
LTFC,Isparta/Demirel Arpt,37.855,30.368,METAR|TAF
LTFD,Balikesir/Seyit Arpt,39.559,27.025,METAR|TAF
LTFE,Milas-Bodrun Arpt,37.245,27.673,METAR|TAF
LTFG,Gazipasa Arpt,36.299,32.3,METAR|TAF
LTFH,Samsun-Çarşamba Arpt,41.255,36.567,METAR|TAF
LTFJ,Istanbul/Gokcen Intl,40.899,29.309,METAR|TAF
LTFK,Gokceada Arpt,40.2,25.883,METAR|TAF
LTFM,Istanbul Arpt,41.262,28.74,METAR|TAF
LTFO,Rize-Artvin Arpt,41.179,40.845,METAR|TAF
LUBL,Bălți Intl Arpt,47.838,27.782,METAR|TAF
LUBM,Marculesti Intl,47.863,28.213,METAR|TAF
LUCH,Cahul Intl,45.844,28.264,METAR|TAF
LUKK,Chişinău Arpt,46.928,28.931,METAR|TAF
LWOH,Ohrid Arpt,41.181,20.744,METAR|TAF
LWSK,Skopje Intl,41.952,21.627,METAR|TAF
LXGB,Gibraltar Arpt,36.151,-5.35,METAR|TAF
LYBE,Belgrade/Tesla Arpt,44.824,20.291,METAR|TAF
LYBT,Batajnica,44.935,20.258,METAR|TAF
LYKV,Kraljevo/Ladevci Arpt,43.818,20.587,METAR|TAF
LYNI,Niš Arpt,43.338,21.863,METAR|TAF
LYPG,Podgorica Arpt,42.359,19.252,METAR|TAF
LYPR,Pristina Arpt,42.581,21.03,TAF
LYTI,Podgorica Arpt,42.367,19.25,METAR
LYTV,Tivat Arpt,42.405,18.723,METAR|TAF
LYUZ,Uzice/Ponikve Arpt,43.901,19.679,METAR|TAF
LYVR,Vrsac Arpt,45.147,21.31,METAR|TAF
LZIB,Bratislava/Ivanka Arpt,48.17,17.207,METAR|TAF
LZKC,Kamenica nad Cirocho,48.935,21.994,METAR
LZKZ,Košice Intl,48.661,21.24,METAR|TAF
LZLU,Lučenec Arpt,48.339,19.734,METAR
LZMC,Malacky Arpt,48.396,17.119,TAF
LZNI,Nitra Arpt,48.278,18.136,METAR
LZPE,Prievidza Arpt,48.766,18.588,METAR
LZPP,Piešťany Arpt,48.613,17.832,METAR|TAF
LZPW,Presov,49.03,21.304,TAF
LZSL,Sliač Arpt,48.639,19.14,METAR|TAF
LZTT,Poprad/Tatry Arpt,49.068,20.25,METAR|TAF
LZZI,Žilina Arpt,49.231,18.613,METAR|TAF
MBGT,Grand Turk/McCarthy,21.443,-71.146,METAR|TAF
MBPV,Providenciales Intl,21.772,-72.265,METAR|TAF
MDAB,Arroyo Barril Intl,19.2,-69.433,METAR|TAF
MDBH,Barahona/Montez Intl,18.25,-71.126,METAR|TAF
MDCY,Samana Intl,19.271,-69.733,METAR|TAF
MDHE,Herrera,18.473,-69.969,METAR|TAF
MDJB,La Isabela Intl,18.577,-69.984,METAR|TAF
MDLR,La Romana Intl,18.451,-68.921,METAR|TAF
MDPC,Punta Cana Intl,18.566,-68.356,METAR|TAF
MDPP,Puerto Plata Arpt,19.759,-70.571,METAR|TAF
MDSD,Santo Domingo/Améric,18.433,-69.667,METAR|TAF
MDST,Santiago/Cibao Intl,19.407,-70.614,METAR|TAF
MGCB,Coban Arpt,15.47,-90.406,METAR
MGCP,Champerico Arpt,14.307,-91.899,METAR
MGES,Esquipoulas Arpt,14.568,-89.326,METAR
MGFL,Flores/Santa El,16.919,-89.877,METAR|TAF
MGGT,Guatemala/Aurora Arpt,14.585,-90.526,METAR|TAF
MGHT,Huehuetenango Arpt,15.317,-91.503,METAR|TAF
MGMM,Mundo Maya Intl,16.914,-89.866,METAR|TAF
MGPB,Puerto Barrios Arpt,15.737,-88.589,METAR|TAF
MGQZ,Quezaltenango Arpt,14.862,-91.506,METAR
MGRT,Retalhuleu Arpt,14.523,-91.697,METAR
MGSJ,San José Arpt,13.934,-90.832,METAR|TAF
MGTK,Tikal/Maya Intl,16.912,-89.876,METAR|TAF
MGZA,Zacapa Arpt,14.959,-89.538,METAR
MHAM,Amapala/Los Pelonas,13.282,-87.66,METAR|TAF
MHCA,Catacamas Arpt,14.875,-85.775,METAR|TAF
MHCH,Choluteca Arpt,13.318,-87.154,METAR|TAF
MHCL,Colon Arpt,14.162,-88.034,METAR
MHGS,Gracias Arpt,14.573,-88.596,METAR
MHIC,Islas Del Cisne,17.4,-83.93,METAR
MHLC,La Ceiba/Goloson Intl,15.737,-86.864,METAR|TAF
MHLE,La Esperanza Arpt,14.291,-88.175,METAR|TAF
MHLM,San Pedro Sula/Moral,15.442,-87.934,METAR|TAF
MHML,Monte Libano Arpt,13.179,-87.186,METAR
MHNJ,Guanaja Arpt,16.447,-85.908,METAR
MHNO,Nueva Ocotepeque,14.433,-89.194,METAR|TAF
MHPL,Puerto Lempira Arpt,15.262,-83.776,METAR|TAF
MHPR,Palmerola Intl,14.382,-87.621,METAR|TAF
MHRO,Roatan/Galvez Intl,16.316,-86.523,METAR|TAF
MHSC,Comayagua Arpt,14.38,-87.62,TAF
MHSR,Santa Rosa de Copan,14.783,-88.783,METAR|TAF
MHTE,Tela Arpt,15.776,-87.473,METAR|TAF
MHTG,Tegucigalpa/Toncontín Intl,14.06,-87.216,METAR|TAF
MHTR,Trujillo Arpt,15.926,-85.939,METAR
MHYR,Yoro Arpt,15.127,-87.135,METAR|TAF
MKJP,Kingston/Manley Intl,17.942,-76.798,METAR|TAF
MKJS,Montego Bay/Sangster,18.502,-77.915,METAR|TAF
MMAA,Acapulco/Alvarez Intl,16.758,-99.754,METAR|TAF
MMAN,Monterrey/Del Norte Intl,25.865,-100.239,METAR|TAF
MMAS,Aguascalientes Arpt,21.702,-102.318,METAR|TAF
MMBT,Huatulco Intl,15.775,-96.26,METAR|TAF
MMCB,Cuernavaca Intl,18.83,-99.265,METAR|TAF
MMCE,Ciudad Del Carmen Arpt,18.651,-91.8,METAR|TAF
MMCL,Culiacan Intl,24.766,-107.476,METAR|TAF
MMCM,Chetumal Intl,18.504,-88.326,METAR|TAF
MMCN,Ciudad Obregón Intl,27.395,-109.837,METAR|TAF
MMCP,Campeche/Ongay Intl,19.817,-90.502,METAR|TAF
MMCS,Ciudad Juarez/Gonzales Intl,31.636,-106.427,METAR|TAF
MMCT,Chichén Itzá Intl,20.641,-88.446,METAR
MMCU,Chihuahua Intl,28.701,-105.965,METAR|TAF
MMCV,Ciudad Victoria Intl,23.706,-98.959,METAR|TAF
MMCZ,Cozumel Intl,20.516,-86.932,METAR|TAF
MMDO,Durango/Victoria Intl,24.124,-104.532,METAR|TAF
MMEP,Tepic/Nervo Intl,21.418,-104.842,METAR|TAF
MMES,Ensenada Arpt,31.797,-116.599,METAR
MMGA,UNK,-99.99,-99.99,METAR|TAF
MMGL,Guadalajara Arpt,20.523,-103.312,METAR|TAF
MMGM,Guaymas/Yáñez Intl,27.964,-110.928,METAR|TAF
MMHO,Hermosillo/Garcia Intl,29.097,-111.051,METAR|TAF
MMIA,Colima Arpt,19.276,-103.576,METAR|TAF
MMIO,Saltillo/Guadalupe Intl,25.544,-100.928,METAR|TAF
MMIT,Ixtepec Arpt,16.451,-95.092,METAR
MMLM,Los Mochis Arpt,25.688,-109.085,METAR|TAF
MMLO,Leon/Del Bajío Arpt,20.997,-101.481,METAR|TAF
MMLP,La Paz/de León Intl,24.077,-110.364,METAR|TAF
MMLT,Loreto Intl,25.993,-111.35,METAR|TAF
MMMA,Matamoros/Canales Intl,25.77,-97.523,METAR|TAF
MMMD,Mérida Intl,20.936,-89.659,METAR|TAF
MMML,Mexicali Intl,32.631,-115.238,METAR|TAF
MMMM,Morelia/Mujica Intl,19.844,-101.037,METAR|TAF
MMMT,Minatitlán Arpt,18.098,-94.583,METAR|TAF
MMMV,Monclova/Carranza Intl,26.956,-101.47,METAR|TAF
MMMX,Mexico City Intl,19.436,-99.072,METAR|TAF
MMMY,Monterrey Intl,25.774,-100.104,METAR|TAF
MMMZ,Mazatlàn/Buelna Intl,23.161,-106.271,METAR|TAF
MMNG,Nogales,31.225,-110.976,METAR
MMNL,Nuevo Laredo Intl,27.448,-99.574,METAR|TAF
MMOX,Oaxaca/Xoxocotlán Intl,17.002,-96.724,METAR|TAF
MMPA,Poza Rico Arpt,20.601,-97.459,METAR|TAF
MMPB,Puebla/Serdan Intl,19.17,-98.371,METAR|TAF
MMPE,Puerto Peñasco Intl,31.354,-113.519,METAR|TAF
MMPG,Piedras Negras Intl,28.63,-100.541,METAR|TAF
MMPN,Uruapan Arpt,19.396,-102.041,METAR|TAF
MMPQ,Palenque Intl,17.534,-92.017,METAR|TAF
MMPR,Puerto Vallarta Intl,20.68,-105.25,METAR|TAF
MMPS,Puerto Escondido Arpt,15.876,-97.093,METAR|TAF
MMQT,Querétaro Intl,20.617,-100.194,METAR|TAF
MMRX,Reynosa/Blanco Intl,26.01,-98.232,METAR|TAF
MMSD,San Jose Del Cabo Intl,23.157,-109.72,METAR|TAF
MMSL,Cabo San Lucas Intl,22.948,-109.936,METAR|TAF
MMSM,Santa Lucia,19.763,-99.002,METAR|TAF
MMSP,San Luis Potosi Intl,22.256,-100.93,METAR|TAF
MMTB,Tuxtla Gutierrez/Ter,16.734,-93.174,METAR|TAF
MMTC,Torreón Intl,25.564,-103.408,METAR|TAF
MMTG,Tuxtla Gutierre Intl,16.571,-93.03,METAR|TAF
MMTJ,Tijuana Intl,32.544,-116.982,METAR|TAF
MMTL,Tulum Intl,20.1725,-87.6622,METAR|TAF
MMTM,Tampico/Mina Intl,22.29,-97.863,METAR|TAF
MMTO,Toluca Arpt,19.343,-99.568,METAR|TAF
MMTP,Tapachula Intl,14.795,-92.371,METAR|TAF
MMUN,Cancún Intl,21.038,-86.855,METAR|TAF
MMVA,Villahermosa/Perez Intl,17.998,-92.817,METAR|TAF
MMVR,Veracruz/Jara Intl,19.144,-96.189,METAR|TAF
MMZC,Zacatecas/Ruiz Intl,22.904,-102.68,METAR|TAF
MMZH,Ixtapa-Zihuatanejo Intl,17.605,-101.464,METAR|TAF
MMZO,Manzanillo/Oro Intl,19.147,-104.565,METAR|TAF
MMZP,Zapopan,20.749,-103.465,METAR
MNBL,Bluefields Arpt,11.995,-83.768,METAR|TAF
MNCH,Chinandega Arpt,12.638,-87.136,METAR|TAF
MNJG,Jinotega,13.141,-86.019,METAR|TAF
MNJU,Juigalpa,12.1,-85.367,METAR
MNMG,Managua Intl,12.141,-86.177,METAR|TAF
MNPC,Puerto Cabezas Arpt,14.045,-83.388,METAR|TAF
MNRS,Rivas,11.417,-85.833,METAR|TAF
MPBO,Bocas Del Toro Arpt,9.341,-82.245,METAR
MPCH,Changuinola Arpt,9.456,-82.517,METAR
MPDA,David/Malek Intl,8.391,-82.434,METAR|TAF
MPEJ,Colon/Jimenez Arpt,9.358,-79.869,METAR
MPFS,Ft Sherman Roco,9.33,-79.98,METAR
MPHO,Canal Zone/Howa,8.92,-79.6,METAR|TAF
MPLB,Albrook AFS / B,8.97,-79.55,METAR
MPMG,Panama/Gelabert Intl,8.967,-79.555,METAR|TAF
MPNU,Augusto Vergara,7.83,-80.28,METAR
MPOA,Puerto Obaldia Arpt,8.66,-77.42,METAR
MPPA,Panama Pacifico Arpt,8.909,-79.597,METAR|TAF
MPRH,Rio Hato/Martinez Arpt,8.376,-80.128,METAR
MPSA,Santiago,8.087,-80.945,METAR
MPSM,Scarlett Martinez Intl,8.386,-80.131,METAR|TAF
MPTO,Tocumen Intl,9.056,-79.391,METAR|TAF
MPVR,El Porvenir Arpt,9.558,-78.948,METAR
MRCH,Chacarita,9.98,-84.78,METAR
MRLB,Liberia/Oduber Intl,10.589,-85.552,METAR|TAF
MRLM,Limon Intl,9.961,-83.026,METAR|TAF
MRNC,Nicoya,10.15,-85.45,METAR
MROC,San José/Santamaria Arpt,9.991,-84.218,METAR|TAF
MRPM,Palmar Sur,8.948,-83.471,METAR
MRPV,San Jose/Bolanos Intl,9.957,-84.141,METAR|TAF
MSAC,Acajutla/Sonsonate,13.576,-89.833,METAR
MSLP,El Salvador Intl,13.438,-89.056,METAR|TAF
MSLU,La Union,13.332,-87.882,METAR
MSSA,Santa Ana/El Palmar,13.982,-89.549,METAR
MSSM,San Miguel/Papalon Arpt,13.45,-88.123,METAR
MSSS,Ilopango Arpt,13.704,-89.123,METAR|TAF
MTCH,Cap-Haitien Intl,19.734,-72.193,METAR|TAF
MTPP,Port Au Prince Intl,18.577,-72.305,METAR|TAF
MUBA,Baracoa,20.36,-74.504,METAR
MUBY,Bayamo,20.396,-76.621,METAR
MUCA,Ciego Avila/Gomez Arpt,22.026,-78.791,METAR|TAF
MUCC,Cayo Coco/Rey Arpt,22.456,-78.339,METAR|TAF
MUCF,Cienfuegos/Gonzales Arpt,22.159,-80.41,METAR|TAF
MUCL,Cayo Largo del Sur Arpt,21.621,-81.552,METAR|TAF
MUCM,Camaguey/Agramonte Intl,21.42,-77.85,METAR|TAF
MUCU,Santiago de Cuba Arpt,19.971,-75.837,METAR|TAF
MUGM,Guantanamo Bayi/Point Arpt,19.909,-75.206,METAR|TAF
MUGT,Guantanamo,20.079,-75.157,METAR
MUHA,Havana/Martí Intl,22.991,-82.41,METAR|TAF
MUHG,Holguin/Pais Intl,20.786,-76.316,METAR|TAF
MUMO,Moa,20.65,-74.929,METAR
MUMZ,Manzanillo/Maestra Intl,20.285,-77.095,METAR|TAF
MUNG,Nueva Gerona,21.838,-82.78,METAR|TAF
MUPB,Playa Baracoa Arpt,23.033,-82.579,METAR
MUPR,"Pinar Del Rio,",22.42,-83.68,METAR
MUSC,Santa Clara/Santamaria Intl,22.494,-79.931,METAR|TAF
MUVR,Varadero/Gomez Arpt,23.033,-81.435,METAR|TAF
MUVT,Las Tunas/Hermanos Arpt,20.985,-76.939,METAR
MWCB,Cayman Brac/Smith Arpt,19.688,-79.879,METAR|TAF
MWCR,Grand Cayman/Roberts Intl,19.294,-81.357,METAR|TAF
MYAF,Andros Town Intl,24.689,-77.796,METAR
MYBS,Alice Town,25.73,-79.3,METAR
MYCB,New Bight Arpt,24.315,-75.452,METAR
MYEG,George Town Arpt,23.5,-75.767,METAR
MYEM,Governors Harbor Arpt,25.285,-76.331,METAR
MYGF,Freeport Intl,26.555,-78.698,METAR|TAF
MYGW,"West End, Grand",26.7,-78.97,METAR
MYIG,Matthew Town,20.975,-73.674,METAR
MYNN,Nassau Intl,25.04,-77.467,METAR|TAF
MYSM,Cockburn Town Arpt,24.064,-74.529,METAR
MZBZ,Belize/Goldson Intl,17.538,-88.309,METAR|TAF
NCAI,Cook Isl/Aitutaki Arpt,-18.829,-159.766,METAR
NCAT,Cook Isl/Atui Enua,-19.968,-158.119,METAR
NCMG,Cook Isl/Mangaia Arpt,-21.896,-157.907,METAR
NCMH,Cook Isl/Manihiki Arpt,-10.374,-161.004,METAR
NCMK,Cook Isl/Mauke Arpt,-20.137,-157.344,METAR
NCMR,Cook Isl/Mitiaro Arpt,-19.842,-157.703,METAR
NCPK,Cook Isl/Pukapuka Arpt,-10.915,-165.839,METAR
NCPL,NCPL,0,0,METAR
NCPY,Cook Isl/Penrhyn Arpt,-9.01,-158.034,METAR
NCRG,Cook Isl/Rarotonga Arpt,-21.203,-159.806,METAR|TAF
NCRK,Cook Isl/Rakahanga,-10.032,-161.101,METAR
NFFN,Nadi Intl,-17.755,177.443,METAR|TAF
NFKD,Vunisea Kadavu,-19.058,178.157,METAR
NFLB,Fiji/Laucala Bay,-18.15,178.45,METAR
NFNA,Fiji/Nausori Intl,-18.043,178.559,METAR|TAF
NFNK,Lakemba Arpt,-18.2,-178.816,METAR
NFNL,Lambasa Arpt,-16.467,179.339,METAR|TAF
NFNM,Matei Taveuni Isl,-16.691,-179.877,METAR
NFNR,Rotuma Arpt,-12.483,177.071,METAR
NFNS,Sususavu Arpt,-16.803,179.341,METAR
NFTF,Tonga/Fua Amotu Intl,-21.241,-175.15,METAR|TAF
NFTL,Tonga/Lifuka Island/Ha'apai Arpt,-19.777,-174.34,METAR|TAF
NFTO,Niuafoou/Mataaho Arpt,-15.571,-175.633,METAR
NFTP,Niuatoputapu Arpt,-15.977,-173.791,METAR
NFTV,Vavau Isl/Lupepau Arpt,-18.585,-173.9628,METAR|TAF
NFVB,Vanuabalavu Arpt,-17.233,-178.95,METAR
NGBR,Beru,-1.355,176.007,METAR
NGFO,Nanumea,-5.674,176.116,METAR
NGFU,Funafuti Intl,-8.523,179.198,METAR|TAF
NGTA,Kiribati/Tarawa Intl,1.381,173.147,METAR|TAF
NGTR,Arorae,-2.654,176.832,METAR
NGTT,Tarawa/Getio Island,1.355,172.921,METAR
NGTU,Butaritari,3.085,172.806,METAR
NIUE,Niue/Hanan Intl,-19.079,-169.926,METAR|TAF
NLWF,Maopoopo Ile Fu,-14.308,-178.117,METAR|TAF
NLWW,Wallis Isl/Hihifo Arpt,-13.238,-176.199,METAR|TAF
NSAP,Apia/Upolu Isl,-13.815,-171.781,METAR|TAF
NSFA,Apia/Faleolo Intl,-13.829,-171.993,METAR|TAF
NSTU,Pago Pago/Tafuna Intl,-14.337,-170.721,METAR|TAF
NTAA,Tahiti Island/Faaa Intl,-17.554,-149.607,METAR|TAF
NTAT,Tubuai,-23.365,-149.524,METAR
NTTB,Bora-Bora,-16.445,-151.752,METAR|TAF
NTTG,Rangiroa/Tuamoto Isl,-14.95,-147.66,METAR
NTTO,Hao/Tuamoto,-18.075,-140.946,METAR
NTTX,Mururoa,-21.811,-138.801,METAR
NVSC,Sola/Vanua Lava Arpt,-13.852,167.537,METAR|TAF
NVSG,Longana Arpt,-15.305,167.969,METAR|TAF
NVSL,Malekula Isl/Lamap Arpt,-16.457,167.829,METAR|TAF
NVSP,Norsup Arpt,-16.08,167.401,METAR|TAF
NVSS,Santo/Pekoa Intl,-15.505,167.22,METAR|TAF
NVVA,Aneityum/Mystery Isl Arpt,-20.249,169.771,METAR|TAF
NVVV,Efate/Bauerfield Intl,-17.695,168.313,METAR|TAF
NVVW,Tanna Arpt,-19.455,169.224,METAR|TAF
NWWD,Koné Arpt,-21.054,164.837,TAF
NWWE,Moue Ile Des Pins,-22.59,167.451,METAR|TAF
NWWK,Koumac Nlle-Cal,-20.559,164.284,METAR|TAF
NWWL,Ouanaham Ile Lifou,-20.775,167.24,METAR|TAF
NWWM,Noumea/Magenta Arpt,-22.258,166.473,TAF
NWWN,Noumea Nlle-Cal,-22.276,166.453,METAR
NWWR,La Roche Ile Mare,-21.482,168.036,METAR|TAF
NWWU,Touho Arpt,-20.79,165.259,TAF
NWWV,Ouloup Ile Ouve,-20.641,166.573,METAR|TAF
NWWW,La Tontouta Arpt,-22.015,166.213,METAR|TAF
NZAA,Auckland Intl,-37.008,174.792,METAR|TAF
NZCH,Christchurch Intl,-43.489,172.528,METAR|TAF
NZCI,Chatham Island Arpt,-43.81,-176.457,METAR
NZCM,McMurdo/Williams Fld,-77.85,166.667,METAR
NZDN,Dunedin Arpt,-45.928,170.198,METAR
NZFX,McMurdo/Phoenix Fld,-77.956,166.767,METAR|TAF
NZGS,Gisborne Arpt,-38.659,177.985,METAR
NZHK,Hokitika Arpt,-42.714,170.985,METAR
NZKI,Kaikoura,-42.42,173.7,METAR
NZNP,New Plymouth Arpt,-39.009,174.179,METAR
NZNV,Invercargill Arpt,-46.414,168.316,METAR
NZOH,Ohakea Arpt,-40.196,175.381,METAR|TAF
NZPG,McMurdo/Pegasus Fld,-77.95,166.501,METAR|TAF
NZPP,Paraparaumu Arpt,-40.906,174.988,METAR
NZQN,Queenstown Arpt,-45.021,168.739,TAF
NZRN,Raoul Island,-29.244,-177.937,METAR
NZRO,Rotorua Arpt,-38.109,176.317,METAR
NZSP,Amundsen-South Pole,-89.98,180,METAR|TAF
NZTB,Terra Nova Bay,-74.7,164.15,METAR
NZTG,Tauranga Arpt,-37.671,176.196,METAR
NZWD,Williams Fld,-77.867,166.967,METAR|TAF
NZWN,Wellington Intl,-41.331,174.806,METAR|TAF
NZWP,Aukland/Whenuapai,-36.786,174.626,METAR
OAFR,Farah,32.366,62.166,METAR
OAFZ,Faizabad Arpt,37.12,70.518,METAR|TAF
OAHR,Herat Arpt,34.21,62.228,METAR|TAF
OAIX,Bagram,34.946,69.265,METAR|TAF
OAJL,Jalalabad Arpt,34.401,70.497,METAR|TAF
OAJS,Jabul-Saraj,35.13,69.25,METAR
OAKB,Kabul Intl,34.566,69.212,METAR|TAF
OAKN,Kandahar Intl,31.506,65.848,METAR|TAF
OAMS,Mazar/Sharif Arpt,36.707,67.21,METAR|TAF
OASD,Shindand,33.391,62.261,METAR
OASG,Shebirghan,36.667,65.717,METAR
OAUZ,Kunduz Arpt,36.665,68.911,METAR|TAF
OAZB,Zebak,36.5,71.25,METAR
OBBI,Bahrain Intl,26.271,50.634,METAR|TAF
OEAB,Abha Intl,18.24,42.657,METAR|TAF
OEAH,Al Ahsa Arpt,25.285,49.485,METAR|TAF
OEAO,Alula Intl,26.483,38.117,METAR|TAF
OEBA,Al Baha Arpt,20.296,41.634,METAR|TAF
OEBH,Bisha Arpt,19.984,42.621,METAR|TAF
OEDF,Dammam/King Fahd Intl,26.45,49.817,METAR|TAF
OEDM,Dawadmi Arpt,24.45,44.121,METAR|TAF
OEDR,Dhahran,26.265,50.152,METAR|TAF
OEDW,Dawadmi,24.5,44.4,METAR
OEGN,Jazan/King Abdulaziz Arpt,16.901,42.586,METAR|TAF
OEGS,Qassim Arpt,26.303,43.774,METAR|TAF
OEGT,Guriat Arpt,31.412,37.279,METAR|TAF
OEHL,Hail Arpt,27.438,41.686,METAR|TAF
OEJB,Al Jubail Arpt,27.039,49.405,METAR|TAF
OEJD,Jeddah,21.5,39.2,METAR|TAF
OEJN,Jeddah/King Abdulaziz Intl,21.685,39.166,METAR|TAF
OEKJ,Al Kharj/Sultan,24.07,47.58,METAR|TAF
OEKK,Hafar Al-Batin Arpt,27.901,45.528,METAR|TAF
OEKM,Khamis Mushait Arpt,18.301,42.798,METAR|TAF
OEMA,Madinah/Abdulaziz Intl,24.553,39.705,METAR|TAF
OEMH,Muwaih,22.433,41.75,METAR
OEMK,Makkah/Mecca Arpt,21.439,39.995,METAR
OENG,Nejran Arpt,17.611,44.419,METAR|TAF
OEPA,Al Qaisumah/Hafr Al-Batin Arpt,28.335,46.125,METAR|TAF
OEPS,Al-Kharj/Sultan Arpt,24.063,47.581,METAR|TAF
OERF,Rafha Arpt,29.626,43.491,METAR|TAF
OERK,Riyadh/King Khaled Intl,24.945,46.702,METAR|TAF
OERR,Arar Arpt,30.907,41.138,METAR|TAF
OERS,UNK,-99.99,-99.99,METAR|TAF
OERY,Riyadh,24.71,46.725,METAR|TAF
OESH,Sharurah Arpt,17.467,47.121,METAR|TAF
OESK,Al-Jouf Arpt,29.785,40.1,METAR|TAF
OETB,Tabuk Arpt,28.366,36.619,METAR|TAF
OETF,Taif Arpt,21.483,40.544,METAR|TAF
OETR,Turaif Arpt,31.693,38.731,METAR|TAF
OEWD,Wadi/Al Dawasir Arpt,20.504,45.197,METAR|TAF
OEWJ,Al Wejh Arpt,26.199,36.476,METAR|TAF
OEYN,Yenbo/Moshin Bin Arpt,24.144,38.063,METAR|TAF
OIAA,Abadan Intl,30.366,48.23,METAR|TAF
OIAD,Dezful Arpt,32.434,48.398,METAR
OIAG,Omidieh/Aghajan Arpt,30.74,49.684,METAR
OIAH,Gachsaran Arpt,30.336,50.83,METAR
OIAI,Masjed-Soleyman Arpt,32.001,49.27,METAR
OIAM,Bandar Mahshahr Arpt,30.556,49.152,METAR
OIAW,Ahwaz Arpt,31.343,48.751,METAR|TAF
OIBA,Abumusa Isl Arpt,25.876,55.033,METAR
OIBB,Bushehr Arpt,28.947,50.834,METAR|TAF
OIBH,Bastak Arpt,27.213,54.319,METAR
OIBJ,Jam/Tohid Arpt,27.82,52.352,METAR
OIBK,Kish Island Arpt,26.526,53.98,METAR|TAF
OIBL,Bandar Lengeh Arpt,26.532,54.825,METAR
OIBP,Persian Gulf Intl,27.38,52.738,METAR|TAF
OIBQ,Khark Isl Arpt,29.259,50.324,METAR
OIBS,Sirri Isl Arpt,25.903,54.548,METAR
OIBV,Lavan Isl Arpt,26.81,53.356,METAR
OICC,Kermanshah Intl,34.346,47.158,METAR|TAF
OICG,Ghasre-Shirin,34.517,45.583,METAR
OICI,Ilan Arpt,33.588,46.397,METAR|TAF
OICJ,Borujerd,33.893,48.755,METAR
OICK,Khorram Abad Arpt,33.435,48.283,METAR
OICS,Sanandaj Arpt,35.245,47.009,METAR
OIFK,Kashan Arpt,33.895,51.577,METAR
OIFM,Esfahan Intl,32.752,51.866,METAR|TAF
OIFS,Shahre Kord Arpt,32.297,50.842,METAR
OIGG,Rasht/Jangal Arpt,37.325,49.606,METAR|TAF
OIGK,Kermanshah Arpt,34.355,47.144,METAR
OIHH,Hamadan Arpt,34.869,48.553,METAR
OIHM,Malayer,34.28,48.82,METAR
OIHR,Arak Arpt,34.138,49.847,METAR
OIIE,Tehran/Khomeini Intl,35.416,51.152,METAR|TAF
OIII,Tehran/Mehrabad Intl,35.686,51.304,METAR|TAF
OIIK,Qazvin Arpt,36.243,50.045,METAR
OIIP,Karaj/Payam Arpt,35.776,50.827,METAR|TAF
OIIS,Semnan Arpt,35.388,53.669,METAR
OIKB,Bandarabbass Intl,27.218,56.378,METAR|TAF
OIKK,Kerman Arpt,30.251,56.964,METAR|TAF
OIKM,Bam Arpt,29.084,58.45,METAR
OIKO,Minab,27.1,57.083,METAR
OIKQ,Qeshm Island Intl,26.755,55.902,METAR
OIKR,Rafsanjan Arpt,30.298,56.051,METAR
OIMB,Birjand Intl,32.894,59.29,METAR|TAF
OIMC,Sarakhs Arpt,36.501,61.065,METAR
OIMD,Gonabad Arpt,34.38,58.638,METAR
OIMH,Torbat-Heydarieh,35.267,59.217,METAR
OIMJ,Shahroud Arpt,36.425,55.104,METAR
OIMM,Mashhad Intl,36.236,59.639,METAR|TAF
OIMN,Bojnord Arpt,37.488,57.303,METAR
OIMQ,Kashmar Arpt,35.263,58.515,METAR
OIMS,Sabzevar Arpt,36.171,57.6,METAR
OIMT,Tabas Arpt,33.659,56.898,METAR
OINB,Babolsar,36.71,52.65,METAR
OINE,Kalaleh Arpt,37.383,55.452,METAR
OING,Gorgan Arpt,36.908,54.404,METAR|TAF
OINK,Gonbad Ghabus Arpt,37.245,55.093,METAR
OINN,Noshahr Arpt,36.663,51.465,METAR
OINR,Ramsar Arpt,36.91,50.68,METAR
OINZ,Sari/Dasht E Naz Arpt,36.636,53.194,METAR|TAF
OISA,Abadeh Arpt,31.033,52.786,METAR
OISF,Fasa Arpt,28.895,53.72,METAR
OISL,Lar Intl,27.67,54.375,METAR|TAF
OISR,Lamerd Intl,27.364,53.203,METAR
OISS,Shiraz Intl,29.539,52.59,METAR|TAF
OISY,Yasouj Arpt,30.701,51.545,METAR|TAF
OITK,Khoy Arpt,38.425,44.975,METAR
OITL,Ardabil Intl,38.326,48.424,METAR|TAF
OITM,Maragheh/Sahand Arpt,37.348,46.146,METAR
OITP,Parsabad Moghan Arpt,39.604,47.882,METAR
OITR,Orumieh Arpt,37.665,45.066,METAR|TAF
OITS,Saghez,36.25,46.267,METAR
OITT,Tabriz Intl,38.13,46.24,METAR|TAF
OITU,Maku,39.33,44.43,METAR
OITZ,Zanjan Arpt,36.772,48.363,METAR|TAF
OIYY,Yazd/Sadooghi Intl,31.905,54.276,METAR|TAF
OIZB,Zabol Arpt,31.094,61.546,METAR
OIZC,Chah-Bahar Arpt,25.445,60.383,METAR|TAF
OIZH,Zahedan Intl,29.472,60.901,METAR|TAF
OIZI,Iran-Shahr Arpt,27.236,60.72,METAR
OIZJ,Jask Arpt,25.653,57.798,METAR
OJAI,Amman/Alia Intl,31.723,35.993,METAR|TAF
OJAM,Amman Arpt,31.973,35.992,METAR|TAF
OJAQ,Aqaba/Hussein Intl,29.612,35.018,METAR|TAF
OJBD,Irbid,32.55,35.85,METAR
OJHF,H-Safawi/Hassan,32.161,37.149,METAR
OJHR,Ruwaished,32.5,38.2,METAR
OJMF,Mafraq,32.356,36.259,METAR
OJMN,Malan,30.196,35.729,METAR
OKAS,Al Jahra Ali Arpt,29.347,47.521,METAR|TAF
OKBK,Kuwait Intl,29.227,47.969,METAR|TAF
OKKK,Kuwait Intl,29.227,47.969,METAR|TAF
OLBA,Beirut Intl,33.82,35.491,METAR|TAF
OMAA,Abu Dhabi Intl,24.433,54.651,METAR|TAF
OMAB,Buhasa,23.599,53.379,METAR
OMAD,Abu Dhabi/Bateen Arpt,24.428,54.458,METAR|TAF
OMAH,Al Hamra Arpt,24.074,52.464,METAR
OMAJ,Jebel Dhana Arpt,24.187,52.614,METAR
OMAL,Al Ain Intl,24.262,55.609,METAR|TAF
OMAM,Abu Dhabi/Al Dhafra,24.248,54.548,METAR
OMDB,Dubai Intl,25.254,55.366,METAR|TAF
OMDL,Delma Isl Arpt,24.503,52.335,METAR
OMDM,Dubai Al Minhad,25.027,55.366,METAR
OMDW,Dubai/Al Maktoum Intl,24.897,55.161,METAR|TAF
OMFJ,Fujairah Intl,25.112,56.324,METAR|TAF
OMRK,Ras Al Khaimah Intl,25.613,55.939,METAR|TAF
OMSJ,Sharjah Intl,25.329,55.517,METAR|TAF
OMSN,Sir Abu Nair,25.217,54.234,METAR
OOAD,Adam Airbase,22.5,57.37,METAR
OOBR,Buraimi,24.242,55.784,METAR|TAF
OODQ,Duqm Intl,19.511,57.657,METAR|TAF
OOFD,Fahud,22.348,56.49,METAR
OOKB,Khassab Arpt,26.168,56.239,METAR|TAF
OOMA,Masirah ),20.672,58.889,METAR
OOMS,Muscat/Seeb Intl,23.595,58.298,METAR|TAF
OOSA,Salalah Arpt,17.044,54.102,METAR|TAF
OOSH,Suhar Intl,24.388,56.624,METAR|TAF
OOSQ,Saiq Arpt,23.074,57.646,METAR|TAF
OOSR,Sur,22.538,59.479,METAR|TAF
OOTH,Thumrait,17.681,54.024,METAR|TAF
OPBW,Bahawalpur Arpt,29.347,71.712,TAF
OPDG,Dera Ghazi Khan Intl,29.961,70.486,TAF
OPDI,Dera Ismail Khan Arpt,31.909,70.897,METAR
OPFA,Faisalabad Intl,31.365,72.995,METAR|TAF
OPGD,Gwadar Intl,25.233,62.33,METAR|TAF
OPIS,Islamabad/Gandhara Intl,33.551,72.827,METAR|TAF
OPJA,Jacobabad Arpt,28.282,68.453,METAR
OPJI,Jiwani,25.068,61.805,METAR
OPKC,Karachi/Jinnah Intl,24.902,67.139,METAR|TAF
OPKD,Hyderabad Arpt,25.318,68.366,METAR
OPLA,Lahore/Iqbal Intl,31.522,74.404,METAR|TAF
OPLH,Lahore City,31.55,74.333,METAR
OPMI,Mianwali,32.562,71.562,METAR
OPMT,Multan Intl,30.203,71.419,METAR|TAF
OPNH,Nawabshah Arpt,26.219,68.386,METAR|TAF
OPPG,Panjgur,26.954,64.132,METAR
OPPS,Peshawar/Khan Intl,33.996,71.515,METAR|TAF
OPQT,Quetta Airport,30.251,66.938,METAR
OPRK,Rahim Yar Khan/Zayed Arpt,28.384,70.279,TAF
OPRN,Islamabad/Nur Khan Arpt,33.617,73.099,METAR|TAF
OPRS,Risalpur,34.081,71.973,METAR
OPSB,Sibi,29.55,67.883,METAR
OPSK,Sukkur Arpt,27.722,68.792,METAR|TAF
OPSR,Sargodha,32.049,72.665,METAR
OPST,Sailkot Arpt,32.536,74.364,METAR|TAF
ORAA,Al Asad Arpt,33.786,42.441,METAR
ORAQ,Al Qaim,34.383,41.017,METAR
ORBB,Baghdad,33.233,44.233,METAR
ORBD,Balad,33.94,44.362,METAR|TAF
ORBI,Baghdad Intl,33.263,44.235,METAR|TAF
ORBM,Mosul Arpt,36.306,43.147,METAR|TAF
ORBS,Saddam,33.263,44.235,METAR|TAF
ORER,Erbil Intl,36.232,43.951,METAR|TAF
ORKK,Kirkuk Arpt,35.469,44.3494,METAR|TAF
ORMM,Basrah Intl,30.549,47.662,METAR|TAF
ORMS,Shaibah/Basra,30.419,47.647,METAR
ORNI,Al Najaf Intl,31.99,44.405,METAR|TAF
ORQW,Qayyarah Arpt,35.767,43.125,METAR
ORSH,Tikrit/Al Sahra,34.67,43.539,METAR
ORSU,Sulaymaniyah Intl,35.56,45.318,METAR|TAF
ORTL,Tallil/Ali,30.936,46.09,METAR
OSAP,Aleppo Intl,36.183,37.218,METAR|TAF
OSDI,Damascus Intl,33.411,36.516,METAR|TAF
OSDZ,Dayr az Zawr Arpt,35.285,40.185,METAR
OSKL,Kamishly Arpt,37.029,41.199,METAR|TAF
OSLK,Latakia/Assad Intl,35.402,35.949,METAR|TAF
OSPR,Palmyra,34.557,38.309,METAR
OTBD,Doha Intl,25.261,51.565,METAR|TAF
OTBH,Doha/Al Udeid AB,25.117,51.315,METAR|TAF
OTHH,Doha/Hamad Intl,25.273,51.609,METAR|TAF
OYAA,Aden Intl,12.829,45.029,METAR|TAF
OYAG,Al-Ghaidah Arpt,16.195,52.173,METAR
OYAR,Riyan Arpt,14.663,49.376,METAR
OYAS,Abs Arpt,16.011,43.174,METAR
OYAT,Ataq Arpt,14.546,46.828,METAR
OYDM,Dhamar,14.554,44.411,METAR
OYGD,Al Ghaidah Intl,16.192,52.175,METAR
OYHD,Hodeida Intl,14.753,42.976,METAR|TAF
OYHJ,Hajjah,15.694,43.606,METAR
OYIB,Ibb,13.97,44.333,METAR
OYMB,Marib Arpt,15.47,45.327,METAR
OYMC,Dhubab,12.95,43.42,METAR
OYMK,Mokha,13.317,43.248,METAR
OYRN,Mukalla/Ryan Arpt,14.663,49.375,METAR|TAF
OYSH,Sadah Arpt,16.968,43.73,METAR
OYSN,Sana'A/El Rahaba Intl,15.481,44.22,METAR|TAF
OYSQ,Socotra Arpt,12.631,53.906,METAR
OYSY,Sayun Arpt,15.966,48.788,METAR|TAF
OYTZ,Taiz Arpt,13.686,44.139,METAR|TAF
OYZM,Al-Hazm,16.205,44.79,METAR
PAAD,Point Thomson Arpt,70.136,-146.29,METAR
PAAK,Atka Arpt,52.219,-174.208,METAR
PAAP,Port Alexander,56.247,-134.648,METAR
PAAQ,Palmer Muni,61.59505,-149.09172,METAR|TAF
PABA,Barter Island Arpt,70.135,-143.585,METAR
PABE,Bethel Arpt,60.78505,-161.82928,METAR|TAF
PABI,Ft Greely/Allen Fld,63.99312,-145.72136,METAR|TAF
PABL,Buckland Arpt,65.979,-161.146,METAR
PABN,Nabesna/Devils Mtn Lodge,62.398,-142.995,METAR
PABR,Utqiaġvik,71.28369,-156.78427,METAR|TAF
PABT,Bettles Arpt,66.91757,-151.51888,METAR|TAF
PABV,Birchwood Arpt,61.416,-149.511,METAR
PACD,Cold Bay Arpt,55.22069,-162.73231,METAR|TAF
PACM,Scammon Bay Arpt,61.846,-165.579,METAR
PACR,Circle City Arpt,65.828,-144.076,METAR
PACV,Cordova/Smith Arpt,60.48601,-145.44455,METAR|TAF
PACX,Coldfoot Arpt,67.252,-150.204,METAR
PACZ,Cape Romanzof Arpt,61.776,-166.043,METAR|TAF
PADE,Deering Arpt,66.06955,-162.76128,METAR
PADG,Red Dog Arpt,68.028,-162.911,METAR
PADK,Adak,51.881,-176.644,METAR|TAF
PADL,Dillingham Arpt,59.04,-158.507,METAR|TAF
PADM,Marshall/Hunter Arpt,61.865,-162.033,METAR
PADQ,Kodiak Arpt,57.75072,-152.48809,METAR|TAF
PADT,Slana Arpt,62.725,-143.921,METAR
PADU,Dutch Harbor/Unalaska Arpt,53.896,-166.543,METAR|TAF
PAED,Anchorage/Elmendorf AFB,61.25,-149.837,METAR|TAF
PAEG,Eagle Arpt,64.77614,-141.16351,METAR
PAEH,Cape Newenham Arpt,58.652,-162.062,METAR|TAF
PAEI,Fairbanks/Eielson AFB,64.654,-147.094,METAR|TAF
PAEL,Elfin Cove,58.196,-136.347,METAR
PAEM,Emmonak Arpt,62.785,-164.488,METAR
PAEN,Kenai Muni,60.579,-151.242,METAR|TAF
PAER,Merrill Pass West,61.25,-153.82,METAR
PAFA,Fairbanks Intl,64.8031,-147.87606,METAR|TAF
PAFB,Fairbanks/Ladd AAF,64.836,-147.614,METAR|TAF
PAFE,Kake Arpt,56.961,-133.91,METAR
PAFK,Farewell Lake,62.543,-153.617,METAR
PAFM,Ambler Arpt,67.106,-157.858,METAR
PAFN,Funter Bay,58.25,-134.88,METAR
PAFR,Ft Richardson/Bryant AAF,61.263,-149.66,METAR
PAFS,Nikolai Arpt,63.015,-154.367,METAR
PAGA,Galena Arpt,64.738,-156.92,METAR|TAF
PAGB,Galbraith Lake Arpt,68.48,-149.494,METAR
PAGH,Shungnak Arpt,66.886,-157.159,METAR
PAGK,Gulkana Arpt,62.15916,-145.4588,METAR|TAF
PAGL,Golovin Arpt,64.548,-163.013,METAR
PAGM,Gambell Arpt,63.777,-171.735,METAR
PAGN,Angoon,57.502,-134.589,METAR
PAGS,Gustavus Arpt,58.425,-135.707,METAR|TAF
PAGY,Skagway Arpt,59.457,-135.322,METAR|TAF
PAHC,Holy Cross Arpt,62.191,-159.773,METAR
PAHL,Huslia Arpt,65.699,-156.353,METAR
PAHN,Haines Arpt,59.243,-135.511,METAR|TAF
PAHO,Homer Arpt,59.642,-151.491,METAR|TAF
PAHP,Hooper Bay Arpt,61.519,-166.138,METAR
PAHV,Healy River Arpt,63.866,-148.97,METAR
PAHX,Shageluk Arpt,62.688,-159.566,METAR
PAHY,Hydaburg,55.202,-132.825,METAR
PAHZ,Hayes River,61.98,-152.08,METAR
PAIG,Igiugig Arpt,59.325,-155.897,METAR
PAII,Egegik Arpt,58.186,-157.375,METAR
PAIK,Kiana/Baker Mem Arpt,66.975,-160.439,METAR
PAIL,Iliamna Arpt,59.74922,-154.90905,METAR|TAF
PAIM,Indian Mtn Arpt,65.994,-153.695,METAR|TAF
PAIN,McKinley Park Arpt,63.733,-148.912,METAR
PAIW,Wales Arpt,65.621,-168.093,METAR
PAIZ,Lazy Mtn/Wolver,61.63,-149.03,METAR
PAJC,Chignik Arpt,56.312,-158.374,METAR
PAJN,Juneau Intl,58.354,-134.55607,METAR|TAF
PAJV,Sutton,61.72,-148.88,METAR
PAJZ,Koliganek Arpt,59.727,-157.267,METAR
PAKF,False Pass Arpt,54.85,-163.409,METAR
PAKH,Akhiok Arpt,56.94,-154.181,METAR
PAKI,Kipnuk Arpt,59.935,-164.033,METAR
PAKK,Koyuk Arpt,64.939,-161.156,METAR
PAKN,King Salmon Arpt,58.683,-156.656,METAR|TAF
PAKP,Anaktuvuk Pass Arpt,68.136,-151.74,METAR
PAKT,Ketchikan Intl,55.35917,-131.7219,METAR|TAF
PAKU,Kuparuk Arpt,70.331,-149.613,METAR
PAKV,Kaltag Arpt,64.321,-158.732,METAR
PAKW,Klawock Arpt,55.582,-133.075,METAR|TAF
PAKX,Wilder/Natwick Arpt,60.198,-154.323,METAR
PALG,Kalskag Arpt,61.538,-160.34,METAR
PALH,Lake Hood,61.179,-149.962,METAR
PALJ,Port Alsworth Arpt,60.204,-154.316,METAR
PALK,Snowshoe Lake Arpt,62.033,-146.675,METAR
PALP,Deadhorse/Alpine Arstrp,70.348,-150.928,METAR
PALR,Chandalar Lake Arpt,67.504,-148.483,METAR
PALU,Cape Lisburne Arpt,68.873,-166.101,METAR|TAF
PALV,Big River Lake,60.82,-152.301,METAR
PAMB,Manokotak Arpt,58.986,-159.05,METAR
PAMC,McGrath Arpt,62.957,-155.61,METAR|TAF
PAMD,Middleton Isl Arpt,59.442,-146.317,METAR
PAMH,Minchumina Arpt,63.889,-152.292,METAR
PAMK,St Michael Arpt,63.484,-162.115,METAR
PAML,Manley Hot Springs Arpt,64.992,-150.637,METAR
PAMM,Metlakatla,55.131,-131.578,METAR
PAMO,Mountain Village Arpt,62.095,-163.686,METAR
PAMR,Anchorage/Merrill Fld,61.215,-149.85,METAR
PAMX,McCarthy Arpt,61.441,-142.895,METAR
PAMY,Mekoryuk Arpt,60.376,-166.262,METAR
PANA,Napakiak Arpt,60.694,-161.978,METAR
PANC,Anchorage Intl,61.16914,-150.02774,METAR|TAF
PANI,Aniak Arpt,61.578,-159.539,METAR
PANN,Nenana Muni,64.547,-149.087,METAR
PANT,Annette Island Arpt,55.038,-131.577,METAR
PANU,Nulato Arpt,64.7304,-158.0752,METAR
PANV,Anvik Arpt,62.647,-160.191,METAR
PANW,New Stuyahok Arpt,59.451,-157.325,METAR
PAOH,Hoonah,58.108,-135.448,METAR
PAOM,Nome Arpt,64.51113,-165.44006,METAR|TAF
PAOO,Tooksok Bay Arpt,60.537,-165.089,METAR
PAOR,Northway Arpt,62.962,-141.938,METAR|TAF
PAOT,Kotzebue/Wien Mem,66.886,-162.607,METAR|TAF
PAOU,Nelson Lagoon Arpt,56.006,-161.162,METAR
PAPB,St George Arpt,56.576,-169.663,METAR
PAPC,Port Clarence,65.262,-166.851,METAR
PAPE,Perryville Arpt,55.9096,-159.1595,METAR
PAPG,Petersburg Arpt,56.805,-132.935,METAR|TAF
PAPH,Port Heiden Arpt,56.959,-158.631,METAR
PAPM,Platinum Arpt,59.011,-161.82,METAR
PAPN,Pilot Point Arpt,57.578,-157.569,METAR
PAPO,Point Hope Arpt,68.345,-166.807,METAR
PAPR,Prospect Creek Arpt,66.814,-150.647,METAR
PAPT,Puntilla Lake Arpt,62.087,-152.722,METAR
PAQH,Quinhagak Arpt,59.751,-161.842,METAR
PAQT,Nuiqsut Arpt,70.213,-150.994,METAR|TAF
PARC,Arctic Village Arpt,68.113,-145.576,METAR
PARL,Central Arpt,65.57,-144.77,METAR
PARS,Russian Mission Arpt,61.78,-161.321,METAR
PARY,Ruby Arpt,64.731,-155.463,METAR
PASA,Savoonga Arpt,63.689,-170.49,METAR
PASC,Deadhorse Arpt,70.191,-148.48,METAR|TAF
PASD,Sand Point Arpt,55.318,-160.525,METAR|TAF
PASH,Shishmaref Arpt,66.252,-166.084,METAR
PASI,Sitka/Gutierrez Arpt,57.047,-135.364,METAR|TAF
PASK,Selawik Arpt,66.599,-159.991,METAR
PASL,Sleetmute Arpt,61.697,-157.167,METAR
PASM,St Marys Arpt,62.057,-163.298,METAR
PASN,St Paul Island Arpt,57.155,-170.223,METAR|TAF
PASO,Seldovia Arpt,59.443,-151.702,METAR
PASP,Sheep Mtn Arpt,61.812,-147.506,METAR
PASV,Sparrevohn Arpt,61.101,-155.577,METAR|TAF
PASW,Skwentna Arpt,61.965,-151.187,METAR
PASX,Soldotna Arpt,60.476,-151.053,METAR
PASY,Shemya/Eareckson Arpt,52.711,174.107,METAR|TAF
PATA,Tanana/Calhoun Mem,65.173,-152.107,METAR|TAF
PATC,Tin City Arpt,65.562,-167.924,METAR|TAF
PATE,Teller Arpt,65.242,-166.328,METAR
PATG,Togiak Arpt,59.051,-160.398,METAR
PATK,Talkeetna Arpt,62.319,-150.097,METAR|TAF
PATL,Tatalina Arpt,62.893,-155.977,METAR|TAF
PATO,Portage Glacier,60.783,-148.843,METAR
PATQ,Atqasuk/Burnell Mem,70.469,-157.428,METAR
PATW,Cantwell Arpt,63.392,-148.956,METAR
PAUD,Prudhoe Bay,70.25,-148.33,METAR
PAUM,Umiat Arpt,69.371,-152.139,METAR
PAUN,Unalakleet Arpt,63.885,-160.794,METAR|TAF
PAUO,Willow Arpt,61.754,-150.052,METAR
PAUT,Akutan Arpt,54.145,-165.604,METAR
PAVA,Chevak Arpt,61.537,-165.604,METAR
PAVC,King Cove Arpt,55.115,-162.271,METAR
PAVD,Valdez Arpt,61.133,-146.251,METAR|TAF
PAVL,Kivalina Arpt,67.731,-164.548,METAR
PAVW,Valdez,61.13,-146.35,METAR
PAWD,Seward Arpt,60.129,-149.418,METAR
PAWG,Wrangell Arpt,56.486,-132.377,METAR|TAF
PAWI,Wainwright Arpt,70.637,-160.013,METAR
PAWM,White Mouintain Arpt,64.688,-163.41,METAR
PAWN,Noatak Arpt,67.567,-162.977,METAR
PAWR,Whittier,60.773,-148.685,METAR
PAWS,Wasilla Arpt,61.571,-149.538,METAR
PAXK,Paxson,63.026,-145.498,METAR
PAYA,Yakutat Arpt,59.512,-139.671,METAR|TAF
PAZK,Eureka,61.938,-147.169,METAR
PFCB,Chenega Bay Arpt,60.07855,-147.99474,METAR
PFCL,Clarks Point Arpt,58.837,-158.526,METAR
PFEL,Elim Arpt,64.616,-162.272,METAR
PFKO,Kotlik Arpt,63.0334,-163.5323,METAR
PFKT,Brevig Mission Arpt,65.33,-166.479,METAR
PFKW,Kwethluk Arpt,60.793,-161.44,METAR
PFNO,Noorvik/Curtis Mem,66.819,-161.024,METAR
PFNU,Oooguruk Isl,70.495,-150.254,METAR
PFSH,Shaktoolik Arpt,64.367,-161.217,METAR
PFTO,Tok Junction Arpt,63.329,-142.954,METAR
PFWS,South Naknek Arpt,58.704,-157.005,METAR
PFYU,Fort Yukon Arpt,66.572,-145.243,METAR
PFZK,Akiachak Arpt,60.9156,-161.4884,METAR
PGNT,Sabanettan / Ti,15,145.6,METAR
PGRO,Rota Intl,14.172,145.24,METAR|TAF
PGSN,Saipan/Ada Intl,15.116,145.72,METAR|TAF
PGUA,Guam/Andersen AFB,13.583,144.918,METAR|TAF
PGUM,Guam/Pat Intl,13.47964,144.7958,METAR|TAF
PGWT,Tinian/San Jose Arpt,14.997,145.624,METAR|TAF
PHBK,Kekaha/Barking Sands Arpt,22.034,-159.783,METAR
PHHI,Wheeler,21.478,-158.044,METAR|TAF
PHHN,Hana Arpt,20.794,-156.015,METAR
PHIK,Hickam AFB,21.32,-157.92,METAR|TAF
PHJH,Lahaina/West Maui Arpt,20.963,-156.675,METAR|TAF
PHJR,Kalaeloa Arpt,21.312,-158.07,METAR|TAF
PHKO,Keahole Point/Kona Intl,19.73782,-156.04796,METAR|TAF
PHLI,Lihue Arpt,21.98047,-159.33864,METAR|TAF
PHMK,Molokai Arpt,21.15447,-157.09613,METAR|TAF
PHNG,Kaneohe Bay,21.45,-157.763,METAR|TAF
PHNL,Honolulu Intl,21.31505,-157.924,METAR|TAF
PHNY,Lanai Arpt,20.783,-156.955,METAR|TAF
PHOG,Kahului Arpt,20.8887,-156.43453,METAR|TAF
PHSF,Bradshaw,19.758,-155.557,METAR|TAF
PHTO,Hilo Intl,19.71909,-155.04897,METAR|TAF
PKMJ,Marshall Isl Intl,7.065,171.269,METAR|TAF
PKMR,Majuro Atoll,7.09,171.383,METAR
PKWA,Kwajalein/Bucholz AA,8.72,167.724,METAR|TAF
PLCH,Christmas Isl/Cassidy Intl,1.988,-157.349,METAR|TAF
PLFA,Fanning Island,3.854,-159.361,METAR
PMDY,Midway Island Arpt,28.206,-177.382,METAR|TAF
POKA,Tununak,60.5695,-165.2463,METAR
POLI,Oliktok Distant,70.5,-149.88,METAR
PPIT,Nunapitchuk Arpt,60.905,-162.443,METAR
PPIZ,Point Lay Arpt,69.735,-163.003,METAR
PPNU,Nuiqsut Arpt,70.213,-150.994,METAR
PTKK,Meno Isl/Chuuk Intl,7.462,151.843,METAR|TAF
PTKR,Palau/Koror Island,7.34,134.49,METAR
PTPN,Pohnpeo Intl,6.986,158.21,METAR|TAF
PTRO,Palau/Tmetochl Intl,7.367,134.544,METAR|TAF
PTSA,Kosrae Intl,5.352,162.956,METAR|TAF
PTTP,Pohnpei,6.96,158.21,METAR
PTYA,Yap Island Intl,9.487,138.077,METAR|TAF
PWAK,Wake Island Arpt,19.287,166.623,METAR|TAF
RCAY,Kangshan,22.782,120.263,METAR
RCBS,Chinmem/Shatou,24.428,118.359,METAR|TAF
RCDC,Pingtung South,22.672,120.462,METAR
RCFG,Mazu,26.157,119.957,METAR|TAF
RCFN,Feng Nin Arpt,22.755,121.102,METAR|TAF
RCFS,Chia Tung,22.417,120.55,METAR
RCGM,Taoyuan,25.056,121.243,METAR
RCKH,Kaohsiung Intl,22.577,120.35,METAR|TAF
RCKU,Chiayi,23.462,120.393,METAR
RCKW,Hengchun Arpt,22.033,120.731,METAR|TAF
RCLG,Taichung,24.186,120.654,METAR
RCLM,Dongsha,20.707,116.718,METAR
RCLY,Lan Yu Arpt,22.029,121.534,METAR|TAF
RCMJ,Donggang,22.466,120.438,METAR
RCMQ,Cingcyuangang Arpt,24.265,120.621,METAR|TAF
RCMS,Ilan,24.75,121.767,METAR
RCNN,Tainan,22.95,120.206,METAR|TAF
RCNO,Dongshi,23.258,119.667,METAR
RCPO,Hsinchu,24.818,120.939,METAR
RCQC,Makung,23.569,119.628,METAR|TAF
RCQS,Chihhang,22.793,121.182,METAR
RCSQ,Pingtung North,22.7,120.482,METAR
RCSS,Taipei/Songshan Arpt,25.069,121.552,METAR|TAF
RCTP,Taipei/Taoyuan Arpt,25.078,121.233,METAR|TAF
RCUK,Pa Kuei/Bakuai,24.933,121.3,METAR
RCYU,Hulien,24.023,121.618,METAR
RJAA,Narita Intl,35.765,140.386,METAR|TAF
RJAF,Matsumoto Arpt,36.167,137.923,METAR
RJAH,Ibaraki Arpt,36.182,140.415,METAR|TAF
RJAI,Ichigaya/Ministry of Defense,35.692,139.729,METAR
RJAK,Kasumigaura,36.035,140.193,METAR
RJAM,Minamitorishima,24.29,153.979,METAR
RJAO,Chichijima Isl,27.09,142.191,METAR
RJAT,Fuji,35.317,138.873,METAR
RJAW,Iwo Jima/Iwoto Arpt,24.784,141.322,METAR
RJBB,Osaka/Kansai Intl,34.434,135.233,METAR|TAF
RJBD,Nanki-Shirahama Arpt,33.662,135.364,METAR
RJBE,Kobe Arpt,34.633,135.224,METAR
RJBH,Hiroshimanishi,34.367,132.414,METAR
RJBT,Tajima Arpt,35.513,134.787,METAR
RJCA,Asahikawa,43.794,142.365,METAR
RJCB,Obihiro Arpt,42.733,143.217,METAR|TAF
RJCC,Sapporo/Chitose Arpt,42.774,141.693,METAR|TAF
RJCH,Hakodate Arpt,41.77,140.822,METAR|TAF
RJCJ,Chitose,42.798,141.661,METAR
RJCK,Kushiro Arpt,43.041,144.193,METAR|TAF
RJCM,Memambetsu Arpt,43.881,144.164,METAR|TAF
RJCN,Nakashibetsu Arpt,43.578,144.96,METAR
RJCO,Sapporo,43.117,141.381,METAR
RJCR,Rebun Island,45.455,141.039,METAR
RJCS,Kushiro,42.986,144.378,METAR
RJCT,Tokachi),42.891,143.159,METAR
RJCW,Wakkanai Arpt,45.404,141.802,METAR
RJCY,Muroran,42.312,140.975,METAR
RJDB,Iki Airport,33.749,129.785,METAR
RJDC,Yamaguchi/Ube Arpt,33.93,131.279,METAR
RJDK,Kamigoto Arpt,33.012,129.192,METAR
RJDM,Metabaru,33.327,130.414,METAR
RJDO,Ojika Island,33.19,129.089,METAR
RJDT,Tsushima Arpt,34.288,129.325,METAR
RJEB,Monbetsu Arpt,44.304,143.404,METAR
RJEC,Asahikawa Arpt,43.671,142.447,METAR|TAF
RJEO,Okushiri Island,42.072,139.434,METAR
RJER,Rishiri Island,45.242,141.186,METAR
RJFA,Ashiya,33.883,130.653,METAR
RJFC,Yakushima Arpt,30.3846,130.6601,METAR
RJFE,Fukue Arpt,32.666,128.833,METAR
RJFF,Fukuoka Arpt,33.584,130.452,METAR|TAF
RJFG,Tanegashima Arpt,30.605,130.992,METAR
RJFK,Kagoshima Arpt,31.803,130.719,METAR|TAF
RJFM,Miyazaki Arpt,31.877,131.449,METAR|TAF
RJFN,Nyutabaru,32.085,131.462,METAR
RJFO,Oita Arpt,33.479,131.737,METAR|TAF
RJFR,Kitakyushu Arpt,33.846,131.035,METAR|TAF
RJFS,Saga Arpt,33.15,130.302,METAR|TAF
RJFT,Kumamoto Arpt,32.837,130.855,METAR|TAF
RJFU,Nagasaki Arpt,32.917,129.914,METAR|TAF
RJFW,Sasebo,33.16,129.728,METAR
RJFY,Kanoya,31.368,130.838,METAR
RJFZ,Tsuiki,33.685,131.04,METAR
RJGG,Nagoya/Chubu Intl,34.858,136.805,METAR|TAF
RJKA,Amami Arpt,28.431,129.713,METAR
RJKB,Okinoerabu Arpt,27.4322,128.7058,METAR
RJKI,Kikai Island Arpt,28.321,129.928,METAR
RJKN,Tokunoshima Isl,27.833,128.883,METAR
RJNF,Fukui Arpt,36.141,136.223,METAR
RJNG,Gifu,35.394,136.869,METAR
RJNH,Hamamatsu,34.75,137.703,METAR
RJNK,Komatsu Arpt,36.394,136.407,METAR|TAF
RJNN,Nagoya,35.25,136.933,METAR|TAF
RJNO,Oki Arpt,36.181,133.325,METAR
RJNS,Shizouka Arpt,34.796,138.189,METAR|TAF
RJNT,Toyama Arpt,36.641,137.187,METAR|TAF
RJNW,Noto Arpt,37.293,136.962,METAR
RJNY,Shizuhama,34.814,138.294,METAR
RJOA,Hiroshima Arpt,34.436,132.919,METAR|TAF
RJOB,Okayama Arpt,34.757,133.855,METAR|TAF
RJOC,Izumo Arpt,35.414,132.89,METAR|TAF
RJOE,Akeno,34.533,136.672,METAR
RJOF,Hofu,34.034,131.546,METAR
RJOH,Miho/Yonago Arpt,35.493,133.239,METAR|TAF
RJOI,Iwakuni Arpt,34.144,132.236,METAR|TAF
RJOK,Kochi Arpt,33.546,133.669,METAR|TAF
RJOM,Matsuyama Arpt,33.83,132.698,METAR|TAF
RJOO,Osaka Intl,34.784,135.439,METAR|TAF
RJOP,Komatsujima,34.005,134.626,METAR
RJOR,Tottori Arpt,35.53,134.165,METAR
RJOS,Tokushima,34.132,134.609,METAR
RJOT,Takamatsu Arpt,34.214,134.016,METAR|TAF
RJOW,Iwami Arpt,34.676,131.79,METAR
RJOY,Yao Arpt,34.597,135.601,METAR
RJOZ,Ozuki,34.047,131.052,METAR
RJSA,Aomori Arpt,40.733,140.689,METAR|TAF
RJSC,Yamagata Arpt,38.412,140.371,METAR
RJSD,Sado Island Arpt,38.06,138.414,METAR
RJSF,Tamakawa/Fukushima Arpt,37.227,140.428,METAR|TAF
RJSH,Hachinohe,40.552,141.467,METAR
RJSI,Hanamaki Arpt,39.429,141.135,METAR|TAF
RJSK,Akita Arpt,39.616,140.219,METAR|TAF
RJSM,Misawa,40.705,141.372,METAR|TAF
RJSN,Niigata Arpt,37.956,139.121,METAR|TAF
RJSO,Ominato,41.233,141.132,METAR
RJSR,Odate Noshiro Arpt,40.192,140.372,METAR
RJSS,Sendai Arpt,38.14,140.917,METAR|TAF
RJST,Matsushima,38.403,141.212,METAR
RJSU,Kasuminome,38.236,140.925,METAR
RJSY,Shonai Arpt,38.812,139.787,METAR
RJTA,Atsugi,35.455,139.45,METAR
RJTC,Tachikawa,35.711,139.403,METAR
RJTD,Tokyo,35.692,139.751,METAR
RJTE,Tateyama,34.989,139.831,METAR
RJTF,Chofu Arpt,35.672,139.528,METAR
RJTH,Hachijojima Isl Arpt,33.115,139.786,METAR
RJTI,Tokyo Heliport,35.637,139.839,METAR
RJTJ,Iruma,35.842,139.411,METAR
RJTK,Kisarazu ),35.398,139.91,METAR
RJTL,Shimofusa,35.799,140.012,METAR
RJTO,Oshima Arpt,34.782,139.36,METAR
RJTQ,Miyakejima Airp,34.073,139.559,METAR
RJTR,Kastner/Zama Fld,35.514,139.395,METAR
RJTT,Tokyo/Haneda Intl,35.553,139.781,METAR|TAF
RJTU,Utsunomiya,36.514,139.871,METAR
RJTX,Yokosuka,35.295,139.6798,METAR|TAF
RJTY,Yokota,35.749,139.349,METAR|TAF
RKJB,Muan Intl,34.991,126.383,METAR|TAF
RKJJ,Kwangju Arpt,35.126,126.809,METAR|TAF
RKJK,Kunsan,35.9,126.618,METAR|TAF
RKJY,Yosu Airport,34.842,127.617,METAR|TAF
RKNC,Chunchon,37.884,127.718,METAR|TAF
RKNF,Whang Ryeong,37.75,128.667,METAR
RKNH,Hoengsong,37.431,127.956,METAR
RKNN,Kangnung,37.754,128.944,METAR|TAF
RKNO,Keo Jin,38.45,128.45,METAR
RKNR,Kotar Range,37.1,128.9,METAR
RKNW,Wonju,37.337,127.947,METAR|TAF
RKNY,Yangyang Intl,38.061,128.669,METAR|TAF
RKPC,Jeju Intl,33.511,126.493,METAR|TAF
RKPK,Busan/Gimhae Intl,35.179,128.938,METAR|TAF
RKPM,Suwolbong,33.294,126.163,METAR
RKPS,Sacheon Arpt,35.089,128.07,METAR|TAF
RKPU,Ulsan,35.56,129.32,METAR|TAF
RKSB,Donghae,37.507,129.124,METAR
RKSC,Sv Ri San,37.349,126.916,METAR
RKSD,Maesanri,37.35,127.267,METAR
RKSF,Seoul,37.533,126.967,METAR
RKSG,Pyongtaek Arpt,36.962,127.031,METAR|TAF
RKSH,Command Post Ta,37.52,126.98,METAR
RKSI,Seoul/Incheon Intl,37.469,126.451,METAR|TAF
RKSJ,Taesong-San,38.2,127.55,METAR
RKSL,Seoul,37.571,126.966,METAR
RKSM,Seoul,37.446,127.114,METAR|TAF
RKSN,Koon-Ni Range,37.036,126.759,METAR
RKSO,Osan Arpt,37.091,127.03,METAR|TAF
RKSP,Paengnyongdo,37.962,124.67,METAR
RKSQ,Yeonpyeungdo,37.667,125.686,METAR
RKSS,Seoul/Gimpo Intl,37.558,126.791,METAR|TAF
RKST,Camp Casey/Tong,37.92,127.05,METAR
RKSU,Yeoju Range,37.437,127.633,METAR
RKSV,Pyoripsan,37.779,126.372,METAR
RKSW,Suwon,37.239,127.007,METAR|TAF
RKSX,Camp Stanley,37.722,127.097,METAR|TAF
RKSY,Yongsan/H-208,37.524,126.975,METAR
RKTA,Andong,36.573,128.707,METAR
RKTB,Paekado,37.066,126.014,METAR
RKTD,Taean/Korean GAW Cen,36.316,127.362,METAR
RKTE,Songmu,36.568,127.5,METAR|TAF
RKTF,Taejon,36.372,127.372,METAR
RKTG,Camp Walker,35.85,128.58,METAR
RKTH,Pohang Arpt,35.988,129.421,METAR|TAF
RKTI,Jung Won Arpt,37.03,127.885,METAR
RKTM,Mangilsan,36.938,126.45,METAR
RKTN,Daegu,35.894,128.659,METAR|TAF
RKTP,Hae Mi Arpt,36.704,126.486,METAR|TAF
RKTS,Sangju,36.408,128.157,METAR
RKTT,Taegu,35.883,128.617,METAR
RKTU,Cheonju Intl,36.717,127.499,METAR|TAF
RKTV,Chungju,37.07,127.88,METAR
RKTW,Woong Cheon,36.2,126.55,METAR
RKTY,Yechon,36.632,128.355,METAR|TAF
RKXX,Nightmare Range,38.07,127.35,METAR
ROAH,Naha Arpt,26.196,127.646,METAR|TAF
RODE,Iejima Auxiliar,26.718,127.783,METAR
RODN,Kadena,26.356,127.768,METAR|TAF
ROHF,Hamby U. S. Army,26.3,127.77,METAR
ROIG,Ishigaki Arpt,24.395,124.245,METAR|TAF
ROKJ,Kumejima Arpt,26.3655,126.7148,METAR
ROMD,Minamidaito Arpt,25.847,131.264,METAR
ROMY,Miyakojima/Miyako Arpt,24.782,125.295,METAR
RORA,Aguni Island,26.6,127.23,METAR
RORH,Hateruma,24.07,123.8,METAR
RORK,Kitadaito Island Arpt,25.944,131.326,METAR
RORS,Shimojishima Arpt,24.827,125.145,METAR|TAF
RORT,Tarama Arpt,24.653,124.674,METAR
RORY,Yoron Island,27.044,128.4,METAR
ROTM,Futenma,26.271,127.754,METAR|TAF
ROYN,Yonaguni Arpt,24.467,122.978,METAR
RPLB,Olongapo/Subic Bay Intl,14.794,120.271,METAR|TAF
RPLC,Angeles City/Clark Intl,15.186,120.56,METAR|TAF
RPLI,Laoag Intl,18.178,120.532,METAR|TAF
RPLL,Manila/Aquino Intl,14.507,121.004,METAR|TAF
RPMD,Davao/Bangoy Intl,7.125,125.646,METAR|TAF
RPML,Cagayan de Oro/Lumbi,8.416,124.611,METAR|TAF
RPMP,Padigan Arpt,7.83,123.461,METAR
RPMR,Tambler/Santos Intl,6.058,125.096,METAR|TAF
RPMS,Surigao,9.756,125.481,METAR
RPMZ,Zamboanga Intl,6.92,122.063,METAR|TAF
RPUA,Aparri,18.359,121.63,METAR
RPUB,Baguio/Loakan Arpt,16.375,120.62,METAR
RPUD,Daet,14.129,122.98,METAR
RPUH,San Jose,12.361,121.047,METAR
RPUI,Iba,15.326,119.968,METAR
RPUK,Calapan,13.423,121.201,METAR
RPUN,Naga/Luzon Isla,13.584,123.27,METAR
RPUO,Basco,20.451,121.98,METAR
RPUQ,Vigan Arpt,17.555,120.356,METAR
RPUR,Baler,15.76,121.564,METAR
RPUT,Tuguegarao,17.643,121.733,METAR
RPUV,Virac/Catanduan,13.576,124.206,METAR
RPUW,Marinduque Isla,13.37,121.83,METAR
RPVA,Tacloban,11.228,125.028,METAR
RPVD,Dumaguete Arpt,9.334,123.297,METAR|TAF
RPVF,Catarman,12.502,124.636,METAR
RPVG,Guiuan Arpt,11.036,125.742,METAR
RPVI,Iloilo,10.713,122.543,METAR|TAF
RPVJ,Masbate Arpt,12.369,123.63,METAR
RPVK,Kalibo Arpt,11.683,122.383,METAR|TAF
RPVM,Mactan-Cebu Intl,10.308,123.978,METAR|TAF
RPVP,Puerto Princesa Intl,9.742,118.759,METAR|TAF
RPVR,Roxas,11.598,122.752,METAR
RPVT,Tagbilaran,9.664,123.853,METAR
RPWB,Gen Santos,6.117,125.183,METAR
RPWG,Dipolog,8.6,123.35,METAR
RPWS,Surigao,9.756,125.481,METAR
SAAC,Concordia/Pierreste,-31.308,-58.016,METAR|TAF
SAAG,Gualeguaychu Ae,-33.01,-58.613,METAR
SAAJ,Junin Arpt,-34.553,-60.931,METAR
SAAP,Parana/Gen Urquiza,-31.79,-60.483,METAR|TAF
SAAR,Rosario Intl,-32.918,-60.782,METAR|TAF
SAAU,Villaguay Arpt,-31.858,-59.074,METAR
SAAV,Sauce Viejo Arpt,-31.712,-60.812,METAR|TAF
SABA,Buenos Aires,-34.608,-58.401,METAR
SABE,Buenos Aires/Newbery Arpt,-34.559,-58.416,METAR|TAF
SACI,Pilar Observato,-31.668,-63.882,METAR
SACO,Cordoba/Taravella Intl,-31.324,-64.208,METAR|TAF
SACP,Chepes,-31.333,-66.6,METAR
SACT,Gobernador Gordillo,-30.349,-66.295,METAR
SACV,Villa De Maria,-29.898,-63.722,METAR
SADD,Don Torcuato Arpt,-34.498,-58.604,METAR|TAF
SADF,San Fernando Intl,-34.457,-58.593,METAR|TAF
SADL,La Plata Arpt,-34.972,-57.895,METAR
SADM,Buenos Aires/Moron,-34.676,-58.643,METAR
SADP,El Palomar Arpt,-34.61,-58.613,METAR|TAF
SAEZ,Buenos Aires/Pistarini Arpt,-34.822,-58.536,METAR|TAF
SAME,Mendoza/Plumerillo Arpt,-32.832,-68.793,METAR|TAF
SAMI,San Martin,-33.083,-68.417,METAR
SAMJ,Jachal,-30.25,-68.74,METAR
SAMM,Malargue Arpt,-35.481,-69.583,METAR
SAMR,San Rafael Arpt,-34.585,-68.414,METAR
SAMS,San Carlos,-33.771,-69.034,METAR
SAMU,Uspallata,-32.601,-69.335,METAR
SANC,Catamarca Arpt,-28.593,-65.754,METAR|TAF
SANE,Santiago Del Estero,-27.755,-64.3,METAR|TAF
SANI,Tinogasta,-28.041,-67.577,METAR
SANL,La Rioja/Capt Vincen,-29.383,-66.795,METAR|TAF
SANO,Chilecito,-29.224,-67.439,METAR
SANR,Termas de Rio Hondo Intl,-27.497,-64.936,METAR|TAF
SANT,Tucuman/Matlenzo Intl,-26.841,-65.105,METAR|TAF
SANU,San Juan Arpt,-31.572,-68.418,METAR|TAF
SANW,Ceres,-29.876,-61.933,METAR
SAOC,Rio Cuarto Arpt,-33.095,-64.273,METAR|TAF
SAOD,Villa Dolores Arpt,-31.951,-65.149,METAR
SAOL,Laboulaye,-34.135,-63.362,METAR
SAOM,Marcos Juarez Arpt,-32.684,-62.158,METAR
SAOR,Villa Reynolds Arpt,-33.73,-65.387,METAR|TAF
SAOU,San Luis Arpt,-33.273,-66.356,METAR
SARC,Corrientes Arpt,-27.445,-58.762,METAR|TAF
SARE,Resistencia Arpt,-27.45,-59.056,METAR|TAF
SARF,Formosa Intl,-26.213,-58.228,METAR|TAF
SARI,Puerto Iguazú Intl,-25.737,-54.473,METAR|TAF
SARL,Paso de los Libres Arpt,-29.689,-57.152,METAR|TAF
SARM,Monte Caseros Arpt,-30.272,-57.64,METAR
SARP,Posadas Arpt,-27.386,-55.969,METAR|TAF
SARS,Presidencia Pena Arpt,-26.749,-60.487,METAR
SASA,Salta/Guemes Arpt,-24.856,-65.486,METAR|TAF
SASJ,Jujuy/El Cadilal Arpt,-24.387,-65.098,METAR|TAF
SASO,Orán Arpt,-23.153,-64.329,METAR
SASQ,La Quiaca Observator,-22.103,-65.6,METAR
SASR,Rivadavia,-24.185,-62.885,METAR
SAST,Tartagal Arpt,-22.617,-63.795,METAR
SATU,Curuzu Cuatia Arpt,-29.771,-57.979,METAR
SAVB,El Bolson Arpt,-41.948,-71.533,METAR
SAVC,Comodoro Rivadavia Arpt,-45.79,-67.471,METAR|TAF
SAVE,Esquel Arpt,-42.906,-71.147,METAR|TAF
SAVO,San Antonio Oeste,-40.757,-65.031,METAR
SAVP,Paso De Indios,-43.856,-69.044,METAR
SAVT,Trelew/Almirante Zar Intl,-43.209,-65.282,METAR|TAF
SAVV,Viedma/Castello,-40.867,-63.001,METAR|TAF
SAWA,Lago Argentino Arpt,-50.327,-72.276,METAR
SAWC,El Calafate Arpt,-50.284,-72.052,METAR|TAF
SAWD,Puerto Deseado Arpt,-47.735,-65.904,METAR
SAWE,Rio Grande/Quijada Intl,-53.781,-67.754,METAR|TAF
SAWG,Rio Gallegos Intl,-51.609,-69.306,METAR|TAF
SAWH,Ushuaia/Malvinas Arpt,-54.844,-68.308,METAR|TAF
SAWJ,San Julian Aero,-49.307,-67.803,METAR
SAWP,Perito Moreno Arpt,-46.537,-70.983,METAR
SAWR,Gobernador Gregores,-48.783,-70.167,METAR
SAWU,Santa Cruz Arpt,-50.017,-68.579,METAR
SAZA,Azul Arpt,-36.832,-59.886,METAR
SAZB,Bahia Blanca/Espora Arpt,-38.725,-62.169,METAR|TAF
SAZD,Dolores Arpt,-36.32,-57.721,METAR
SAZE,Pigüé Arpt,-37.602,-62.378,METAR
SAZG,General Pico Arpt,-35.696,-63.758,METAR
SAZH,Tres Arroyos Arpt,-38.392,-60.329,METAR
SAZM,Mar del Plata Arpt,-37.932,-57.581,METAR|TAF
SAZN,Neuquen Arpt,-38.95,-68.141,METAR|TAF
SAZP,Pehuajo Arpt,-35.839,-61.858,METAR
SAZQ,Rio Colorado,-39.017,-64.083,METAR
SAZR,Santa Rosa Arpt,-36.593,-64.28,METAR|TAF
SAZS,San Carlos de Bariloche Arpt,-41.151,-71.157,METAR|TAF
SAZT,Tandil Arpt,-37.241,-59.23,METAR
SAZV,Villa Gesell,-37.235,-57.029,METAR
SAZY,Chapelco,-40.075,-71.137,METAR|TAF
SBAA,Conceição do Araguai,-8.349,-49.302,METAR
SBAC,Regional de Aracati,-4.568,-37.805,METAR|TAF
SBAF,Afonsos,-22.875,-43.385,METAR|TAF
SBAN,Anapolis,-16.229,-48.964,METAR|TAF
SBAQ,Araraquara Arpt,-21.812,-48.133,METAR
SBAR,Aracaju/Santa Maria Intl,-10.984,-37.07,METAR|TAF
SBAT,Alta Floresta Arpt,-9.872,-56.106,METAR|TAF
SBAU,Araçatuba Arpt,-21.141,-50.425,METAR
SBAX,Araxa Arpt,-19.563,-46.96,METAR
SBBC,Benjamin Constant,-4.382,-70.033,METAR
SBBE,Belém/Val de Cans Arpt,-1.379,-48.476,METAR|TAF
SBBG,Bage/Kraemer Arpt,-31.391,-54.112,METAR|TAF
SBBH,Belo Horizonte/Astra,-19.851,-43.951,METAR|TAF
SBBI,Curitiba/Bacacheri Arpt,-25.404,-49.232,METAR|TAF
SBBQ,Barbacena Arpt,-21.267,-43.761,METAR
SBBR,Brasília Intl,-15.867,-47.933,METAR|TAF
SBBT,Barretos Arpt,-20.584,-48.594,METAR
SBBU,Bauru Arpt,-22.345,-49.054,METAR|TAF
SBBV,Boa Vista Arpt,2.846,-60.69,METAR|TAF
SBBW,Berra Do Garcas Arpt,-15.861,-52.389,METAR|TAF
SBCA,Cascavel Arpt,-25,-53.501,METAR
SBCB,Cabo Frio Arpt,-22.922,-42.074,METAR|TAF
SBCC,Cachimbo Arpt,-9.334,-54.965,METAR
SBCF,Belo Horizonte/Neves Intl,-19.635,-43.966,METAR|TAF
SBCG,Campo Grande Intl,-20.469,-54.672,METAR|TAF
SBCH,Chapecó Arpt,-27.132,-52.662,METAR
SBCI,Carolina Arpt,-7.32,-47.459,METAR|TAF
SBCJ,Carajás Arpt,-6.118,-50.004,METAR|TAF
SBCM,Criciuma/Freitas Arpt,-28.726,-49.425,METAR
SBCO,Porto Alegre/Canoas,-29.945,-51.144,METAR|TAF
SBCP,Campos/Lysandro Arpt,-21.701,-41.305,METAR|TAF
SBCR,Corumba Intl,-19.01,-57.667,METAR|TAF
SBCT,Curitiba/Pena Intl,-25.529,-49.176,METAR|TAF
SBCV,Caravelas Arpt,-17.652,-39.253,METAR|TAF
SBCX,Campo dos Bugres/Cai,-29.195,-51.189,METAR
SBCY,Cuiabá/Rondon Arpt,-15.653,-56.116,METAR|TAF
SBCZ,Cruzeiro Do Sul Intl,-7.597,-72.774,METAR|TAF
SBDN,Presidente Prudente Arpt,-22.175,-51.427,METAR|TAF
SBEG,Manaus/Gomes Intl,-3.039,-60.05,METAR|TAF
SBEK,Jacareacanga Arpt,-6.234,-57.776,METAR
SBES,Sao Pedro de Aldeia,-22.813,-42.093,METAR
SBFI,Foz do Iguacu Arpt,-25.595,-54.488,METAR|TAF
SBFL,Florianopolis Intl,-27.671,-48.547,METAR|TAF
SBFN,Fernando de Noronha Arpt,-3.855,-32.423,METAR|TAF
SBFS,Campos/Sao Tome,-22.028,-41.069,METAR
SBFZ,Fortaleza/Martins Intl,-3.776,-38.533,METAR|TAF
SBGA,Gama,-16.05,-48.05,METAR
SBGL,Rio de Janeiro/Galeão Intl,-22.815,-43.261,METAR|TAF
SBGM,Guajará-Mirim Arpt,-10.787,-65.281,METAR
SBGO,Goiania/Genoveva Arpt,-16.632,-49.221,METAR|TAF
SBGR,Sao Paulo Intl,-23.432,-46.469,METAR|TAF
SBGU,Guarapuava/Faria Arpt,-25.387,-51.52,METAR
SBGW,Guaratingueta Arpt,-22.792,-45.205,METAR|TAF
SBHT,Altamira Arpt,-3.251,-52.252,METAR
SBIC,Itacoatiara Arpt,-3.127,-58.481,METAR
SBIH,Itaituba Arpt,-4.242,-56.001,METAR|TAF
SBIL,Ilheus/Amado Arpt,-14.816,-39.033,METAR|TAF
SBIP,Ipatinga/Usiminas Arpt,-19.471,-42.488,METAR
SBIT,Itumbiara Arpt,-18.445,-49.213,METAR
SBIZ,Imperatriz Arpt,-5.53,-47.458,METAR|TAF
SBJE,Monteiro/Pessoa Arpt,-2.907,-40.358,TAF
SBJF,Juiz De Fora Arpt,-21.793,-43.386,METAR
SBJP,Joao Pessoa/Pinto Arpt,-7.148,-34.951,METAR|TAF
SBJR,Jacarepagua Arpt,-22.988,-43.37,METAR|TAF
SBJU,Juazeiro do Norte/Menezes Arpt,-7.219,-39.27,METAR
SBJV,Joinville/Loyola Arpt,-26.224,-48.797,METAR|TAF
SBKG,Campina Grande Arpt,-7.27,-35.895,METAR|TAF
SBKP,Campinas/Viracopos Arpt,-23.007,-47.135,METAR|TAF
SBLB,Platform P-25,-22.109,-39.917,METAR
SBLE,Chapada/Lencois Arpt,-12.482,-41.277,METAR
SBLO,Londrina Arpt,-23.334,-51.13,METAR|TAF
SBLP,Bom Jesus da Lapa Arpt,-13.262,-43.408,METAR|TAF
SBLS,Lagos Santa Arpt,-19.662,-43.896,METAR
SBMA,Marabá Arpt,-5.368,-49.137,METAR|TAF
SBMD,Monte Dourado Arpt,-0.89,-52.602,METAR
SBME,Macaé Arpt,-22.343,-41.766,METAR|TAF
SBMG,Maringa Rgnl,-23.476,-52.017,METAR
SBMK,Montes Claros Arpt,-16.705,-43.819,METAR
SBML,Marilia Arpt,-22.197,-49.926,METAR
SBMN,Manaus/Ponta Peleda,-3.146,-59.986,METAR|TAF
SBMO,Maceió/Palmares Arpt,-9.511,-35.792,METAR|TAF
SBMQ,Macapá Intl,0.051,-51.072,METAR|TAF
SBMS,Mossoró Arpt,-5.202,-37.364,METAR
SBMT,Campo de Marte Arpt,-23.509,-46.638,METAR|TAF
SBMY,Manicoré Arpt,-5.812,-61.279,METAR
SBNF,Navegantes Intl,-26.88,-48.651,METAR|TAF
SBNM,Santo Ângelo Arpt,-28.282,-54.169,METAR
SBNT,Natal/Severo Arpt,-5.911,-35.248,METAR|TAF
SBOI,Oiapoque Arpt,3.861,-51.796,METAR|TAF
SBPA,Porto Alegre/Filho Intl,-29.994,-51.171,METAR|TAF
SBPB,Parnaíba Intl,-2.894,-41.731,METAR|TAF
SBPC,Pocos De Caldas Arpt,-21.841,-46.565,METAR
SBPF,Passo Fundo/Kurtz Arpt,-28.245,-52.334,METAR
SBPG,Ponta Grossa/Beraldo Arpt,-25.184,-50.144,METAR
SBPJ,Palmas/Rodrigues Arpt,-10.291,-48.357,METAR|TAF
SBPK,Pelotas Arpt,-31.717,-52.328,METAR|TAF
SBPL,Petrolina Arpt,-9.367,-40.565,METAR|TAF
SBPN,Porto Nacional Arpt,-10.717,-48.399,METAR
SBPP,Ponta Porã Intl,-22.55,-55.703,METAR|TAF
SBPR,Belo Horizonte/Prate,-19.909,-43.991,METAR
SBPS,Porto Seguro Arpt,-16.439,-39.081,METAR|TAF
SBPV,Porto Velho Intl,-8.708,-63.901,METAR|TAF
SBQV,Vitoria da Conquista,-14.867,-40.862,METAR
SBRB,Rio Branco Intl,-9.867,-67.897,METAR|TAF
SBRF,Recife Arpt,-8.126,-34.923,METAR|TAF
SBRJ,Rio de Janeiro/Dumont Arpt,-22.91,-43.163,METAR|TAF
SBRP,Ribeirão Preto/Lopes Arpt,-21.134,-47.774,METAR|TAF
SBRS,Resende,-22.476,-44.477,METAR
SBSA,Sao Carlos,-22.017,-47.883,METAR
SBSC,Santa Cruz/Gusmao Arpt,-22.932,-43.719,METAR|TAF
SBSG,Natal/Alves Intl,-5.768,-35.376,METAR|TAF
SBSJ,Sao Jose dos Campos Arpt,-23.229,-45.861,METAR|TAF
SBSL,São Luís/Machado Intl,-2.585,-44.234,METAR|TAF
SBSM,Santa Maria Arpt,-29.711,-53.688,METAR|TAF
SBSN,Santarem Intl,-2.423,-54.789,METAR|TAF
SBSP,Sao Paulo/Congonhas,-23.627,-46.655,METAR|TAF
SBSR,Sao Jose do Rio Preto Arpt,-20.817,-49.407,METAR
SBST,Santos,-23.924,-46.305,METAR|TAF
SBSV,Salvador/Magalhães Intl,-12.911,-38.331,METAR|TAF
SBSY,Santa Isabel Morro,-11.573,-50.668,METAR
SBTA,Taubate,-23.04,-45.516,METAR
SBTC,Una Arpt,-15.355,-38.999,METAR
SBTD,Toledo Arpt,-24.686,-53.697,METAR|TAF
SBTE,Teresina Arpt,-5.06,-42.824,METAR|TAF
SBTF,Tefé Arpt,-3.383,-64.724,METAR|TAF
SBTK,Tarauacá Arpt,-8.155,-70.783,METAR
SBTT,Tabatinga Intl,-4.254,-69.939,METAR|TAF
SBTU,Tucuruí Arpt,-3.786,-49.72,METAR|TAF
SBUA,São Gabriel da Cachoeira Arpt,-0.15,-66.987,METAR
SBUF,Paulo Afonso Arpt,-9.4,-38.25,METAR
SBUG,Uruguaiana/Berta Intl,-29.782,-57.038,METAR|TAF
SBUL,Uberlandia Arpt,-18.883,-48.226,METAR|TAF
SBUR,Uberaba Arpt,-19.765,-47.965,METAR|TAF
SBUY,Urucu Arpt,-4.884,-65.354,METAR
SBVH,Vilhena Arpt,-12.694,-60.098,METAR|TAF
SBVT,Vitória/Salles Arpt,-20.258,-40.286,METAR|TAF
SBXV,Xavantina,-14.697,-52.349,METAR
SBYA,Iauaretê Arpt,0.607,-69.186,METAR
SBYS,Pirassununga/Fontenelle Arpt,-21.982,-47.34,METAR|TAF
SCAP,Alto Palena Arpt,-43.612,-71.802,METAR
SCAR,Arica/Chacalluta Arpt,-18.351,-70.336,METAR|TAF
SCAS,Puerto Aysen Arpt,-45.399,-72.67,METAR
SCAT,Desierto Atacama Arpt,-27.262,-70.774,METAR|TAF
SCBA,Balmaceda/Vidal Arpt,-45.913,-71.694,METAR|TAF
SCCC,Chile Chico Arpt,-46.581,-71.693,METAR
SCCF,Calama/El Loa Intl,-22.496,-68.905,METAR|TAF
SCCH,Chillan/OHiggins Arpt,-36.583,-72.031,METAR|TAF
SCCI,Punta Arenas Arpt,-53.003,-70.855,METAR|TAF
SCCY,Coyhaique/Vidal Arpt,-45.595,-72.11,METAR|TAF
SCDA,Iquique/Diego Aracena Arpt,-20.535,-70.181,METAR|TAF
SCEL,Santiago/Benítez Intl,-33.393,-70.786,METAR|TAF
SCER,Quintero Santia,-32.79,-71.522,METAR
SCFA,Antofagasta/Sabella Arpt,-23.45,-70.441,METAR|TAF
SCFM,Porvenir/Martinez Arpt,-53.254,-70.319,METAR|TAF
SCFT,Futaleufú Arpt,-43.189,-71.853,METAR
SCGE,Los Angeles/Dolores,-37.403,-72.422,METAR|TAF
SCGZ,Guardiamarina/Zahart,-54.932,-67.631,METAR|TAF
SCHA,Copiapo Arpt,-27.296,-70.414,METAR|TAF
SCHR,Cochrane Arpt,-47.244,-72.586,METAR|TAF
SCIC,Curico/Freire Arpt,-34.966,-71.217,METAR|TAF
SCIE,Concepcion/Sur Intl,-36.773,-73.063,METAR|TAF
SCIP,Pascua Island Arpt,-27.161,-109.427,METAR|TAF
SCIR,Robinson Crusoe Arpt,-33.666,-78.93,METAR|TAF
SCJO,Osorno/Siebert Arpt,-40.605,-73.061,METAR|TAF
SCLL,Vallenar Arpt,-28.596,-70.756,METAR
SCMK,Melinka Arpt,-43.897,-73.741,METAR|TAF
SCNT,Puerta Natales/Galla,-51.672,-72.528,METAR|TAF
SCON,Puerto Quellon Arpt,-43.134,-73.633,METAR
SCPD,Peldehue Arpt,-33.1173,-70.6838,TAF
SCPQ,Monopulli Arpt,-42.347,-73.718,METAR|TAF
SCQP,Temuco Arpt,-38.925,-72.648,METAR|TAF
SCRA,Chanaral Arpt,-26.332,-70.607,METAR
SCRD,Valparaiso/Rodelillo Arpt,-33.068,-71.557,METAR|TAF
SCRG,Rancagua/Indepencia Arpt,-34.174,-70.776,METAR|TAF
SCRM,Teniente Marsh Arpt,-62.191,-58.987,METAR
SCSE,La Serena/La Florida Arpt,-29.918,-71.201,METAR|TAF
SCSN,Santo Domingo Arpt,-33.656,-71.615,METAR|TAF
SCTB,Santiago/Sanchez Arpt,-33.456,-70.547,METAR|TAF
SCTC,Temuco/Maquehue,-38.77,-72.637,METAR|TAF
SCTE,Puerto Montt/Tepua Arpt,-41.439,-73.094,METAR|TAF
SCTN,Chaitén Arpt,-42.933,-72.699,METAR|TAF
SCVD,Valdivia/Pichoy Arpt,-39.65,-73.086,METAR|TAF
SCVM,Concon/Vina Del Mar Arpt,-32.947,-71.479,METAR|TAF
SEAM,Ambato/Chachoan,-1.212,-78.575,METAR
SEBC,Bahia De Caraquez,-0.608,-80.403,METAR
SECA,Ciudad de Catamayo Arpt,-3.995,-79.372,METAR
SECO,Francisco de Orellana Arpt,-0.461,-76.988,METAR
SECU,Cuenca/Lamar Intl,-2.889,-78.984,METAR
SEES,Esmeraldas-Tachina,0.979,-79.625,METAR
SEGS,Galapagos/Seymour Arpt,-0.445,-90.269,METAR
SEGU,Guayaquil/Olmedo Intl,-2.158,-79.884,METAR|TAF
SEGZ,Gualaquiza/Jaramille Arpt,-3.423,-78.567,METAR
SEIB,Ibarra/Atahualpa,0.339,-78.136,METAR
SEJD,Tena-Jumandy Arpt,-1.06,-77.58,METAR
SELA,Nueva Loja/Lago Agri,0.092,-76.869,METAR
SELO,Catamayo Arpt,-3.996,-79.369,METAR
SELT,Latacunga/Cotopaxi Intl,-0.921,-78.619,METAR|TAF
SEMA,Macara/Velasco Arpt,-4.378,-79.941,METAR
SEMC,Macas/Carvajal Arpt,-2.299,-78.121,METAR
SEMH,Machala/Serran,-3.269,-79.962,METAR
SEMT,Manta/Alfaro Intl,-0.946,-80.679,METAR|TAF
SENL,Lago Agrio Arpt,0.092,-76.869,METAR
SEPA,Pastaza/Rio Amazon,-1.505,-78.062,METAR
SEQM,Quito/New Intl,-0.124,-78.354,METAR|TAF
SEQU,Quito/Sucre Intl,-0.141,-78.488,METAR|TAF
SERB,Riobamba Arpt,-1.655,-78.656,METAR
SERO,Santa Rosa Arpt,-3.435,-79.978,METAR
SESA,Salinas/Paez Arpt,-2.205,-80.989,METAR
SESD,Santo Domingo Arpt,-0.248,-79.209,METAR
SESM,Shell Mera/Amazonas Arpt,-1.505,-78.063,METAR
SEST,Galapagos/San Cristobal Arpt,-0.906,-89.619,METAR
SETI,Tiputini,-0.776,-75.532,METAR
SETN,Tachina/Torres Arpt,0.979,-79.627,METAR
SETU,Tulcan/El Rosal,0.809,-77.708,METAR
SFAL,Stanley Airport,-51.686,-57.778,METAR|TAF
SGAS,Asunción/Pettriossi,-25.248,-57.519,METAR|TAF
SGCO,Concepcion/Peralta Arpt,-23.438,-57.43,METAR|TAF
SGEN,Encarnacion/Gonzales,-27.221,-55.834,METAR|TAF
SGES,Guarani Intl,-25.461,-54.849,METAR|TAF
SGGR,Salto del Guaira Arpt,-24.032,-54.351,METAR
SGLV,Puerto Casado,-22.283,-57.933,METAR
SGME,Mariscal Estigagambi,-22.034,-60.622,METAR|TAF
SGNA,Nueva Asuncion,-20.71,-61.926,METAR
SGOV,Coronel Oviedo Arpt,-25.5173,-56.4063,METAR
SGPC,Pozo Colorado Arpt,-23.499,-58.786,METAR
SGPI,Pilar/Jimenez Arpt,-26.881,-58.318,METAR|TAF
SGPJ,Caballero Arpt,-22.641,-55.83,METAR|TAF
SGSJ,San Juan Batista,-26.667,-57.133,METAR
SGSP,San Pedro Arpt,-24.028,-57.023,METAR
SGVR,Villarrrica,-25.758,-56.433,METAR
SKAR,Armenia/El Eden Arpt,4.455,-75.766,METAR|TAF
SKAS,Puerto Asis,0.505,-76.501,METAR
SKBG,Bucaramango/Palonegro Arpt,7.127,-73.185,METAR|TAF
SKBO,Bogota/El Dorado Arpt,4.706,-74.151,METAR|TAF
SKBQ,Barranquilla/Cortissoz Arpt,10.883,-74.78,METAR|TAF
SKBU,Buenaventura,3.82,-76.992,METAR
SKCC,Cucuta/Daza Intl,7.93,-72.509,METAR|TAF
SKCG,Cartagena/Nuñez Intl,10.447,-75.516,METAR|TAF
SKCL,Cali/Aragon Arpt,3.543,-76.382,METAR|TAF
SKEJ,Barrancabermeja/Yariguies Arpt,7.026,-73.809,METAR
SKGI,Girardot/Santiago Vila Arpt,4.276,-74.797,METAR
SKGP,Guapi Arpt,2.57,-77.899,METAR
SKIB,Ibague/Perales Arpt,4.418,-75.13,METAR
SKIP,Ipiales/San Luis Arpt,0.858,-77.677,METAR
SKLC,Apartado/Betencourt Arpt,7.817,-76.718,METAR
SKLT,Leticia/Cobo Intl,-4.196,-69.943,METAR|TAF
SKMD,Medellin/Herrera Arpt,6.221,-75.59,METAR
SKMR,Monteria/Garzones Arpt,8.826,-75.825,METAR
SKMZ,Manizales/La Nubia Arpt,5.03,-75.47,METAR
SKNV,Neiva/Salas Arpt,2.949,-75.294,METAR
SKPC,Puerto Carreno Arpt,6.184,-67.491,METAR
SKPE,Pereira/Matecana Arpt,4.814,-75.735,METAR|TAF
SKPP,Popayan/Guillermo,2.453,-76.609,METAR
SKPS,Pasto/Nariño Arpt,1.394,-77.291,METAR
SKPV,Providencia Isl Arpt,13.358,-81.358,METAR
SKRG,Rionegro/Córdova Intl,6.169,-75.426,METAR|TAF
SKRH,Riohacha/Padilla Arpt,11.528,-72.918,METAR|TAF
SKSA,Saravena/Los Colonizadores Arpt,6.955,-71.86,METAR
SKSJ,San Jose del Guaviar,2.574,-72.64,METAR
SKSM,Santa Marta/Bolivar Arpt,11.12,-74.231,METAR|TAF
SKSP,San Andres Island Arpt,12.587,-81.704,METAR|TAF
SKSV,San Vicente Arpt,2.152,-74.766,METAR
SKTM,Tame/Vargas Arpt,6.451,-71.76,METAR
SKUC,Arauca/Perez Arpt,7.066,-70.735,METAR
SKUI,Quibdó/El Caraño Arpt,5.691,-76.644,METAR
SKVP,Valledupar/Pumerejo Arpt,10.436,-73.248,METAR
SKVV,Villavicencio/Vangardia Arpt,4.162,-73.618,METAR
SKYP,Yopal/El Alcaravan,5.319,-72.384,METAR
SLAL,Alcantarí Arpt,-19.247,-65.15,METAR|TAF
SLAP,Apolo,-14.736,-68.412,METAR
SLAS,Ascencion Arpt,-15.93,-63.157,METAR
SLCA,Camiri Arpt,-20.006,-63.528,METAR
SLCB,Cochabamba/Wilstermann Intl,-17.421,-66.179,METAR|TAF
SLCN,Charaña,-17.592,-69.442,METAR
SLCO,Cobija Arpt,-11.04,-68.782,METAR|TAF
SLCP,Concepción Arpt,-16.138,-62.028,METAR
SLET,Santa Cruz/El Tromp,-17.812,-63.172,METAR|TAF
SLGY,Guayaramerin,-10.821,-65.346,METAR
SLJE,San José de Chiquitos Arpt,-17.832,-60.744,METAR
SLJO,San Joaquín Arpt,-13.05,-64.663,METAR
SLJV,San Javier Arpt,-16.271,-62.471,METAR
SLLP,La Paz/El Alto Intl,-16.511,-68.182,METAR|TAF
SLMG,Magdalena Arpt,-13.262,-64.059,METAR
SLOR,Oruro/Mendoza Arpt,-17.962,-67.077,METAR|TAF
SLPO,Potosi/Rojas Arpt,-19.543,-65.724,METAR
SLPS,Puerto Suárez Intl,-18.981,-57.821,METAR|TAF
SLRB,Roboré Arpt,-18.33,-59.763,METAR
SLRI,Riberalta Arpt,-11.007,-66.076,METAR
SLRQ,Rurrenabaque Arpt,-14.429,-67.503,METAR|TAF
SLRY,Reyes Arpt,-14.303,-67.353,METAR
SLSA,Santa Ana/Suarez Arpt,-13.762,-65.435,METAR
SLSB,San Borja,-14.857,-66.738,METAR
SLSI,San Ignacio de Velas,-16.384,-60.963,METAR
SLSM,San Ignacio de Moxo,-14.964,-65.635,METAR
SLSU,Sucre/Padilla Intl,-19.007,-65.289,METAR|TAF
SLSV,San Ignacio de Velas,-16.401,-61.046,METAR
SLTJ,Tarija/Plaza Arpt,-21.556,-64.701,METAR|TAF
SLTR,Trinidad/Arauz Arpt,-14.819,-64.918,METAR|TAF
SLVG,Vallegrande,-18.467,-64.1,METAR
SLVM,Villamontes/Pabon Arpt,-21.254,-63.407,METAR
SLVR,Santa Cruz/Viru Intl,-17.645,-63.135,METAR|TAF
SLYA,Yacuiba Arpt,-21.966,-63.654,METAR|TAF
SMJP,Paramaribo/Pengel Intl,5.453,-55.188,METAR|TAF
SMZO,Paramaribo/Zorg en H,5.811,-55.191,METAR|TAF
SMZY,Paramaribo/Zandery,5.453,-55.188,METAR
SOCA,Cayenne/Rochambeau Arpt,4.822,-52.365,METAR|TAF
SOOM,Saint Laurent du Mar,5.486,-54.032,METAR
SPAY,Atalaya Arpt,-10.732,-73.767,METAR
SPCL,Pucallpa/Rengifo Intl,-8.378,-74.574,METAR|TAF
SPEO,Chimbote/Morales Arpt,-9.15,-78.526,METAR|TAF
SPGM,Tingo Maria Arpt,-9.291,-76.005,METAR|TAF
SPHI,Chiclayo Arpt,-6.787,-79.828,METAR|TAF
SPHO,Ayacucho/Duarte Arpt,-13.155,-74.204,METAR|TAF
SPHY,Andahuaylas Arpt,-13.713,-73.352,METAR|TAF
SPHZ,Anta/Huaraz,-9.347,-77.598,METAR|TAF
SPIM,Lima/Chavez Intl,-12.024,-77.113,METAR|TAF
SPJA,Rioja,-6.068,-77.16,METAR
SPJC,Lima/Chávez Intl,-12.024,-77.113,METAR|TAF
SPJE,San Agustin/Jaen-Shumba Arpt,-5.593,-78.774,METAR|TAF
SPJI,Juanjui Arpt,-7.169,-76.729,METAR|TAF
SPJJ,Jauja/Francisco Carle Arpt,-11.783,-75.473,METAR|TAF
SPJL,Juliaca Arpt,-15.467,-70.158,METAR|TAF
SPJN,San Juan Arpt,-15.35,-75.138,METAR
SPJR,Cajamarca/Iglesias Arpt,-7.139,-78.489,METAR|TAF
SPLO,Ilo Arpt,-17.692,-71.343,METAR|TAF
SPME,Tumbes Arpt,-3.551,-80.385,METAR|TAF
SPMS,Yurimaguas Arpt,-5.895,-76.111,METAR|TAF
SPNC,Huanuco/Alferez Arpt,-9.879,-76.207,METAR|TAF
SPPY,Chachapoyas Arpt,-6.207,-77.853,METAR|TAF
SPQT,Iquitos/Vignetta Arpt,-3.786,-73.306,METAR|TAF
SPQU,Arequipa/Ballon Intl,-16.341,-71.583,METAR|TAF
SPRU,Trujillo Arpt,-8.087,-79.109,METAR|TAF
SPSO,Pisco Intl,-13.744,-76.221,METAR|TAF
SPST,Tarapoto Arpt,-6.509,-76.373,METAR|TAF
SPTN,Tacna Arpt,-18.049,-70.277,METAR|TAF
SPTU,Puerto Maldonado Arpt,-12.603,-69.228,METAR|TAF
SPUR,Piura/Iberico Intl,-5.206,-80.616,METAR|TAF
SPYL,Talara/Montes Arpt,-4.577,-81.254,METAR|TAF
SPZA,Nazca/Neuman Arpt,-14.854,-74.962,METAR|TAF
SPZO,Cuzco/Astete Arpt,-13.536,-71.939,METAR|TAF
SUAA,Melilla/Adami Arpt,-34.788,-56.263,METAR|TAF
SUAG,Artigas Arpt,-30.399,-56.51,METAR
SUCA,Colonia Intl,-34.452,-57.768,METAR|TAF
SUDU,Durazno/Santa Bernadina Arpt,-33.359,-56.499,METAR|TAF
SULS,Maldonado Intl,-34.855,-55.094,METAR|TAF
SUME,Mercedes,-33.251,-58.069,METAR
SUMO,Melo/Cerro Largo Arpt,-32.34,-54.224,METAR
SUMU,Carrasco Intl,-34.838,-56.031,METAR|TAF
SUPE,Maldonado/Punta,-34.914,-54.921,METAR
SUPU,Paysandu Arpt,-32.362,-58.067,METAR
SURV,Rivera Intl,-30.97,-55.474,METAR|TAF
SUSO,Salto Arpt,-31.438,-57.982,METAR|TAF
SUTB,Tacuarembo,-31.725,-55.956,METAR
SUTR,Treinta Y Tres,-33.198,-54.35,METAR
SVAC,Acarigua/Oswaldo Arpt,9.552,-69.238,METAR
SVBC,Barcelona Intl,10.107,-64.689,METAR|TAF
SVBI,Barinas Arpt,8.62,-70.22,METAR
SVBM,Barquisimeto Intl,10.043,-69.358,METAR|TAF
SVBS,Maracay/Gomez Arpt,10.25,-67.649,METAR
SVCB,Ciudad Bolivar Arpt,8.121,-63.533,METAR
SVCJ,San Carlos Arpt,9.648,-68.575,METAR
SVCL,Calabozo Arpt,8.925,-67.417,METAR
SVCN,Canaima Arpt,6.232,-62.854,METAR
SVCP,Carupano/Bermudez Arpt,10.66,-63.262,METAR
SVCR,Coro/Chinnos Arpt,11.415,-69.681,METAR
SVCS,Caracas/Oscar Macha,10.287,-66.816,METAR
SVCU,Cumana/Jose de Sucre,10.445,-64.139,METAR
SVCZ,Sombrero/Rios,9.372,-66.923,METAR
SVFM,Caracas/Miranda,10.487,-66.846,METAR
SVGD,Guasdualito Arpt,7.212,-70.755,METAR
SVGI,Guiria Arpt,10.574,-62.313,METAR
SVGU,Guanare Arpt,9.027,-69.755,METAR
SVHG,Higuerote Arpt,10.463,-66.093,METAR
SVJC,Paraguana/Camejo Intl,11.781,-70.151,METAR|TAF
SVJM,San Juan los Morros,9.909,-67.377,METAR
SVLF,La Fria Arpt,8.239,-72.271,METAR
SVLO,La Orchila Isla Arpt,11.805,-66.192,METAR
SVMC,Maracaibo/La Chinita Arpt,10.558,-71.728,METAR|TAF
SVMD,Mérida/Campo de Oro,8.583,-71.162,METAR
SVMG,Margarita/Manno Intl,10.913,-63.968,METAR|TAF
SVMI,Caracas/Bolívar Intl,10.603,-66.991,METAR|TAF
SVMN,Mene Grande,9.805,-70.897,METAR
SVMP,Metropolitano,10.133,-66.788,METAR
SVMT,Maturin Intl,9.748,-63.156,METAR
SVPA,Puerto Ayacucho Arpt,5.622,-67.605,METAR
SVPC,Puerto Cabello/Salom Arpt,10.48,-68.072,METAR
SVPM,Paramillo Arpt,7.801,-72.203,METAR
SVPR,Guayana/Piar Intl,8.288,-62.76,METAR|TAF
SVSA,San Antonio Arpt,7.841,-72.441,METAR|TAF
SVSE,Santa Elena Uairen,4.556,-61.143,METAR
SVSO,Santo Domingo Arpt,7.569,-72.045,METAR
SVSP,San Felipe Arpt,10.279,-68.756,METAR
SVSR,San Fernando Arpt,7.881,-67.443,METAR
SVST,San Tomé Arpt,8.945,-64.148,METAR
SVSZ,Santa Barbara del Zu,8.981,-71.94,METAR
SVTM,Tumeremo Arpt,7.253,-61.524,METAR
SVTR,Temblador,9.017,-62.617,METAR
SVVA,Valencia Intl,10.154,-67.92,METAR|TAF
SVVG,El Vigia/Alfonso Arpt,8.624,-71.673,METAR
SVVL,Valera/Briceno Arpt,9.34,-70.585,METAR
SVVP,Valle de La Pascua Arpt,9.222,-65.991,METAR
SWBC,Barcelos,-0.981,-62.923,METAR
SYCJ,Georgetown/Jagan Intl,6.499,-58.254,METAR|TAF
SYEB,Ebini Arpt,5.567,-57.783,TAF
SYEC,Georgetown/Correia Intl,6.809,-58.104,METAR|TAF
SYGO,Georgetown/Ogle Arpt,6.806,-58.106,METAR|TAF
SYGT,Georgetown,6.806,-58.106,METAR|TAF
SYKA,Kaieteur Falls Arpt,5.173,-59.492,TAF
SYKM,Kamarang Arpt,5.869,-60.629,METAR|TAF
SYLT,Lethem Arpt,3.373,-59.789,METAR|TAF
SYMB,Maburuma Arpt,8.2,-59.777,METAR|TAF
TAPA,Antigua/Bird Intl,17.135,-61.797,METAR|TAF
TBPB,Bridgetown/Adams Intl,13.075,-59.492,METAR|TAF
TBPO,Bridgetown City,13.1,-59.62,METAR
TDCF,Canefield Arpt,15.339,-61.392,METAR
TDPD,Douglas Charles Intl,15.547,-61.299,METAR|TAF
TDPR,Roseau,15.303,-61.389,METAR
TFFF,Le Lamentin/Cesaire Intl,14.591,-61.003,METAR|TAF
TFFJ,St Barthelemy/Gustav Arpt,17.904,-62.844,METAR
TFFR,Guadeloupe/Pitre Intl,16.265,-61.532,METAR|TAF
TGPY,St Georges/Bishop Intl,12.006,-61.797,METAR|TAF
TIST,St Thomas/King Arpt,18.33623,-64.97994,METAR|TAF
TISX,St Croix/Rohlsen Arpt,17.69967,-64.81256,METAR|TAF
TJBQ,Aquadilla/Hernández Arpt,18.494,-67.128,METAR|TAF
TJIG,San Juan/Dominicci Arpt,18.457,-66.094,METAR
TJMZ,Mayaguez/De Hostos Arpt,18.256,-67.151,METAR|TAF
TJNR,Roosevelt Roads Arpt,18.253,-65.638,METAR|TAF
TJPS,Ponce/Mercedita Arpt,18.011,-66.567,METAR|TAF
TJRV,Jose Alponte Arpt,18.25,-65.643,METAR|TAF
TJSJ,San Juan/Marin Intl,18.4326,-66.01065,METAR|TAF
TKPK,St Kitts/Bradshaw Intl,17.312,-62.72,METAR|TAF
TKPN,Nevis/Armory Intl,17.205,-62.591,METAR|TAF
TLPC,St Lucia/Charles Arpt,14.021,-60.993,METAR|TAF
TLPL,St Lucia/Hewanorra Intl,13.743,-60.948,METAR|TAF
TNCA,Aruba/Beatrix Intl,12.501,-70.015,METAR|TAF
TNCB,Bonaire/Flamingo Arpt,12.133,-68.277,METAR|TAF
TNCC,Curacao/Hato Intl,12.189,-68.96,METAR|TAF
TNCE,St Eustatius/Roosevelt Arpt,17.497,-62.979,METAR
TNCM,St Maarten Intl,18.041,-63.109,METAR|TAF
TQPF,Anguilla/Lloyd Intl,18.205,-63.055,METAR|TAF
TRPG,Monserrat/Geralds Arpt,16.792,-62.194,METAR|TAF
TRPM,Blackburne/Plym,16.75,-62.17,METAR
TTCP,Tobago/Crown Pt Arpt,11.149,-60.836,METAR|TAF
TTPP,Port of Spain/Piarco Arpt,10.593,-61.348,METAR|TAF
TTPT,Crown Point Arpt,11.149,-60.836,METAR
TUPJ,Beef Isl/Lettsome Arpt,18.445,-64.543,METAR|TAF
TVSA,Argyle Intl,13.156,-61.15,METAR|TAF
TVSC,Canouan Arpt,12.7,-61.342,METAR
TVSM,Mustique Arpt,12.888,-61.18,METAR
TVSV,Kingston/Joshua Arpt,13.143,-61.212,METAR|TAF
TXKF,Bermuda/Wade Intl,32.364,-64.679,METAR|TAF
UAAA,Almaty Intl,43.35,77.027,METAR|TAF
UAAH,Balkhash Arpt,46.893,75.005,METAR|TAF
UAAT,Taldykorgan Arpt,45.121,78.445,METAR|TAF
UACC,Astana Intl,51.024,71.468,METAR|TAF
UACK,Kokshetau Arpt,53.332,69.594,METAR|TAF
UACP,Petropavlovsk Arpt,54.775,69.183,METAR|TAF
UADD,Taraz Arpt,42.854,71.304,METAR|TAF
UAII,Shymkent Intl,42.366,69.476,METAR|TAF
UAIT,Turkistan Arpt,43.311,68.55,METAR|TAF
UAKD,Zhezkazgan Arpt,47.711,67.739,METAR|TAF
UAKK,Karaganda Arpt,49.672,73.333,METAR|TAF
UAOO,Kzylorda Arpt,44.707,65.593,METAR|TAF
UARR,Uralsk Arpt,51.151,51.541,METAR|TAF
UASK,Ust-Kamenogorsk Arpt,50.027,82.5,METAR|TAF
UASP,Pavlodar Arpt,52.202,77.078,METAR|TAF
UASS,Semey Arpt,50.352,80.228,METAR|TAF
UATA,Aralskoe More,46.833,61.617,METAR
UATE,Aktau Arpt,43.86,51.092,METAR|TAF
UATG,Atyrau Arpt,47.122,51.829,METAR|TAF
UATT,Aktjubinsk/Atkobe Arpt,50.248,57.203,METAR|TAF
UAUU,Kostanay Arpt,53.215,63.553,METAR|TAF
UBBB,Baku/Aliyev Intl,40.469,50.061,METAR|TAF
UBBF,Fuzuli Intl,39.595,47.196,METAR|TAF
UBBG,Gyanca Intl,40.738,46.318,METAR|TAF
UBBL,Lenkoran Intl,38.746,48.818,METAR|TAF
UBBN,Nakhchivan Arpt,39.189,45.458,METAR|TAF
UBBQ,Qabala Intl,40.809,47.729,METAR|TAF
UBBY,Zakataly Intl,41.561,46.667,METAR|TAF
UBBZ,Zangilan Intl,39.094,46.734,METAR|TAF
UBEE,Yevlakh Arpt,40.632,47.142,METAR|TAF
UCFL,Tamchy/Issyk-Kul Intl,42.585,76.702,METAR|TAF
UCFM,Bishkek/Manas Intl,43.061,74.478,METAR|TAF
UCFO,Osh Intl,40.61,72.791,METAR|TAF
UDSG,Gyumri/Shirak Intl,40.75,43.859,METAR|TAF
UDYZ,Yerevan/Zvartnots Intl,40.147,44.396,METAR|TAF
UEEE,Yakutsk Arpt,62.093,129.774,METAR|TAF
UELL,Culman Arpt,56.912,124.903,METAR|TAF
UERP,Polyarny Arpt,66.4,112.03,METAR|TAF
UERR,Mirny Arpt,62.538,114.056,METAR|TAF
UESO,Chokurdakh Arpt,70.624,147.898,METAR|TAF
UEST,Tiksi Arpt,71.698,128.903,METAR|TAF
UGAM,Ambrolauri Arpt,42.527,43.135,METAR|TAF
UGKO,Kutaisi/Kopitnarii Intl,42.177,42.483,METAR|TAF
UGMM,Muhrani,41.933,44.583,METAR
UGMS,Mestia/Tamar Arpt,43.055,42.75,METAR|TAF
UGSB,Batumi Intl,41.61,41.6,METAR|TAF
UGTB,Tbilisi Intl,41.669,44.955,METAR|TAF
UHBB,Blagoveshchensk Arpt,50.425,127.412,METAR|TAF
UHBP,Ekimchan Arpt,53.077,132.951,METAR
UHHH,Khabarovsk/Novy Arpt,48.527,135.184,METAR|TAF
UHHO,Troickoe,49.335,136.601,METAR
UHMA,Anadyr Arpt,64.733,177.739,METAR|TAF
UHMD,Providenja Bay Arpt,64.378,-173.243,METAR|TAF
UHMG,Chaybukha Arpt,61.835,160.548,METAR
UHMM,Magadan/Sokol Arpt,59.911,150.725,METAR|TAF
UHMP,Pevek Arpt,69.775,170.599,METAR|TAF
UHNN,Nikolaevsk-On-Amure,53.154,140.661,METAR|TAF
UHPP,Petropavlovsk-Kamchatsky Arpt,53.175,158.444,METAR|TAF
UHSH,Okha Arpt,53.52,142.878,METAR|TAF
UHSS,Yuzhno-Sakhalinsk Arpt,46.887,142.719,METAR|TAF
UHWW,Vladivostok Intl,43.399,132.146,METAR|TAF
UIAA,Chita/Kadala Arpt,52.026,113.31,METAR|TAF
UIBB,Bratsk Arpt,56.365,101.716,METAR|TAF
UIII,Irkutsk Intl,52.273,104.38,METAR|TAF
UIIO,Ust-Ordynysky,52.825,104.734,METAR
UIKB,Bodajbo,57.865,114.239,METAR
UIKK,Kirensk,57.773,108.064,METAR
UINN,Nizhneudinsk,54.891,99.065,METAR
UIUH,Khorinsk,52.166,109.793,METAR
UIUU,Ulan-Ude Arpt,51.808,107.443,METAR|TAF
UKBB,Kiev/Borispil Arpt,50.34,30.896,METAR|TAF
UKCC,Donetsk Intl,48.074,37.74,METAR|TAF
UKCM,Mariupol Intl,47.075,37.452,METAR|TAF
UKCW,Luhansk Intl,48.417,39.374,METAR|TAF
UKDD,Dnipropetrovsk Intl,48.365,35.097,METAR|TAF
UKDE,Zaporizhia/Mokraya Intl,47.867,35.316,METAR|TAF
UKDR,Lozuvatka Intl,48.044,33.21,METAR|TAF
UKFF,Simferopol Intl,45.034,33.982,METAR|TAF
UKHH,Kharkiv Intl,49.925,36.29,METAR|TAF
UKII,Kishinev,47.017,28.983,METAR
UKKE,Cherkasy Arpt,49.416,31.995,METAR|TAF
UKKK,Kiev/Zhuliany Arpt,50.41,30.443,METAR|TAF
UKKM,Hostomel Arpt,50.603,30.192,METAR|TAF
UKLI,Ivano-Frankivsk Arpt,48.884,24.691,METAR|TAF
UKLL,Lviv Intl,49.812,23.956,METAR|TAF
UKLN,Chernovsty Intl,48.259,25.981,METAR|TAF
UKLR,Rivne Intl,50.608,26.145,METAR|TAF
UKLU,Uzhhorod Arpt,48.633,22.261,METAR|TAF
UKOH,Kherson Intl,46.676,32.506,METAR|TAF
UKON,Mykolaiv Arpt,47.058,31.92,METAR|TAF
UKOO,Odessa Intl,46.427,30.677,METAR|TAF
UKWW,Vinnitsa/Gavrishevka Arpt,49.242,28.614,METAR|TAF
ULAA,Arhangelsk/Talagi Arpt,64.599,40.712,METAR|TAF
ULDD,Amderma Arpt,69.761,61.576,METAR|TAF
ULKK,Kotlas Arpt,61.237,46.7,METAR|TAF
ULLI,St Petersburg/Pulkovo Arpt,59.798,30.267,METAR|TAF
ULMM,Murmansk Arpt,68.781,32.749,METAR|TAF
ULOL,Velikie Luki,56.381,30.602,METAR|TAF
ULOO,Pskov Arpt,57.79,28.397,METAR|TAF
ULPB,Petrozavodsk Arpt,61.885,34.155,METAR|TAF
ULWC,Botovo/Cherepovets Arpt,59.281,38.019,METAR|TAF
ULWT,Tot'Ma,59.981,42.769,METAR
ULWW,Vologda Arpt,59.283,39.943,METAR|TAF
UMBB,Brest Arpt,52.109,23.897,METAR|TAF
UMGG,Gomel Arpt,52.525,31.015,METAR|TAF
UMII,Vitebsk Arpt,55.133,30.36,METAR|TAF
UMIO,Orsha Arpt,54.44,30.297,METAR|TAF
UMKK,Kaliningrad/Khrabrovo Arpt,54.885,20.583,METAR|TAF
UMMG,Hrodna Arpt,53.602,24.056,METAR|TAF
UMMM,Minsk Intl,53.864,27.54,METAR|TAF
UMMS,Minsk Arpt,53.883,28.031,METAR|TAF
UMOO,Mogilev Arpt,53.954,30.1,METAR|TAF
UNAA,Abakan Intl,53.74,91.385,METAR|TAF
UNBB,Barnaul Arpt,53.362,83.54,METAR|TAF
UNEE,Kemerovo Intl,55.27,86.107,METAR|TAF
UNII,Enisejsk Arpt,58.473,92.113,METAR
UNKL,Krasnoyarsk Arpt,56.173,92.493,METAR|TAF
UNNN,Novosibirsk/Severny,55.091,82.906,METAR
UNNT,Novosibirsk/Tolmachevo Arpt,55.013,82.651,METAR|TAF
UNOO,Omsk Arpt,54.964,73.32,METAR|TAF
UNTT,Tomsk/Bogashevo Arpt,56.381,85.207,METAR|TAF
UNWW,Novokuznetsk Arpt,53.811,86.878,METAR|TAF
UOHH,Khantanga Arpt,71.977,102.476,METAR|TAF
UOII,Igarka Arpt,67.435,86.624,METAR|TAF
UOOO,Norilsk/Alykel Arpt,69.308,87.322,METAR|TAF
URFF,Simferopol Intl,45.036,33.986,METAR|TAF
URKA,Anapa Arpt,44.995,37.341,METAR|TAF
URKK,Krasnodar Arpt,45.033,39.15,METAR|TAF
URKM,Maykop Arpt,44.679,40.035,METAR|TAF
URMG,Grozny Arpt,43.387,45.702,METAR|TAF
URML,Makhachkala/Uytash Arpt,42.817,47.652,METAR|TAF
URMM,Mineralyne Vody Arpt,44.225,43.082,METAR|TAF
URMN,Nalchik Arpt,43.514,43.646,METAR|TAF
URMO,Vladikavkaz Arpt,43.204,44.608,METAR|TAF
URMT,Stavropol/Shpakovskoye Intl,45.108,42.1,METAR|TAF
URRP,Platov Intl,47.494,39.925,METAR|TAF
URRR,Rostov na Donu Arpt,47.258,39.818,METAR|TAF
URSS,Sochi Intl,43.438,39.926,METAR|TAF
URWA,Astrakhan Arpt,46.286,47.995,METAR|TAF
URWI,Elista Arpt,46.374,44.331,METAR|TAF
URWW,Volgograd Intl,48.788,44.336,METAR|TAF
USCC,Cheljabinsk Arpt,55.306,61.503,METAR|TAF
USCM,Magnitogorsk Intl,53.393,58.756,METAR|TAF
USDA,Sabette Arpt,71.216,72.05,METAR|TAF
USDD,Salekhard Arpt,66.591,66.611,METAR|TAF
USHH,Khanty-Mansijsk Arpt,61.029,69.086,METAR|TAF
USMM,Nadym Arpt,65.482,72.699,METAR|TAF
USMU,Novyi Urengoi Arpt,66.074,76.5,METAR|TAF
USNN,Nizhnevartovsk Arpt,60.959,76.497,METAR|TAF
USPP,Perm/Savino Arpt,57.914,56.021,METAR|TAF
USRK,Kogalym Intl,62.19,74.534,METAR|TAF
USRR,Surgut Intl,61.342,73.422,METAR|TAF
USSS,Yekaterinburg/Koltsovo Arpt,56.745,60.792,METAR|TAF
USTR,Tyumen/Roschino Intl,57.19,65.324,METAR|TAF
UTAA,Ashgabat Intl,37.975,58.371,METAR|TAF
UTAK,Turkmenbashi Arpt,40.054,53.007,METAR|TAF
UTAM,Mary Arpt,37.619,61.897,METAR|TAF
UTAT,Daşoguz Arpt,41.761,59.827,METAR|TAF
UTAV,Türkmenabat Arpt,39.083,63.613,METAR|TAF
UTDD,Dushanbe Arpt,38.543,68.825,METAR|TAF
UTDK,Kulob Arpt,37.988,69.805,METAR|TAF
UTDL,Khujand Arpt,40.215,69.695,METAR|TAF
UTDT,Qurghonteppa Intl,37.866,68.865,METAR|TAF
UUBC,Kaluga Intl,54.552,36.37,METAR|TAF
UUBI,Ivanovo/Yuzhny Arpt,56.939,40.946,METAR|TAF
UUBP,Bryansk Arpt,53.214,34.176,METAR|TAF
UUBW,Moscow/Ramenskoye Arpt,55.553,38.15,METAR|TAF
UUDD,Moscow/Domodedovo Arpt,55.409,37.906,METAR|TAF
UUDL,Yaroslav/Tunoshna Arpt,57.561,40.157,METAR|TAF
UUEE,Moscow/Sheremetyevo Intl,55.973,37.415,METAR|TAF
UUEM,Tver/Migalov,56.825,35.758,METAR|TAF
UUMO,Ostafyevo Intl,55.512,37.507,METAR|TAF
UUOB,Belgorod Intl,50.644,36.59,METAR|TAF
UUOK,Kursk/Vostochmy Arpt,51.751,36.297,METAR|TAF
UUOL,Lipetsk Arpt,52.702,39.534,METAR|TAF
UUOO,Voronez Intl,51.814,39.228,METAR|TAF
UUWW,Moscow/Vnukovo Arpt,55.592,37.261,METAR|TAF
UUYH,Ukhta Arpt,63.575,53.806,METAR|TAF
UUYS,Usinsk Arpt,66.002,57.373,METAR|TAF
UUYT,Ust-Kulom,61.686,53.683,METAR
UUYW,Vorkuta Arpt,67.488,64.002,METAR|TAF
UUYY,Syktyvkar Arpt,61.647,50.845,METAR|TAF
UWGG,Nizhny Novgorod Intl,56.225,43.786,METAR|TAF
UWKD,Kazan Intl,55.61,49.275,METAR|TAF
UWKE,Begishevo Arpt,55.566,52.1,METAR|TAF
UWKS,Cheboksary Arpt,56.09,47.347,METAR|TAF
UWLL,Ulyanovsk/Barataevka,54.274,48.236,METAR|TAF
UWLW,Ulyanovsk/Vostochny Arpt,54.402,48.8,METAR|TAF
UWOO,Orenburg Arpt,51.795,55.457,METAR|TAF
UWOR,Orsk Arpt,51.07,58.597,METAR|TAF
UWPP,Penza Arpt,53.123,45.019,METAR|TAF
UWPS,Saransk Arpt,54.116,45.203,METAR|TAF
UWSG,Saratov/Gagarin Arpt,51.713,46.171,METAR|TAF
UWSS,Saratov/Tsentralny Arpt,51.566,46.039,METAR|TAF
UWUU,Ufa Intl,54.57,55.87,METAR|TAF
UWWW,Samara/Kurumoch Intl,53.509,50.163,METAR|TAF
UZED,Dzizak,40.117,67.833,METAR
UZFA,Andijan Arpt,40.727,72.294,METAR|TAF
UZFF,Fergana Arpt,40.356,71.745,METAR|TAF
UZFN,Namangan Arpt,40.983,71.573,METAR|TAF
UZNN,Nukus Arpt,42.488,59.623,METAR|TAF
UZNU,Urgench Arpt,41.584,60.642,METAR|TAF
UZSA,Navoi Arpt,40.116,65.167,METAR|TAF
UZSB,Bukhara Arpt,39.775,64.483,METAR|TAF
UZSK,Karshi Arpt,38.804,65.773,METAR|TAF
UZSM,Tamdy,41.762,64.598,METAR
UZSS,Samarkand Arpt,39.7,66.974,METAR|TAF
UZST,Termez Arpt,37.287,67.318,METAR|TAF
UZTT,Taskent Intl,41.258,69.281,METAR|TAF
VAAH,Ahmadabad/Patel Intl,23.077,72.635,METAR|TAF
VAAK,Akola,20.699,77.059,METAR
VAAU,Aurangabad Arpt,19.863,75.398,METAR|TAF
VABB,Mumbai/Shivaji Intl,19.1,72.859,METAR|TAF
VABI,Bilaspur Arpt,21.988,82.111,METAR
VABJ,Bhuj-Rudramata Arpt,23.286,69.672,METAR|TAF
VABM,Belgaum Arpt,15.859,74.618,METAR|TAF
VABO,Vadodara Arpt,22.333,73.225,METAR|TAF
VABP,Bhopal/Raja Bhoj Arpt,23.288,77.337,METAR|TAF
VABV,Bhavnagar Arpt,21.752,72.185,METAR|TAF
VADU,Diu Arpt,20.714,70.923,METAR|TAF
VAGD,Gondia Arpt,21.467,80.2,METAR|TAF
VAHS,Rajkot Intl,22.3772,71.0374,METAR|TAF
VAID,Indore Arpt,22.722,75.801,METAR|TAF
VAJB,Jabalpur Arpt,23.178,80.05,METAR|TAF
VAJJ,Mumbai/Juhu Arpt,19.098,72.834,METAR
VAJL,Jalgaon Arpt,20.961,75.625,METAR|TAF
VAJM,Jamnagar Arpt,22.465,70.009,METAR|TAF
VAKD,Khandwa Arpt,21.857,76.337,METAR
VAKE,Kandla Arpt,23.15,70.117,METAR|TAF
VAKP,Kolhapur Arpt,16.664,74.287,METAR|TAF
VAKS,Keshod Arpt,21.317,70.27,METAR
VANP,Nagpur/Ambedkar Intl,21.089,79.055,METAR|TAF
VAOZ,Ozar Arpt,20.119,73.914,METAR|TAF
VAPO,Pune Intl,18.582,73.92,METAR|TAF
VAPR,Porbandar Arpt,21.649,69.657,METAR|TAF
VARK,Rajkot Arpt,22.309,70.779,TAF
VASD,Shirdi Intl,19.689,74.379,METAR|TAF
VASL,Solapur Arpt,17.627,75.935,METAR|TAF
VASU,Surat Arpt,21.114,72.742,METAR|TAF
VAUD,Udaipur/Pratap Arpt,24.618,73.896,METAR|TAF
VCBI,Katunayake/Bandaranaike Intl,7.181,79.884,METAR|TAF
VCCA,Anuradhapura,8.303,80.429,METAR
VCCB,Batticaloa,7.706,81.679,METAR
VCCC,Colombo/Ratmalana Arpt,6.822,79.886,METAR
VCCJ,Jaffna Intl,9.7931,80.0707,METAR
VCCT,Trincomalee,8.541,81.184,METAR
VCRI,Mattala/Rajapaksa Intl,6.287,81.125,METAR|TAF
VDKC,Kompong-Cham,12.029,105.441,METAR
VDPP,Phnom-Penh Intl,11.547,104.844,METAR|TAF
VDSA,Siem Reap-Ankr Intl,13.371,104.225,METAR|TAF
VDSR,Siem Reap Intl,13.409,103.811,METAR|TAF
VDSV,Sihanoukville Intl,10.582,103.637,METAR|TAF
VEAB,Allahabad Arpt,25.441,81.735,METAR|TAF
VEAN,Along Arpt,28.175,94.802,METAR|TAF
VEAT,Agartala Arpt,23.887,91.24,METAR|TAF
VEAY,Ayodhya Arpt,26.7484,82.1624,METAR|TAF
VEBD,Siliguri/Bagdogra Arpt,26.681,88.329,METAR|TAF
VEBI,Shillong Arpt,25.704,91.979,METAR|TAF
VEBN,Varanasi/Shastri Intl,25.452,82.859,METAR|TAF
VEBS,Bhubaneswar Intl,20.244,85.818,METAR|TAF
VEBU,Bilaspur Arpt,21.988,82.111,METAR|TAF
VECC,Kolkata/Bose Intl,22.651,88.445,METAR|TAF
VECO,Cooch Behar Arpt,26.331,89.467,METAR|TAF
VECX,Car Nicobar Arpt,9.15,92.817,METAR|TAF
VEDG,Durgapur/Kazi Nazrul Arpt,23.623,87.243,METAR|TAF
VEDO,Deoghar Arpt,24.446,86.707,METAR|TAF
VEDX,Kalaikuinda Arpt,22.339,87.214,TAF
VEDZ,Daporijo Arpt,27.985,94.222,METAR|TAF
VEGK,Gorakhpur Arpt,26.74,83.451,METAR|TAF
VEGT,Guwahati/Bordoloi Intl,26.107,91.587,METAR|TAF
VEGY,Gaya Arpt,24.744,84.951,METAR|TAF
VEHO,UNK,-99.99,-99.99,TAF
VEHX,Hasimara Arpt,26.6979,89.3689,METAR|TAF
VEIM,Imphal Arpt,24.76,93.897,METAR|TAF
VEJH,Jharsuguda Arpt,21.914,84.05,METAR|TAF
VEJP,Jeypore Arpt,18.8796,82.5525,TAF
VEJR,Jagdalpur Arpt,19.075,82.037,METAR|TAF
VEJS,Jamshedpur/Sonari Arpt,22.813,86.169,METAR|TAF
VEJT,Jorhat Arpt,26.731,94.175,METAR|TAF
VEKI,Kushinagar Arpt,26.776,83.889,METAR|TAF
VEKO,Khajuraho Arpt,24.817,79.919,METAR|TAF
VEKU,Silchar Kumbhigram Arpt,24.913,92.979,METAR|TAF
VELP,Lengpui Arpt,23.841,92.62,METAR|TAF
VELR,N Lakhimpur/Lilabari Arpt,27.296,94.098,METAR|TAF
VEMN,Dibrugarh Arpt,27.481,95.014,METAR|TAF
VEMR,Dimapur Arpt,25.884,93.771,METAR|TAF
VEPB,Port Blair,11.645,92.733,METAR
VEPG,Pasighat Arpt,28.065,95.337,TAF
VEPT,Patna/Narayan Intl,25.591,85.088,METAR|TAF
VEPU,Purnea Arpt,25.759,87.418,TAF
VEPY,Pakyong Arpt,27.228,88.587,METAR|TAF
VERB,Fursatganj Arpt,26.25,81.383,METAR
VERC,Ranchi/Bursa Munda Arpt,23.314,85.322,METAR|TAF
VERK,Rourkela Arpt,22.256,84.816,METAR|TAF
VERP,Raipur/Vivikenanda Arpt,21.182,81.738,METAR|TAF
VERU,Rupsi Arpt,26.14,89.91,METAR|TAF
VETJ,Tezu Arpt,27.941,96.134,METAR|TAF
VETZ,Tezpur Arpt,26.709,92.785,METAR|TAF
VEUK,Utkela Arpt,20.0976,83.1838,TAF
VEZO,Zero Arpt,27.588,93.828,METAR|TAF
VGCB,Cox's Bazar,21.452,91.964,METAR
VGEG,Chittogram/Amanat Intl,22.249,91.814,METAR|TAF
VGHS,Dhaka/Shahjalal Intl,23.846,90.4,METAR|TAF
VGIS,Ishurdi,24.15,89.051,METAR
VGJR,Jessore,23.184,89.161,METAR
VGRJ,Rajshahi Arpt,24.436,88.617,METAR
VGSY,Sylhet/Osmani Arpt,24.959,91.87,METAR
VGTJ,Dhaka/Tejgaon Arpt,23.779,90.383,METAR
VHCH,Cheung Chau,22.205,114.027,METAR
VHHH,Hong Kong Intl,22.309,113.922,METAR|TAF
VIAG,Agra Intl,27.156,77.961,METAR|TAF
VIAL,Allahabad/Bamhra,25.44,81.734,METAR
VIAM,Ambala Arpt,30.368,76.817,TAF
VIAR,Amritsar/Jee Intl,31.707,74.801,METAR|TAF
VIAW,Awantipur,33.876,74.976,TAF
VIAX,Adampur Arpt,31.434,75.758,TAF
VIBK,Nal Arpt,28.071,73.207,TAF
VIBN,Varanasi/Babatp,25.452,82.859,METAR|TAF
VIBR,Bhuntar Arpt,31.876,77.154,METAR|TAF
VIBT,Bhantinda Arpt,30.269,74.757,TAF
VIBY,Bareilly Arpt,28.421,79.452,METAR|TAF
VICG,Chandigarh/Singh Intl,30.677,76.789,METAR|TAF
VICX,Kanpur/Chakeri Arpt,26.404,80.41,METAR
VIDD,New Delhi/Safdarjung,28.583,77.211,METAR
VIDN,Dehradun Arpt,30.19,78.18,METAR|TAF
VIDP,New Delhi/Gandhi Intl,28.567,77.117,METAR|TAF
VIDX,Hindon,28.708,77.359,TAF
VIGG,Kangra Arpt,32.165,76.263,METAR|TAF
VIGR,Gwalior Arpt,26.293,78.228,METAR|TAF
VIHR,Hissar,29.178,75.755,METAR
VIHX,Halwar,30.748,75.629,TAF
VIJN,Jhansi Arpt,25.491,78.559,METAR
VIJO,Jodhpur Arpt,26.243,73.039,METAR|TAF
VIJP,Jaipur Intl,26.824,75.812,METAR|TAF
VIJR,Jaisalmer Arpt,26.889,70.865,METAR|TAF
VIJU,Jammu Arpt,32.689,74.837,METAR|TAF
VIKG,Kishangarh Arpt,26.591,74.816,METAR|TAF
VIKO,Kota Arpt,25.163,75.849,METAR|TAF
VILD,Ludhiana Arpt,30.855,75.953,METAR|TAF
VILH,Leh Kushok Bakula Arpt,34.136,77.546,METAR|TAF
VILK,Lucknow/Singh Arpt,26.761,80.889,METAR|TAF
VIPK,Pathankot Arpt,32.234,75.635,TAF
VIPT,Pantnagar Arpt,29.033,79.474,METAR|TAF
VISM,Shimla Arpt,31.082,77.068,METAR|TAF
VISP,Sarsawa Arpt,29.994,77.425,METAR|TAF
VISR,Srinagar Intl,33.987,74.774,METAR|TAF
VIST,Satna,24.567,80.833,METAR
VIUD,Udaipur Dabok,24.617,73.883,METAR
VIUT,Uttarlai Arpt,25.813,71.482,METAR|TAF
VLAP,Attopeu,14.815,106.822,METAR
VLIP,Pakse,15.117,105.167,METAR
VLLB,Luang-Prabang,19.897,102.161,METAR|TAF
VLLN,Luang Namtha Arpt,20.963,101.403,METAR|TAF
VLPS,Pakse Intl,15.132,105.781,METAR|TAF
VLSB,Sayaboury,19.244,101.709,METAR
VLSK,Savannakhet Arpt,16.557,104.76,METAR|TAF
VLSV,Salavan Arpt,15.71,106.412,METAR
VLTK,Thakhek,17.379,104.649,METAR
VLVT,Vientiane/Wattay Arpt,17.987,102.564,METAR|TAF
VMMC,Macao Intl,22.141,113.596,METAR|TAF
VNBW,Bhairawa Airpor,27.505,83.413,METAR
VNJL,Jumla,29.274,82.192,METAR
VNKT,Kathmandu/Tribhuvan Intl,27.697,85.359,METAR|TAF
VNPK,Pokhara Arpt,28.2,83.98,METAR
VNSI,Simra Arpt,27.16,84.98,METAR
VNSK,Surkhet,28.586,81.635,METAR
VNTJ,Taplejung/Suketar Arpt,27.351,87.696,METAR
VNVT,Biratnagar Arpt,26.482,87.264,METAR
VOAR,Arkonam Arpt,13.071,79.691,METAR|TAF
VOAT,Agatti Arpt,10.824,72.176,METAR|TAF
VOBG,Bangaluru/Hal Arpt,12.949,77.663,METAR|TAF
VOBI,Bellary,15.167,76.867,METAR
VOBL,Bangaluru Intl,13.205,77.704,METAR|TAF
VOBM,Belagavi Arpt,15.861,74.617,METAR|TAF
VOBR,Bidar Arpt,17.909,77.482,TAF
VOBX,Campbell Bay/Jatin Arpt,7.013,93.923,METAR|TAF
VOBZ,Vijayawada Arpt,16.53,80.797,METAR|TAF
VOCB,Coimbatore Arpt,11.03,77.043,METAR|TAF
VOCC,Kochi Naval Arpt,9.947,76.273,METAR|TAF
VOCI,Cochin Intl,10.152,76.402,METAR|TAF
VOCL,Calicut Intl,11.137,75.955,METAR|TAF
VOCP,Kadapa Arpt,14.513,78.771,METAR|TAF
VOCX,Car Nicobar,9.153,92.819,TAF
VODX,Shibpur,13.236,93.05,METAR
VOGA,Manohar Intl,15.7426,73.8631,METAR|TAF
VOGB,Kalaburagi Arpt,17.309,76.957,METAR|TAF
VOGO,Goa Intl,15.378,73.828,METAR|TAF
VOHB,Hubli Arpt,15.362,75.085,METAR|TAF
VOHS,Hyderabad/Gandhi Intl,17.233,78.429,METAR|TAF
VOHY,Hyderabad/Begumpet Arpt,17.453,78.468,METAR|TAF
VOJV,Jindal/Vijayanagar Arpt,15.174,76.635,METAR|TAF
VOKN,Kannur Intl,11.917,75.547,METAR|TAF
VOKU,Kurnool Arpt,15.716,78.169,METAR|TAF
VOKV,Kavaratti,10.542,72.616,TAF
VOLT,Latur Arpt,18.408,76.465,METAR|TAF
VOMD,Madurai Intl,9.835,78.093,METAR|TAF
VOML,Mangaluru Arpt,12.961,74.89,METAR|TAF
VOMM,Chennai Intl,12.994,80.18,METAR|TAF
VOMY,Mysuru Arpt,12.229,76.652,METAR|TAF
VOND,Nanded Arpt,19.181,77.333,METAR|TAF
VOPB,Port Blair/Veer Savarkar Intl,11.641,92.73,METAR|TAF
VOPC,Pondicherry Arpt,11.969,79.81,METAR
VORM,Ramnad Arpt,9.3253,78.9716,METAR
VORY,Rajahmundry Arpt,17.11,81.818,METAR|TAF
VOSH,Shivamogga/Kuvempu Arpt,13.857,75.615,METAR|TAF
VOSM,Salem Arpt,11.783,78.066,METAR
VOSR,Sindhudurg Arpt,16.001,73.534,METAR|TAF
VOTJ,Thanjavur Arpt,10.722,79.102,TAF
VOTK,Tuticorin Arpt,8.722,78.028,METAR
VOTP,Tirupati Arpt,13.633,79.543,METAR|TAF
VOTR,Tiruchchirapalli Arpt,10.765,78.71,METAR|TAF
VOTV,Thiruvananthapuram Intl,8.484,76.919,METAR|TAF
VOVR,Vellore,12.909,79.064,METAR
VOVZ,Vizagapatam Arpt,17.722,83.228,METAR|TAF
VQPR,Paro Intl,27.403,89.425,METAR
VRGN,Gan Isl,-0.693,73.156,METAR
VRMG,Gan Intl,-0.693,73.156,METAR|TAF
VRMH,Hanimaadhoo Intl,6.744,73.171,METAR|TAF
VRMM,Velana Intl,4.192,73.529,METAR|TAF
VTBC,Chanthaburi,12.61,102.104,METAR
VTBD,Bangkok Intl,13.913,100.607,METAR|TAF
VTBG,Kanchanaburi,14.067,99.363,METAR
VTBI,Prachin Buri,14.076,101.38,METAR
VTBJ,Phetchaburi,12.999,100.061,METAR
VTBO,Trat Arpt,12.275,102.319,METAR|TAF
VTBP,Prachuap Khirik,11.788,99.805,METAR
VTBS,Bangkok/Suvarnabhumi Arpt,13.686,100.767,METAR|TAF
VTBU,Rayong/U-Tapao Intl,12.68,101.001,METAR|TAF
VTCC,Chiang Mai Intl,18.771,98.963,METAR|TAF
VTCH,Mae Hong Son Arpt,19.302,97.972,METAR|TAF
VTCL,Lampang Arpt,18.277,99.502,METAR|TAF
VTCN,Nan Arpt,18.807,100.787,METAR|TAF
VTCP,Phrae Arpt,18.129,100.162,METAR|TAF
VTCR,Chiang Rai,19.956,99.885,METAR
VTCS,Mae Sariang,18.179,97.93,METAR
VTCT,Chiang Rai Intl,19.961,99.881,METAR|TAF
VTPB,Phetchabun Arpt,16.676,101.195,METAR|TAF
VTPH,Hua Hin Arpt,12.633,99.951,METAR|TAF
VTPM,Mae Sot Arpt,16.703,98.542,METAR|TAF
VTPN,Nakhon Sawan Arpt,15.672,100.135,METAR
VTPO,Sukhothai Arpt,17.238,99.818,METAR|TAF
VTPP,Phitsanulok Arpt,16.792,100.274,METAR|TAF
VTPT,Tak Arpt,16.897,99.254,METAR|TAF
VTPU,Uttaradit,17.674,100.235,METAR
VTSA,Satun,6.661,100.08,METAR
VTSB,Surat Thani Intl,9.133,99.152,METAR|TAF
VTSC,Narathiwat Arpt,6.52,101.743,METAR|TAF
VTSE,Chumphon Arpt,10.711,99.362,METAR|TAF
VTSF,Nakhon Si Thammarat Arpt,8.546,99.94,METAR|TAF
VTSG,Krabi Arpt,8.099,98.986,METAR|TAF
VTSH,Songkhla Arpt,7.184,100.604,METAR|TAF
VTSK,Pattani Arpt,6.79,101.147,METAR|TAF
VTSM,Samui Intl,9.548,100.062,METAR|TAF
VTSN,Nakhon Si Thamm,8.47,99.97,METAR
VTSP,Phuket Intl,8.105,98.308,METAR|TAF
VTSR,Ranong Arpt,9.773,98.587,METAR|TAF
VTSS,Hat Yai Intl,6.933,100.393,METAR|TAF
VTST,Trang Arpt,7.512,99.621,METAR|TAF
VTSY,Yala/Betong Arpt,5.788,101.147,METAR|TAF
VTUB,Mukdahan,16.533,104.717,METAR
VTUC,Chaiyaphum,15.812,102.029,METAR
VTUD,Udon Thani Arpt,17.382,102.799,METAR|TAF
VTUI,Sakon Nakhon Arpt,17.195,104.119,METAR|TAF
VTUK,Khon Kaen Arpt,16.462,102.786,METAR|TAF
VTUL,Loei Arpt,17.445,101.725,METAR|TAF
VTUM,Nong Khai,17.865,102.747,METAR
VTUN,Nakhon Ratchasi,14.954,102.072,METAR
VTUO,Buriram Arpt,15.227,103.244,METAR|TAF
VTUQ,Nakhon Ratchasima Arpt,14.95,102.313,METAR|TAF
VTUS,Sakon Nakhon,17.15,104.13,METAR
VTUU,Ubon Ratchathan Intl,15.251,104.87,METAR|TAF
VTUV,Roi Et Arpt,16.117,103.772,METAR|TAF
VTUW,Nakhon Phanom Arpt,17.384,104.643,METAR|TAF
VVCI,Haiphong/Cat Bi Intl,20.823,106.727,METAR|TAF
VVCR,Cam Ranh Intl,11.998,109.219,METAR|TAF
VVCT,Can Tho Intl,10.085,105.712,METAR|TAF
VVDN,Da Nang Intl,16.044,108.199,METAR|TAF
VVNB,Hanoi/Noi Bai Intl,21.218,105.805,METAR|TAF
VVNT,Nha Trang,12.228,109.19,METAR
VVPB,Huế/Phu Bai Arpt,16.399,107.699,METAR|TAF
VVPK,Pleiku City,14.005,108.017,METAR
VVPQ,Phu Quoc Arpt,10.169,103.995,METAR|TAF
VVQN,Quy Nhon,13.864,109.137,METAR
VVTS,Ho Chi Minh/Nhat Intl,10.817,106.667,METAR|TAF
VVVD,Van Don Intl,21.118,107.414,METAR|TAF
VVVH,Vinh,18.738,105.671,METAR
VYMD,Mandalay Intl,21.702,95.978,METAR|TAF
VYNT,Naypyitaw Intl,19.623,96.201,METAR|TAF
VYSW,Sittwe Arpt,20.134,92.873,METAR
VYYY,Yangon Intl,16.906,96.137,METAR|TAF
WAAA,Makassar/Hasanuddin Intl,-5.062,119.554,METAR|TAF
WAAB,Bau-Bau Arpt,-5.488,122.57,METAR
WABB,Biak/Kaisiepo Arpt,-1.19,136.108,METAR|TAF
WABI,Nabire,-3.389,135.392,METAR|TAF
WABN,Kokonao,-4.711,136.435,METAR
WABO,Serui,-1.874,136.239,METAR|TAF
WABP,Timika Moses Kilangi,-4.528,136.887,METAR
WABT,Enarotali,-3.926,136.377,METAR|TAF
WADD,Bali/Rai Intl,-8.748,115.167,METAR|TAF
WADL,Lombok Intl,-8.757,116.277,METAR|TAF
WAFB,UNK,-99.999,-99.999,TAF
WAFD,Bua Arpt,-3.084,120.245,TAF
WAFJ,Mamuju/Tampa Padang Arpt,-2.589,119.029,TAF
WAFM,Andi Jemma Arpt,-2.554,120.325,TAF
WAFO,Morowali Arpt,-2.202,121.662,TAF
WAHQ,Surakarta/Soemarmo Intl,-7.514,110.751,METAR
WAHS,Semarang/Uani Arpt,-6.973,110.375,METAR
WAJI,Sarmi,-1.871,138.752,METAR|TAF
WAJJ,Jayapura/Sentani Arpt,-2.573,140.514,METAR|TAF
WAJW,Wamena,-4.099,138.953,METAR|TAF
WAKK,Merauke/Mopah Arpt,-8.52,140.417,METAR|TAF
WAKT,Tanah Merah,-6.097,140.304,METAR|TAF
WALL,Sepinggan Intl,-1.268,116.894,METAR|TAF
WALS,Samarinda/Pranoto Intl,-0.371,117.255,TAF
WAMA,Galela,1.82,127.83,METAR|TAF
WAMG,Gorontalo Arpt,0.637,122.85,METAR|TAF
WAMH,Tahuna/Naha Arpt,3.683,125.528,METAR|TAF
WAMI,Toli-Toli/Lalos Arpt,1.123,120.796,METAR|TAF
WAML,Palu,-0.677,119.758,METAR
WAMM,Manado/Ratulangi Intl,1.541,124.926,METAR|TAF
WAMN,Melonguane Arpt,4.006,126.675,METAR|TAF
WAMP,Poso,-1.383,120.733,METAR|TAF
WAMT,Ternate/Babullah Arpt,0.831,127.381,METAR|TAF
WAMW,Luwuk Arpt,-1.039,122.772,METAR|TAF
WAOO,Banjarmasin/Syamsudin Noor Arpt,-3.44,114.759,METAR|TAF
WAPA,Amahai,-3.35,128.883,METAR|TAF
WAPC,Central Maluku/Bandaneira Arpt,-4.522,129.905,TAF
WAPH,Labuha,-1.617,124.55,METAR|TAF
WAPI,Saumlaki,-7.989,131.306,METAR|TAF
WAPN,Sanana,-2.097,125.964,METAR|TAF
WAPP,Ambon/Pattimura Arpt,-3.71,128.089,METAR|TAF
WAPR,Namlea,-3.25,127.083,METAR|TAF
WAPS,Saumlaki/Mathilda Batlayeri Arpt,-7.848,131.335,TAF
WAQA,Nunukan Arpt,4.137,117.667,TAF
WAQD,Tanjung Harapan Arpt,2.836,117.374,TAF
WAQJ,Yuvai Semaring Arpt,3.903,115.692,TAF
WAQQ,Juwata Intl,3.327,117.568,METAR|TAF
WAQT,Kalimarau Arpt,2.155,117.432,TAF
WARQ,Surakarta/Sumarmo Intl,-7.516,110.757,METAR|TAF
WARR,Surabaya/Juanda Intl,-7.38,112.787,METAR|TAF
WARS,Semarang/Uani Arpt,-6.973,110.375,METAR|TAF
WASF,Fak-Fak,-2.92,132.265,METAR|TAF
WASK,Kaimana Arpt,-3.65,133.694,METAR|TAF
WASR,Manokwari Arpt,-0.892,134.049,METAR|TAF
WASS,Sorong,-0.926,131.121,METAR|TAF
WATT,Kupang/El Tari Arpt,-10.172,123.671,METAR|TAF
WAWB,Betoambari Arpt,-5.487,122.569,TAF
WAWH,Aroeppala Arpt,-6.177,120.437,TAF
WAWP,Kolaka/Sangia Nibandera Arpt,-4.345,121.522,TAF
WAWS,Soroako Arpt,-2.529,121.357,TAF
WAWW,Kendari Arpt,-4.082,122.418,TAF
WAYY,Timika/Mozes Kilangin Intl,-4.528,136.887,METAR
WBGB,Bintulu Arpt,3.12,113.025,METAR|TAF
WBGG,Kuching Intl,1.484,110.34,METAR|TAF
WBGR,Miri Arpt,4.322,113.987,METAR|TAF
WBGS,Sibu Arpt,2.264,111.983,METAR|TAF
WBGY,Sri Aman,1.222,111.466,METAR
WBKK,Kota Kinabalu Intl,5.937,116.051,METAR|TAF
WBKL,Labuan Intl,5.301,115.25,METAR|TAF
WBKS,Sandakan Arpt,5.901,118.059,METAR|TAF
WBKT,Kudat Arpt,6.922,116.837,METAR
WBKW,Tawau Arpt,4.316,118.119,METAR|TAF
WBSB,Brunei Intl,4.944,114.928,METAR|TAF
WIAA,Sabang,5.875,95.335,METAR
WIAG,Menggala,-4.612,105.23,METAR
WIAM,Tasikmalaya / C,-7.33,108.25,METAR
WIAR,Madiun,-7.617,111.517,METAR
WIAS,Malang,-7.967,112.7,METAR
WIBB,Pakanbaru/Kasim Arpt,0.461,101.445,METAR|TAF
WIDD,Batam/Hang Nadim,1.121,104.119,METAR|TAF
WIDN,Tanjung Pinang Arpt,0.923,104.532,METAR
WIEE,Padang/Minangkabau Intl,-0.783,100.283,METAR|TAF
WIHH,Jakarta/Perdanakusum,-6.267,106.891,METAR|TAF
WIIA,Curug/Budiarto Arpt,-6.293,106.573,METAR
WIIB,Bandung,-6.901,107.576,METAR
WIIH,Halim Intl,-6.25,106.9,METAR|TAF
WIII,Jakarta/Hatta Intl,-6.125,106.659,METAR|TAF
WIIJ,Jogyakarta,-7.788,110.432,METAR
WIIL,Cilacap,-7.73,109.02,METAR
WIKD,Tanjungpandan,-2.75,107.75,METAR
WIKK,Pangkalpinang,-2.17,106.13,METAR
WIKS,Singkep,-0.479,104.579,METAR
WILL,Bandar Lampung Intl,-5.242,105.179,METAR
WIMB,Gunung Sitoli/Binaka,1.166,97.705,METAR
WIMG,Padang,-0.875,100.352,METAR
WIMM,Medan/Kualanamu Intl,3.636,98.874,METAR|TAF
WIMS,Sibolga/Tobang Arpt,1.556,98.889,METAR
WIOI,Singkawang II,1.083,109.694,METAR
WIOK,Ketapang,-1.85,109.967,METAR
WION,Ranai,3.913,108.388,METAR
WIOO,Pontianak/Supadio Arpt,-0.151,109.404,METAR|TAF
WIOS,Sintang,0.117,111.533,METAR
WIPA,Jambi,-1.638,103.644,METAR|TAF
WIPB,Lubuklinggau Arpt,-3.283,102.917,TAF
WIPH,Kerinci,-2.767,101.367,METAR|TAF
WIPL,Bengkulu,-3.883,102.333,METAR|TAF
WIPP,Palembang/Badaruddin Arpt,-2.898,104.7,METAR|TAF
WIPR,Rengat/Japura Arpt,-0.353,102.335,METAR
WIPT,Padang/Minangkabau Intl,-0.794,100.289,METAR
WIPY,Atung Bungsu Arpt,-4.025,103.378,METAR|TAF
WITM,Lhokseumawe/Saleh Arpt,5.227,96.95,METAR
WITT,Banda Aceh,5.524,95.42,METAR|TAF
WMAP,Kluang Arpt,2.017,103.317,TAF
WMAU,Mersing Arpt,2.387,103.876,METAR
WMBA,Sitiawan Arpt,4.221,100.701,METAR
WMBT,Pulau Tioman Arpt,2.818,104.16,TAF
WMKA,Alor Setar/Halim Arpt,6.19,100.398,METAR|TAF
WMKB,Butterworth Arpt,5.466,100.391,METAR|TAF
WMKC,Kota Bharu Arpt,6.167,102.293,METAR|TAF
WMKD,Kuantan Arpt,3.775,103.209,METAR|TAF
WMKE,Kerteh Arpt,4.537,103.427,METAR|TAF
WMKI,Ipoh/Azlan Shah Arpt,4.568,101.092,METAR|TAF
WMKJ,Johore Bharu/Senai Arpt,1.641,103.67,METAR|TAF
WMKK,Kuala Lumpur Intl,2.747,101.714,METAR|TAF
WMKL,Langkawi Arpt,6.33,99.729,METAR|TAF
WMKM,Malacca Arpt,2.263,102.252,METAR|TAF
WMKN,Kuala Terengganu Arpt,5.383,103.103,METAR|TAF
WMKP,Penang Intl,5.297,100.277,METAR|TAF
WMPA,Pulau Pangkor Arpt,4.245,100.553,TAF
WMSA,Kuala Lumpur/Shah Arpt,3.13,101.552,METAR|TAF
WPDL,Dilli/Lobato Arpt,-8.546,125.529,METAR|TAF
WPEC,Baucau,-8.486,126.399,METAR
WSAP,Singapore/Pays,1.36,103.909,METAR|TAF
WSSL,Singapore/Seletar Arpt,1.417,103.866,METAR|TAF
WSSS,Singapore/Changi Intl,1.368,103.982,METAR|TAF
YABA,Albany Rgnl,-34.94,117.805,METAR
YAMB,Amberly,-27.63,152.711,METAR|TAF
YARG,Argyle Arpt,-16.632,128.449,METAR
YAYE,Ayers Rock Arpt,-25.173,130.975,METAR
YAYT,Ayton,-15.921,145.353,METAR
YBAF,Archerfield Arpt,-27.572,153.008,METAR
YBAS,Alice Springs Arpt,-23.795,133.889,METAR|TAF
YBBN,Brisbane Intl,-27.391,153.13,METAR|TAF
YBCG,Coolangatta/Gold Coast Arpt,-28.168,153.505,METAR|TAF
YBCS,Cairns Intl,-16.874,145.745,METAR|TAF
YBCV,Charleville Arpt,-26.414,146.256,METAR
YBDV,Birdsville Arpt,-25.898,139.347,METAR
YBGL,Gladstone,-23.85,151.25,METAR
YBHI,Broken Hill Arpt,-32.001,141.469,METAR
YBHM,Hamilton Island Arpt,-20.357,148.949,METAR|TAF
YBLN,Busselton Rgnl,-33.688,115.402,METAR|TAF
YBMA,Mount Isa Arpt,-20.678,139.488,METAR|TAF
YBMK,Mackay Arpt,-21.171,149.183,METAR
YBNA,Ballina Byron Arpt,-28.835,153.558,METAR
YBOK,Oakey Arpt,-27.403,151.741,METAR
YBPN,Proserpine Arpt,-20.492,148.555,METAR
YBRK,Rockhampton Arpt,-23.375,150.477,METAR|TAF
YBRM,Broome Arpt,-17.948,122.235,METAR|TAF
YBSU,Sunshine Coast Arpt,-26.603,153.091,METAR|TAF
YBTL,Townsville Arpt,-19.248,146.766,METAR|TAF
YBUD,Bundaberg Arpt,-24.907,152.32,METAR
YBWP,Weipa Arpt,-12.678,141.92,METAR
YBWW,Toowoomba/Wellcamp Arpt,-27.558,151.793,METAR|TAF
YBWX,Barrow Isl Arpt,-20.864,115.406,METAR
YCAR,Carnarvon Arpt,-24.888,113.67,METAR
YCAS,Casino Arpt,-28.879,153.053,METAR
YCBA,Cobar Arpt,-31.539,145.796,METAR
YCBB,Coonabarabran Arpt,-31.33,149.27,METAR
YCBP,Coober Pedy Arpt,-29.035,134.722,METAR
YCCY,Cloncurry Arpt,-20.666,140.505,METAR
YCDU,Ceduna Arpt,-32.128,133.702,METAR
YCFS,Coffs Harbour Arpt,-30.317,153.119,METAR|TAF
YCIN,Curtin,-17.574,123.831,METAR|TAF
YCNM,Coonamble Arpt,-30.978,148.38,METAR
YCOM,Cooma/Snowy Mtn Arpt,-36.294,148.972,METAR
YDBY,Derby Arpt,-17.37,123.661,METAR
YDGV,Gove Airport,-12.27,136.82,METAR
YDTC,Tennant Creek Arpt,-19.63,134.17,METAR
YDYL,Yulara Aws,-25.18,130.97,METAR
YEML,Emerald Arpt,-23.569,148.176,METAR
YESP,Esperance Arpt,-33.682,121.828,METAR
YFRT,Forrest Arpt,-30.848,128.114,METAR|TAF
YGEL,Geraldton Arpt,-28.805,114.699,METAR|TAF
YGFN,Grafton Arpt,-29.758,153.03,METAR
YGLA,Gladstone Arpt,-23.87,151.221,METAR|TAF
YGTE,Groote Eylandt Arpt,-13.975,136.463,METAR
YGTH,Griffith Arpt,-34.249,146.07,METAR
YHID,Horn Island Arpt,-10.584,142.29,METAR|TAF
YHUG,Hughenden Arpt,-20.819,144.233,METAR
YKRY,Kingaroy Arpt,-26.574,151.84,METAR
YLEC,Leigh Creek Arpt,-30.598,138.426,METAR
YLHI,Lord Howe Island Arpt,-31.538,159.077,METAR|TAF
YLIS,Lismore Arpt,-28.831,153.26,METAR
YLRE,Longreach Arpt,-23.434,144.28,METAR
YMAV,Avalon Arpt,-38.029,144.478,METAR|TAF
YMAY,Albury Arpt,-36.068,146.958,METAR
YMDG,Mudgee Arpt,-32.563,149.615,METAR
YMEK,Meetatharra Arpt,-26.612,118.548,METAR
YMEN,Melbourne/Essendon F,-37.728,144.902,METAR
YMER,Merimbula Arpt,-36.91,149.9,METAR
YMES,East Sale Arpt,-38.098,147.148,METAR
YMHB,Hobart Intl,-42.834,147.503,METAR|TAF
YMIA,Mildura Arpt,-34.229,142.086,METAR
YMLT,Launceston Arpt,-41.544,147.213,METAR|TAF
YMLV,Laverton Arpt,-37.856,144.757,METAR
YMMB,Moorabbin Arpt,-37.98,145.096,METAR
YMMI,Murrin Murrin Arpt,-28.705,121.891,METAR
YMML,Melbourne Intl,-37.666,144.832,METAR|TAF
YMMQ,Macquarie Island,-54.499,158.937,METAR
YMOR,Moree Arpt,-29.49,149.847,METAR
YMTG,Mt Gambier Arpt,-37.746,140.785,METAR
YMWY,Wynyard West,-40.98,145.72,METAR
YNAR,Narrandera Arpt,-34.705,146.514,METAR
YNBR,Narrabri Arpt,-30.315,149.83,METAR
YNTN,Normanton Arpt,-17.687,141.073,METAR
YNWN,Newman Arpt,-23.417,119.799,METAR
YOLD,Olympic Dam Arpt,-30.483,136.877,METAR|TAF
YPAD,Adelaide Intl,-34.952,138.52,METAR|TAF
YPBH,Broken Hill Pat,-31.97,141.47,METAR
YPBO,Paraburdoo Arpt,-23.172,117.749,METAR
YPCC,Cocos Isl Intl,-12.189,96.834,METAR|TAF
YPDN,Darwin Intl,-12.424,130.893,METAR|TAF
YPEA,Bullsbrook/Pearce RA,-31.667,116.019,METAR|TAF
YPED,Edinburgh MO,-34.711,138.622,METAR
YPFT,Forrest Airport,-30.83,128.1,METAR
YPGN,Geraldton Airpo,-28.78,114.7,METAR
YPGV,Gove Arpt,-12.274,136.82,METAR|TAF
YPJT,Perth/Jandakot Arpt,-32.101,115.879,METAR|TAF
YPKG,Kalgoorlie/Boulder Arpt,-30.785,121.453,METAR|TAF
YPKU,Kununurra Arpt,-15.781,128.71,METAR|TAF
YPLM,Learmonth Arpt,-22.241,114.097,METAR|TAF
YPMQ,Port Macquarie Arpt,-31.434,152.866,METAR
YPMR,Meekatharra Air,-26.6,118.53,METAR
YPPD,Port Hedland Intl,-20.372,118.632,METAR|TAF
YPPF,Parafield Arpt,-34.798,138.628,METAR
YPPH,Perth Intl,-31.927,115.976,METAR|TAF
YPTN,Tindal Arpt,-14.523,132.383,METAR|TAF
YPWR,Woomera Arpt,-31.156,136.805,METAR|TAF
YPXM,Christmas Isl Arpt,-10.453,105.688,METAR|TAF
YRMD,Richmond Arpt,-20.7,143.116,METAR|TAF
YSBK,Bankstown Arpt,-33.918,150.987,METAR
YSCB,Canberra Intl,-35.309,149.2,METAR|TAF
YSCM,Cooma,-36.23,149.08,METAR
YSCN,Camden Airport,-34.039,150.689,METAR
YSDU,Dubbo Rgnl,-32.221,148.575,METAR|TAF
YSNF,Norfolk Island Arpt,-29.039,167.941,METAR|TAF
YSNW,Nowra Arpt,-34.947,150.535,METAR|TAF
YSRI,Richmond,-33.601,150.777,METAR|TAF
YSSY,Sydney Intl,-33.946,151.173,METAR|TAF
YSTW,Tamworth Arpt,-31.084,150.847,METAR|TAF
YSWG,Wagga Arpt,-35.158,147.457,METAR|TAF
YSWM,Williamtown Aer,-32.78,151.82,METAR
YTEF,Telfer Arpt,-21.715,122.229,METAR|TAF
YTNK,Tennant Creek Arpt,-19.634,134.183,METAR|TAF
YTRE,Taree Arpt,-31.889,152.514,METAR|TAF
YWGT,Wangaratta Arpt,-36.421,146.305,METAR|TAF
YWHA,Whyalla Arpt,-33.054,137.521,METAR|TAF
YWLM,Williamtown/New Castle Arpt,-32.794,151.836,METAR|TAF
ZBAA,Beijing Intl,40.082,116.603,METAR|TAF
ZBAD,Beijing/Daxing Arpt,39.501,116.412,METAR|TAF
ZBDS,Ordos/Ejin Horo Arpt,39.49,109.861,METAR
ZBHH,Hohhot/Baita Intl,40.854,111.827,METAR|TAF
ZBSJ,Zhengding Arpt,38.281,114.697,METAR|TAF
ZBTJ,Tianjin/Binhai Intl,39.124,117.346,METAR|TAF
ZBYN,Taiyuan/Wusu Intl,37.747,112.628,METAR|TAF
ZGCS,Changsha,28.2,113.083,METAR
ZGDY,Zhandjiajie/Hehua Intl,29.1033,110.4431,METAR
ZGGG,Guangzhou/Baiyun Intl,23.392,113.307,METAR|TAF
ZGHA,Changsha/Huanghua Arpt,28.18,113.219,METAR|TAF
ZGHK,Haikou,20.03,110.35,METAR
ZGKL,Guilin/Liangjiang Intl,25.22,110.04,METAR|TAF
ZGNN,Nanning/Wuwei Intl,22.609,108.173,METAR|TAF
ZGOW,Jieyang/Chaoshan Intl,23.55,116.505,METAR|TAF
ZGSZ,Shenzhen/Boan Intl,22.639,113.803,METAR|TAF
ZGZJ,Zhanjiang Arpt,21.214,110.359,METAR
ZHCC,Zhengzhou/Xinzheng Arpt,34.52,113.834,METAR|TAF
ZHEC,Ezhou Huahu Arpt,30.34237,115.03893,METAR|TAF
ZHHH,Wuhan/Tianhe Intl,30.783,114.205,METAR|TAF
ZJHK,Haikou/Meilan Intl,19.934,110.445,METAR|TAF
ZJSY,Sanya/Phoenix Intl,18.303,109.412,METAR|TAF
ZKKC,Kimchaek,40.699,129.208,METAR
ZKPY,Pyongyang Intl,39.204,125.672,METAR|TAF
ZKWS,Wonsan/Kalma Intl,39.166,127.484,TAF
ZLIC,Yinchuan/Hedong Arpt,38.323,106.392,METAR
ZLJQ,Jiuquan Arpt,39.86,98.338,METAR
ZLLL,Lanzhou/Zhongchuan Arpt,36.513,103.623,METAR|TAF
ZLSN,Xi'An,34.3,108.93,METAR
ZLXN,Xining Arpt,36.528,102.04,METAR
ZLXY,Xianyang Intl,34.449,108.752,METAR|TAF
ZLYA,Yan An Arpt,36.637,109.553,METAR
ZMCK,Ulaanbaatar Intl,47.651,106.822,METAR|TAF
ZMUB,Ulan-Bator/Khaan Arpt,47.843,106.766,METAR|TAF
ZPPP,Kunming/Changshui Intl,25.107,102.934,METAR|TAF
ZSAM,Xiamen-Gaoqi Intl,24.546,118.131,METAR|TAF
ZSCN,Nanchang/Changbei Intl,28.863,115.902,METAR
ZSFZ,Fuzhou/Changle Intl,25.936,119.666,METAR|TAF
ZSGZ,Ganzhou,25.867,115,METAR
ZSHC,Hangzhou/Xiaoshan Intl,30.229,120.434,METAR|TAF
ZSJN,Jinan Yaoqiang Intl,36.856,117.206,METAR|TAF
ZSNB,Ningbo/Lishe Intl,29.827,121.462,METAR|TAF
ZSNJ,Nanjing/Lukou Intl,31.739,118.863,METAR|TAF
ZSNT,Rengang,32.02,120.85,METAR|TAF
ZSOF,Hefei/Xinqiao Intl,31.99,116.965,METAR|TAF
ZSPD,Shanghai/Pudong Intl,31.146,121.8,METAR|TAF
ZSQD,Qingdao/Jiaodong Arpt,36.362,120.087,METAR|TAF
ZSQZ,Quanzhou/Jinjiang Arpt,24.7968,118.5889,TAF
ZSSS,Shanghai/Hongqiao Intl,31.209,121.337,METAR|TAF
ZSTN,Jinan,36.6,117.05,METAR
ZSWZ,Wenzhou/Yongqiang Arpt,27.912,120.852,METAR
ZSYT,Yantai/Penglai Arpt,37.402,121.372,METAR
ZUCK,Chongqing/Jiangbei Intl,29.718,106.639,METAR|TAF
ZUGY,Guizhou/Longdongbao Arpt,26.538,106.801,METAR|TAF
ZULS,Lhasa/Gongga Arpt,29.294,90.9,METAR|TAF
ZUTF,Chengdu/Tianfu Arpt,30.304,104.436,METAR
ZUUU,Chengdu/Shuangliu Intl,30.576,103.95,METAR|TAF
ZWHM,Hami,42.843,93.664,METAR
ZWSH,Kashgar Arpt,39.542,76.019,METAR|TAF
ZWTN,Hotan,37.147,79.97,METAR
ZWWW,Ürümqi/Diwopu Arpt,43.907,87.474,METAR|TAF
ZWYN,Yining,43.956,81.33,METAR
ZYCC,Changchun/Longjia Intl,43.993,125.682,METAR|TAF
ZYHB,Harbin/Taiping Arpt,45.628,126.259,METAR|TAF
ZYQQ,Qiqihar,47.238,123.919,METAR
ZYTL,Dalian/Zhoushuizi Intl,38.961,121.556,METAR|TAF
ZYTX,Shenyang/Taoxian Intl,41.639,123.485,METAR|TAF
